Bwd Header Length,Fwd Seg Size Min,Bwd Packet Length Std,Total Backward Packets,Avg Fwd Segment Size,Bwd Packets/s,Fwd Packet Length Mean,Fwd Packet Length Max,Subflow Bwd Packets,Init Bwd Win Bytes,Fwd Packet Length Std,Packet Length Mean,Packet Length Variance,Fwd IAT Std,Packet Length Std,Flow IAT Std,Flow IAT Max,Fwd IAT Total,Subflow Fwd Bytes,Fwd PSH Flags,Init Fwd Win Bytes,Fwd IAT Max,Bwd Packet Length Mean,Subflow Bwd Bytes,Fwd Header Length,Active Max,Fwd Packets Length Total,Bwd Packet Length Max,Packet Length Max,Flow Bytes/s,Active Mean,Avg Packet Size,Fwd Packets/s,Bwd Packets Length Total,Flow IAT Min,Label
114.39972081404117,0.8988309024474213,8.151637497394205,57.482710499767656,217.52089491820007,82.5476744450188,240.6113726963452,114.19337796471834,0.14456387127264558,145.88409256780054,5.793759975175783,351.6846035975943,161.81736056503496,152.053432415913,63.70984695271458,176.21044210004425,33.17646415448562,234.83075920034233,1.940237923887231,141.43809027850062,130.22709305762694,489.62575538569826,90.7877428954525,20.822230940988497,9.142890501209223,59.099641591186256,185.08069285986315,18.666747372046785,94.94970869156863,174.61346261745007,17.44316584476218,2.985058855271681,163.33750470563325,23.7511502745551,186.36599291312743,WebAttack
30.755873810548255,55.185579095173445,3.099903894085688,18.67202597654618,31.06897743315058,80.2439847932218,63.43488778345383,27.329187699657158,11.883600342365181,10.022909718891894,11.2804922946292,21.258581155620114,5.273001072995651,3.58037999735714,113.9817597795903,131.5902999338739,28.73507456928485,152.53672994536703,211.0906779004749,28.793601977262433,37.76527088819717,14.787261016011142,13.120576683843058,0.4381141150290552,39.7957719197808,7.55610166808107,25.53403664784607,32.352568366291074,106.07684927225213,2.468369245006509,13.136215392977995,7.547525515950661,4.018527897171904,71.44327247464301,47.50653736643106,Normal
26.762816176647856,170.2473270763078,156.08428274842987,73.29446133748048,246.0528673467754,1.891650589440992,367.2277080409343,433.78006671481097,17.210077153798167,33.338100519852055,55.01974039748574,11.597345885610173,93.96125977171026,23.882743503229516,98.92272865319974,75.98301688110337,65.1242964720359,17.135086987015413,44.7016449726304,152.01597452586134,189.3621229919009,12.377872464481195,8.03967915543183,51.869890659504605,11.041277725142137,185.59067397721608,195.88859203711343,132.79141680845578,46.35200141190107,11.176211505066913,3.985566964157581,115.63241108647264,105.71764422043468,37.78344673823161,106.33996589035873,Bot
17678.52508141982,228.2450045252615,706.7270505061771,10.179918744719114,40.26672183045338,74.82059038467524,2890.4847309747624,7136.909916105753,397.96607244899843,6516.954698693693,9480.53684533453,6.412420975487135,11288.362978214296,75.99263694953157,4055.4286967741637,23.399469059721675,332.8878739811501,212.43866759510203,4157.203629756076,147.16414223083137,8129.857847328499,16.431483078376306,8368.77935187721,7025.722301516654,3003.2603260732594,104.65099652627741,7.590473041471664,14352.67301020732,362.73185733927335,5317.670302981662,231.87574184628562,133.5666711416303,152.3823845874309,650.7646039431936,246.5331325662771,DDoS
86.13816714298854,62.33114345633207,332.5549168620417,45.623242511902035,169.5745912470398,235.92791849441662,16.33981352501143,64.96947640878176,74.4749065360811,64.19845489832676,174.57438273071827,5.09680952555381,26.951360433884158,21.140971106244617,8.793611264164818,25.918045779583604,38.060022944001815,39.194419486140625,3.1166716505324197,72.77396615529122,17.294718734860314,52.87907780443321,65.30574929023722,90.43282281129733,47.68084815752741,8.619610871974023,1.1852356065090908,49.879869997916124,158.6308118344306,349.9803503370557,131.24902477191256,44.29386796314665,267.49922833323956,239.74654579800165,145.29437617318476,Bot
2.2308043404995725,138.69980382226095,51.674925067948486,35.38972920500424,319.96176306687516,24.467682316313518,93.45115451073124,49.435588547631305,158.70058412995655,9.94844687802149,205.1303007545413,160.54454963369759,88.41682274582601,2.620334656528155,145.56763415070114,128.05788901915537,33.627876902758345,110.45774630369512,66.77189877193696,187.10837935038543,163.30687380627108,2.047911688041573,94.3232281117025,3.2909400215719966,118.7904501597819,28.47155084344079,318.96643662927085,184.22020064527518,211.35583744053696,84.22138038873088,115.8027180905736,35.56101877521889,48.85851036792629,30.71858824180385,197.72390369810398,WebAttack
7013.899565063762,17.7093614344032,735.2470325195527,53.98377142250565,189.43971912379502,125.05418368934207,4171.477383548463,1190.8004380125142,76.35203544200118,4056.7510881904855,3079.3547058402137,1995.688369837256,2037.9704699499837,3.8372884357586736,2255.0945724144626,112.32594135000778,23.340366506881683,11.734559602231293,4006.138783781573,159.97446423326463,240.68702320338548,18.450906230973725,4174.762457893347,12201.026508827552,4270.358942158252,73.02637687182238,23286.275122073508,11044.123485096245,2688.775413116095,14582.093886523868,136.66803001597972,38.840478183706125,17.33138783307043,1147.6773491986728,55.772257917383925,DDoS
6.400471402944356,5.878696214556742,2.7724099377751,3.1109923989233943,5.184417153224824,8.454065969340913,1.2622503524059492,7.257380713278834,9.956742234799547,7.4973288007119,4.415711151322581,7.316745697402229,8.60686471409858,7.685000997344731,0.12757501956892514,1.3149351505446372,1.0714261073818443,0.31825945607647954,7.145230014586309,2.6737344510282925,7.219566065664371,6.66098439679374,5.23611154101697,0.5971422357764078,3.0530622269596517,0.27114749293491003,9.100202412209905,3.0863361616582887,0.949495532757112,0.025181163521733607,6.115126652128509,6.209690496423085,9.949252926436673,2.8860918757777543,0.4652519655545906,PortScan
574.7545950968022,91.01058370117066,10709.613411664976,58.778631816013714,91.99658942497344,279.81862194074847,1105.8105341699459,4144.433505980581,149.96042199695185,7035.678477105141,5185.453216577056,1184.6139979143734,2178.3218710628535,7.737363695525576,6545.210683006323,11.421909553288117,0.9508375586521083,28.202124443867387,3039.5628381778624,21.922862043115966,5528.662792703292,35.24182115454699,2886.467307979468,6589.636727646097,2380.140763003581,69.53723903152682,1677.9036966710944,3364.675285890682,907.643442371643,608.6545324205874,336.38790151199396,113.31132578619571,117.00987093055117,1865.427911913309,42.39123271223129,DDoS
5.361984444582926,35.763070488388664,8.270335151111318,7.258594763317185,48.414115396494175,2.1776799615778537,12.286771374975498,36.11940986199542,11.25811523331311,106.41062810691895,17.671140852766566,43.55821901649561,87.85271009355114,25.83181904241637,110.0822103451019,20.372549922639145,5.556916451939474,15.33728722488767,14.786425583597772,5.543995897464747,72.50869832666922,24.66715634160172,36.40336220690392,47.654613125310796,49.80386081643616,103.68945707864592,103.7787595824584,114.58356772716533,22.28524490313251,51.649200082307225,113.4634109160467,93.72554616854374,135.6501217588572,145.47274714183413,65.1333685436928,Normal
60.482942651161245,25.318474548227915,72.65206880548816,132.9897666684891,108.10133639138098,4.582491225851152,13.916908195297772,38.29417101140359,16.322542054763204,1.516408755588773,21.496836426375726,34.36375940007278,40.871810428350024,105.86100033036503,29.965558158716952,14.350554646334151,82.20827187026251,2.2209642288074547,9.846335373644266,98.80451001083942,4.288707548886476,55.64592378043336,44.26099437917077,139.2502221219883,7.7590705814579275,82.28258351453685,25.71177623852102,15.692861585904296,90.39988326915538,37.45833024556854,4.696549944223567,34.75019001427541,59.33471693395218,203.43544192520343,7.672958274752551,Normal
34.45451574781524,32.578158553661986,37.27206776422603,65.92184609255727,40.55651256099823,168.5338904043506,72.13220628917057,52.29378992986946,25.942012069440246,143.61279240852815,48.657699486769594,49.12913808327341,332.91233288499114,5.915711641694492,52.49805962374795,92.37395270632976,138.05564010369895,132.2998789266866,32.47903160231513,0.7409990199945111,110.5369221546447,89.10615083907022,9.221134216458141,70.70919816458135,20.544824164618685,12.133187746731018,85.31519003925713,112.11308095138541,96.7897157792359,36.81201272516198,92.5720247544553,61.05453419197535,71.94574536060682,127.31314311721155,90.43073920144708,Bot
36.20047116550783,71.83971542486645,22.175873616415025,127.15889926083864,27.82911781728329,72.70091795499397,75.15935950272835,81.78911523596042,28.532846004055955,74.7032816294225,187.5913026465372,29.741451045496913,42.77255928656624,120.6990853738269,22.89176332999133,303.4809090507148,145.2332950940178,145.70341078894972,125.51710486544788,37.22866994069895,60.95027334204589,71.72839401436035,77.04952858774533,138.60453731024808,37.518495314397846,60.67611255970965,349.62103896377823,286.9132014946973,35.79785179705903,110.2755389024073,24.834822528284608,41.05999456464052,39.12788129271026,107.18471367891557,265.13028086310965,Bot
11.546972816613115,19.58261109358141,4.792976915819605,16.589256366996523,124.97686967449515,22.576679704460524,39.100059790779454,21.730032551597922,2.785783823928317,29.474262345580726,22.173522240219796,213.56651118118916,67.32110321553724,7.696853794967294,5.0810384211657835,12.935157619763855,48.64626328288993,5.763106136381917,23.246263973164698,19.601839895187958,22.632376431192387,12.379811909453897,10.229149649177986,26.799223148902357,0.45417265568030746,61.434965696332846,12.461295973355396,20.640538133631576,45.04038050044074,9.352962592090108,46.9912720264153,8.37686340343384,162.0764897832201,42.466915126250875,61.08357842459999,Normal
60.79698402390461,3.099839901582428,138.4827588374584,66.72750668506579,46.185433932999956,86.77096327224494,42.376015783012825,43.8414484207661,46.27814099733706,21.240945355821168,6.508911586122477,106.75563904383898,210.69866983035328,5.582852531814579,214.47355092117104,123.68349324460439,0.5515859139938051,23.566415134703313,33.705819927505544,42.41922624023828,150.8445438460444,40.057522295750125,83.7777729144882,510.8553380813581,894.534299600763,144.22538121711094,44.9325151954062,48.61637194292962,98.7545777447124,94.92580404762356,53.46142352924217,439.92129491381746,118.06302238456081,122.36414678443495,753.8426625937349,Bruteforce
245.83283038530402,289.8344802708232,24.680796855541605,214.34897929410513,201.95268889388655,43.33841751750761,512.1062147221438,135.78662214238562,84.41414095607509,82.50013463799671,85.52580377015512,10.005072642543178,279.37005080161964,592.1775459741295,430.03588348168586,92.21401997089941,252.44701402550507,82.20063747911506,31.88046364012048,91.30877475956075,93.61817791652783,39.266870849774755,100.45405315814489,119.95739949159329,59.01188154607063,10.951933386487472,50.466120548634564,410.6736192227411,163.07695139061641,75.5081841242035,59.32929675607349,204.01700468710337,40.108910717594846,48.79550686912209,352.9116428477208,Bruteforce
1139.251012762891,149.666836656493,3360.072257821707,253.76641954273816,25.36553531305943,182.85659794577322,127.80147750422499,5694.018333620435,480.46430384324947,12503.714777765374,26.52539014637731,16601.99764773957,4877.020262125306,19.332381432236332,1302.3240219946974,83.75350194786658,27.68245238211311,239.08535821883245,6448.025658515719,280.0952404864161,5031.259463856111,144.35719039710995,1728.6437514902532,1807.9211139247384,1872.6569148932317,17.144383615039736,871.0936048649481,6452.182174144481,825.8102624820989,1647.7059282416674,112.34177020510154,11.72059833417448,52.504312972351705,286.2810652306452,91.03766060816476,DoS
20.68853341118263,32.176465540273924,8.344615063567085,135.88690314290187,67.69468244362196,27.955422645840468,51.38777212194682,10.35210091603685,4.305141714029678,39.92593863032942,37.26729382328608,4.608650130000956,7.197773234891168,13.79013771384338,88.93474127929017,9.862490974507697,33.90749736298736,74.07746387308126,72.8226665277285,22.59737176081897,23.270519673196794,5.085187888402416,468.0144468771239,42.50560475275427,87.26861961257192,6.143758808384507,225.3256293484838,2.9274422036291914,8.192487239630788,19.853967656632364,0.8598540056778556,6.059785694699404,30.664340500798893,14.367852503058511,49.03996043080291,Normal
75.01014973799666,18.65945047909082,84.8655313044749,85.7254004044836,18.031686827090265,30.596874065473713,123.4936869224125,54.24792242086769,51.02949580277982,7.936038241648742,35.37879077989158,93.18467637087204,8.750322780030798,13.391868155352796,34.010907558420165,28.968119005576014,3.4688596920307435,168.5889501694359,12.231855594834325,49.64751162635169,45.084493194434614,46.40437768807675,151.81503107856213,211.70889503135803,65.13425310016994,11.020574134850246,81.84627221974773,12.223378134464857,36.58458398518155,20.949277870114454,5.295400421026231,24.590715563709757,6.207665979625081,0.28072919795063667,3.933759736707281,Normal
5546.326194007479,274.484962360691,31905.376647998408,17.091266985839447,36.35302262120569,43.41485976470128,5062.797882641558,6957.685563433487,71.61194674942642,519.7198349362848,1923.4202061216365,7960.598395326678,6654.39685618066,6.2515658272971955,5231.326091381165,108.49423425984432,252.63534575687007,419.50315469229986,28.916838318072852,126.66941704213,5024.371749098362,0.9330242533264664,1372.9136134162743,4306.596701963708,9639.042022898497,324.90104603603146,1656.94587478924,3200.791979865067,6209.1030242559145,3378.9842070441505,123.8427290055534,155.48808238439295,193.42871115266956,6211.163741694,115.55608616426719,DDoS
11600.100806014992,18.942069161324437,4817.348312230379,78.535630963396,8.004630414314356,43.51979932842763,5988.642109106175,8219.72617851342,78.1182251314716,4271.448015541071,11213.001564806485,9570.594061943846,1127.879985019905,39.869930216351136,5273.858085407765,73.16489589747873,105.61465234942943,71.62534088292061,5195.6650043258005,74.62011125829828,1687.008488385789,259.44412641162995,479.0811509340045,2535.608232792883,4379.872605677144,209.7062229790365,3541.877176585378,92.87404930186447,9826.374216882856,7159.557555691209,68.97004335636295,75.41371860289986,43.60832025296928,13015.225945969254,14.277342827642933,DDoS
184.4664450101219,186.0614786648661,186.50235602559476,219.24729565412812,313.059015962433,43.529784290167626,300.4377965602372,110.26355874721459,15.570715322044059,36.4713351394656,36.43152162415572,9.370246653204358,92.5943773763581,195.29845764431724,13.871927436117968,408.66933420589237,103.6527305299511,81.90563629480452,70.47316193145548,65.24451693361914,20.984800711749124,129.58511651361394,46.089182947274544,10.417882075970395,237.02956771937474,17.39609892506542,431.38932084960413,74.69940218972333,24.80339331303528,261.0138363360088,104.26970070586539,5.847601495152071,49.417581223948744,107.42183138016001,153.95827650747296,Infiltration
83.57252974539846,126.73940587913076,119.02157306032701,88.59332677429721,31.08283293712093,135.79449742854823,28.9445059100374,207.23636895057865,89.0109988173496,14.618329802454127,192.59788778476496,176.61696265199757,23.264452392666012,56.56756680937093,107.82214597058832,235.37385960684122,164.4869375807023,681.93813283891,45.311265872934754,238.79023495895933,24.58731365869007,49.690807019708515,40.38797130811377,8.235126041104039,59.194888791275716,154.85158107375074,91.52021094398798,122.54508960086446,166.7020190044014,37.09750501439848,148.2533407788165,200.80699530289343,282.84903549867556,25.148438600079416,203.14868155673196,Infiltration
10131.608118503516,57.631154126743446,4791.784609656653,89.0410258817948,29.824324290259867,11.600336043799873,6080.184593321367,4030.789247599348,139.20864651913345,419.957011610144,3673.072566470146,1136.7802141131988,3246.078422243695,33.888871658810324,1061.008142980966,4.469970702588915,28.06668671564374,199.51109894737564,1005.8295095409808,87.3469204642323,13199.543063568077,215.55633144702608,1598.5299199008302,1766.256100246379,299.03202559389626,154.50837306539734,10427.90296269005,7157.5403496995805,2631.7948164512113,1404.9031029481043,286.63376131863214,33.86813691029951,0.04558083754163154,134.9841453179626,96.43456550288342,DDoS
14.45298375191718,153.36440892447013,138.1369208409461,160.55102184003084,34.83975623352851,77.19037123980624,7.376948824770289,34.883364996407835,57.78518311523507,44.72142101502004,157.24973838258913,43.6699006164671,433.08823550124424,37.306026816528046,70.03176873230517,7.2991577085100845,82.42260822043914,46.743522260434496,362.24362856172047,68.08278353510144,7.3353355483698275,9.7796288122622,8.284435024924013,37.78555783572831,33.394249032441316,329.44636856724645,18.44465399929863,102.4794038932838,48.34131733912741,106.80074966230431,33.75116137060865,5.974382830831954,21.851232553381553,40.83504036542777,211.4607337611635,Bot
459.2634735541198,291.35017470425583,331.57614387192285,674.3792530595125,20.998100973776694,589.3643570913807,548.2725327077626,165.64026779649555,382.7769119166018,3.542817902113561,149.90999482822082,121.17175972251171,809.4398826159967,59.54397149321268,150.46415197092836,39.17547482798787,155.23293233207406,326.262840805178,244.61315701693147,0.57467196254648,10.89982173348829,217.0454655645651,193.20696665313224,139.63471624726841,55.23783534443481,2.7155148090378978,308.49489262619636,189.0922171341653,293.9423626459232,269.3908821692512,144.1533343792585,102.51815425940735,18.37960780161505,125.85626222150512,127.19476261594289,Bruteforce
273.3110884149878,96.65910315530293,85.64910297014052,22.729557845999544,127.2640743416541,137.16961718154062,48.42556515973942,156.63208737865796,69.34584003760293,72.7627194341617,88.51550453020857,41.34673341101263,188.11549806413637,12.97982532828921,61.02150033816426,51.109406503524646,244.52967685586384,214.10400113394732,4.43285966709355,21.42660906077506,234.01312017650073,29.050305587969895,11.594899935602932,21.810028172258182,217.23771538635677,18.960643770822795,76.46190146499664,16.254460552475123,51.90456127888584,222.31103096506658,231.90969384551025,18.52828554494333,18.32188942418112,50.64511894514544,54.45613738603981,Infiltration
1642.4728032640787,33.9816965966584,6310.429069184866,100.89792276387502,27.510907809820374,109.28352816025826,4330.756146617997,67.60789092488706,38.42553111671661,2865.164065695416,2224.3852520264695,15888.59474966387,2080.3764635273465,88.6791114548572,6121.584307514911,210.57028720725,63.14716317954664,5.256759511543154,3129.1043635654387,179.1031543915174,307.20538435821777,142.37015653890836,3396.5646739923377,4348.38368555758,494.1397873237261,33.88695816171452,1093.7460795837287,1187.1721362035012,9690.241394249406,2234.8872723001896,153.6069369179586,301.4265116623642,36.69576460652237,3301.137903844628,263.52427583821196,DoS
2566.2319595236095,223.21129862259176,17259.602595333836,34.2656073867174,117.06131666057709,214.64556926100423,3235.2833145092036,7662.503638504711,43.56508695179899,3492.1453545215163,587.5422054594532,1113.9557006650982,4106.697968509093,8.024551570268553,1534.9521895390294,59.82932269788223,177.00544180095724,6.084702579972928,57.411132168660636,277.48178114925736,4873.519174536334,57.85274376243655,2907.1970306079033,1990.608571688799,1025.9586652210926,167.83435263680386,13394.849360639068,4722.049749437879,11971.46157097866,3289.2188860492706,10.428687338029475,184.8964354939863,9.371244038839118,5940.829407714241,82.6514221799529,DDoS
13940.74463072089,35.63526572309186,3730.062852065741,5.37086001133188,396.1844556409859,196.73879773292617,801.1524431493641,778.7362451121558,194.93726822984817,12111.48612295023,4266.1111429816265,12656.966800225415,1521.409744561097,40.329164294969864,1218.1633091555163,79.22576359928348,50.01650833266036,51.436240542319645,13736.611781787882,61.38030611719517,3399.8806503214014,56.74331264689606,1495.6095128381519,9022.772820288505,2535.6408996789787,11.789678536200764,5534.659255592199,16093.1054953739,6210.8541258647665,3136.097104890629,52.80065649337945,97.33467800350508,132.220125628258,9647.889891920999,49.47337955843727,DoS
1000.3926950588601,31.530604284790257,4265.087547134908,78.09755302345111,92.33300129957594,25.452240236426142,7617.982400335941,8351.90163763971,55.35598470839086,4247.25290368539,13298.075828887599,5071.348713919302,3317.3136149216502,42.12300062846319,5042.749423245767,95.34155912084239,257.8916348128382,16.128367397602343,1472.9177012609266,38.78607094180522,367.4667151212903,317.8277792189847,10005.595729285624,11015.144203548449,5424.71018816515,102.45947005713435,6749.406358260483,2519.2571875243725,1303.2429327196887,5354.688532132162,88.24296220681597,242.64717400163352,35.32677276192261,621.7944226039814,244.62512828212755,DDoS
18.204064778574892,77.93642451758754,26.127162003159192,17.519049586291278,74.7496031736911,53.504100765307946,40.741987010373734,101.39155466215868,45.19026793821027,50.08904451626386,27.88085090478222,92.66673214374693,2.2911924270080575,34.25277159802939,72.80011632162815,13.634789022778456,57.65901859329154,60.59829406684454,22.30963686884016,12.793579477197747,67.6869821731852,0.6628814153484988,130.9498040316106,0.8613099487434208,14.72199715364412,36.46008852594852,15.12878260897758,7.1000327351046995,10.019670321050326,0.19202382130396953,42.59437747383007,48.59956194877501,13.93481872281803,4.078636646628001,21.221149617137623,Normal
114.90811961736651,15.594693557952255,97.77339265698396,53.062132463956104,75.42356866318704,156.97300555802806,115.82143167582304,61.3866237740989,1.0510359689219155,108.34026008673689,166.46118139172037,215.75841485092405,78.1926746417194,5.28031295940334,49.48028000873377,18.943282271532247,16.19768936823851,168.38695631650978,1.5044935640749784,27.902336290392142,12.796615961619636,140.79232115549794,301.17711978112357,34.42577121583332,45.91687545045022,18.83605135366457,142.40140680074146,165.0613720414901,91.29686432389309,25.969800530338322,19.809484400771023,96.9341174191453,209.4729595181163,735.1421104529276,168.34090197686697,Infiltration
105.24798212940054,157.81374891882422,64.24164999378455,134.3033072527471,67.14901646436705,325.6092543487815,112.0388012443832,101.6314865919987,55.53688321549066,17.110195540055894,11.397955745937471,18.523284913086083,209.07751781017825,18.586199706633234,203.9293978155343,55.18251960444386,165.0811637189922,89.83454376924225,96.23994226523749,138.40785185706673,40.82409483140526,7.659960752937935,105.4325012541768,46.85279292440767,84.31144811766659,117.40299216962609,25.237347453702753,54.03689774814644,42.34361219430504,8.053641616129337,59.051564960165614,115.16590014474812,0.8015337741353595,51.61476545835944,41.36950385041743,Infiltration
1586.707314974926,6.598737788688984,2366.7941078678355,59.847251924770916,179.90548986758648,172.11899985871815,13297.18873914262,13574.747413103736,109.98515868315822,18586.689220609234,1733.5785550481721,1905.7676208716764,732.0556242691234,3.908459073432027,407.30097808291885,10.62191445816855,356.6245162271485,73.47127240188087,1458.1865253376366,35.15128740124784,915.6367044992724,56.548203986807465,2474.570923724662,10902.819284592311,18810.14710720102,30.729641734704998,7423.862840262533,4384.044265529074,5325.6662865183425,2652.7250575869075,189.3863400163736,158.0568879316802,89.93389985396169,4138.329560636002,13.5435349287005,DDoS
209.80380934113776,305.98576148940924,2256.925521246971,74.07345320874917,117.35963331871137,4.626475613476717,6707.892559870942,1249.2979687150098,79.77698540758797,4019.9769251818675,559.5107831117551,1890.807431681818,4390.119984141936,105.3132907302651,3933.8863645588117,47.078964907474976,325.5661646723905,5.561904224808872,2538.1155971638645,45.06556953884539,1111.670356801235,137.38351803546433,7541.612031644489,9709.994228295569,3309.5808249012293,12.519270427641798,14009.521530424498,5013.42369361514,2692.5823542333897,8977.724051744286,6.021334559210896,303.4609496901131,62.178063039354925,873.6117253021622,152.7865039440195,DoS
3567.075417007356,139.4041194439015,11584.46824654501,49.116221405682815,50.88129435850773,25.633229793683725,7564.890685722085,92.2721767503332,309.5376919790895,435.5860471503788,8586.909044545511,273.02479211144157,566.060838906012,43.14134774177531,2630.476971685741,69.65581411533938,104.63636526549318,116.63296798622657,1863.587465580741,43.12941785805296,679.2130906017137,97.07806118027594,966.1312576402968,4256.421909359146,17252.267855576534,19.349750824449877,117.61741479529131,11958.146946444724,1742.3772226521664,2822.9569486765145,66.16725322598352,294.60828020207776,182.88497361330667,110.44875124271549,157.56665208336702,DDoS
94.54497126612951,0.8247694610059512,38.49210229961063,23.172849136588514,138.26574251032292,110.57950828257499,36.61510307367337,54.05688353619512,24.96673455057073,22.67608434731955,10.89089340081463,74.80960713554484,31.69272990891393,61.38641750952761,85.5502999321765,89.2262866920315,24.03017170831736,36.154712616220856,1.4304649576202513,53.82118674879926,138.99456060512452,3.709417064890832,181.94778212399117,227.37982486030498,83.71680550763216,182.36711823664095,61.88547741682275,32.94006721112305,6.337197848865619,5.089668262786207,183.42796484671695,276.5160963720167,79.14700256820895,223.14931553836618,102.55694078778576,Bot
520.7859666755977,111.0480584028923,2382.960373646616,605.6591575636556,63.531362385545584,199.62383567280264,1400.0648257417545,7395.856378911758,68.45153765491251,858.6757300827231,4385.281329437641,1101.405411124455,1195.8425483256024,439.13108201641757,2551.2474074964125,110.40727380179834,34.645736446282356,201.7386879317214,1640.7377015491459,203.05819386159416,16806.169221141594,145.59161561751995,6834.979186904852,8713.43248341469,740.3537489839107,178.46627019949236,2793.8402896000066,3954.7513381465656,3011.102692422025,11584.878291054718,41.090280699470945,47.335310068410045,229.76052288317433,1205.1831165425656,105.0786324367714,DDoS
26.689184921063003,72.69124576849771,84.77826147084406,81.21742776817644,147.15323905948458,1.5297791463019583,2.97533589042918,112.47247804671072,2.7697224771221487,353.75578900538346,169.25402437593323,189.47483705807394,6.218233830018336,129.37103216929145,54.20331911466019,74.36941185679822,173.37372067713744,101.3839936559465,5.7797894669633605,325.18266696531776,294.18227413089653,2.9004667059016964,120.5014936764153,118.24866558943545,14.210276665343455,115.96278079828224,27.239078068912768,72.60660590913159,1.6866983282958388,107.48247692562265,181.78574164764413,59.076453682505495,21.146551769357064,9.874823194242628,9.814659159578191,Infiltration
83.0124317920735,94.24006958089961,168.39095575194779,168.0447842966341,101.77257655772978,96.71298045107518,25.159998100577514,4.5832474376579135,61.27227956250392,38.00756539307246,17.935673021468045,188.07098148996943,62.55915611119119,211.7335355479063,186.0971889707007,211.4946972016503,233.74989057552247,124.21497273787259,28.73457669057719,91.32669838615129,26.797427711354754,42.23627755701435,35.766515197401255,11.840839338680546,280.72573513243043,2.484471847266285,53.93091693174418,13.459225394083429,123.55758762986699,134.91640213309196,48.71539141218136,5.120975109794144,178.84914141121646,16.04243497476141,127.20311861945694,WebAttack
126.24453330210879,1.900704840917676,151.60415520946756,121.5431143996138,182.40866355983948,105.53542237835187,22.914643930152415,107.50791896013314,125.38986792067388,162.5163231022971,50.56003749065909,57.57592502142626,75.6102347393948,68.33915736718811,57.86301787625515,32.8509825464952,16.844789716434104,106.7796562221353,153.27114145633794,72.26674268837479,66.85220935980955,273.01649823996286,118.1982112208501,62.62140614849684,52.54652721417704,46.837357340693536,84.76751464629275,84.73854327313038,157.9857214609479,23.91409130231214,161.692769564344,113.87002290870647,42.01264713141575,29.11776005963202,112.8196231857481,Bot
25.45323677834655,24.21694082570729,26.574900529582703,383.1660596896026,36.95584336993621,45.60018516938587,8.537545067369827,224.19044372408075,228.26900876033216,24.117272788760125,165.92033006106075,494.17265473062525,6.563891601744356,190.07742903692395,10.724647494768572,34.566838188800844,55.757552301459945,316.38650890917654,156.6698367125515,114.33249988642315,53.715161473712044,23.902895576406614,111.81029420441284,11.20365987489671,152.83434115063838,99.50245976310852,47.15533271599124,31.27766277180754,578.7946240200079,4.765056351789258,168.3937388428081,13.67817839444159,33.371878936360105,68.68093199549324,256.82590801343633,WebAttack
6345.426420358979,106.8737736708425,1869.1974056013166,14.950810227126174,120.80334785524325,215.72225872221708,570.2376098350184,1517.1267743002063,60.17810828830843,8734.511343547341,3414.1762721425316,5074.385187717845,870.1345547729983,22.042093184846472,7293.1506300630135,159.9105331593277,32.03352177771222,248.6176340909741,193.26107917749852,30.473071420773994,1309.569369828213,16.74471322762412,278.68845489490417,7719.976033174931,5734.997771637882,58.59712483477721,4354.784258156724,2956.96778783876,7174.956388234729,818.1287403551246,3.7161254377047084,242.70782253927464,54.84024938460074,15134.537236055887,435.1857126387936,DDoS
6.971034238616184,7.116871070657655,4.496257939145975,4.617694333107964,9.649593096125026,3.2622798704329083,1.5011469691136514,9.52842064991344,8.096081432611635,2.3706292847373733,8.572569328961414,2.5230141577586265,8.274474750453352,6.285627259621295,4.825802204463114,9.280729070195903,8.093679301496618,1.2992507492256844,7.055689571068683,7.895019522067659,5.411276242077894,2.7606837825411534,2.344729747032104,9.741459706733938,4.367934648792203,5.188250077167509,5.981657322055344,1.0063140325753472,0.8129539558572896,1.9813690796746641,0.6532906686264828,8.984722875703362,1.4802427076558144,2.265691719160902,5.373103594709026,PortScan
3639.2336653517323,61.089366308600354,4056.2648521020724,194.07202868851897,177.63048660525013,27.689552674938252,2685.3019188223807,10268.849313595025,5.817406908929281,907.6996183858256,400.0592922179168,2146.718146048033,2262.2435925148748,0.5986337013357788,5568.2681572870915,235.28176825351784,58.310925614416234,16.470208619098067,11192.442289451576,184.84326344328375,3897.6348376986066,5.246933604411411,3602.9731944191067,2842.041704737885,5707.00116049197,242.64774272764691,5227.917427366143,10021.21451652239,10356.128782457128,6044.069584548622,87.55148279555071,0.5208857931954023,64.65476967067264,1165.9947399710668,41.22729149753014,DDoS
1002.6940377570836,21.408077848833585,8611.08770908844,332.8861908171525,63.854760826725844,15.681134842191582,5934.399712633493,1245.4587250166146,72.27357856169822,686.3779342355964,3740.7879463657414,3824.11524229373,4655.185369200904,95.83745749139031,2317.4582402935107,237.30928942183414,14.09127292476934,8.737101312270545,3310.987207479724,7.135847279552454,761.3121805483468,15.814953449655587,495.6069241896256,8037.627546195207,1835.7776283395383,307.9281232562044,4539.969130919909,11473.192222581374,4822.019948167875,3351.7535158185215,83.52115037167482,35.07431992493702,65.41921592304296,646.6143999668565,75.2744129762587,DDoS
8.232151833304039,233.65191126468997,358.60470738945526,131.48954201049833,117.48303080400484,29.118943094502203,112.95696857317759,118.31997305054935,142.9909885522213,160.39388542886385,165.90567022267817,1.960401032539986,117.59480396226824,97.78721885762207,206.19547618277144,12.607059594580392,112.3113769152831,64.02145054024182,65.56897341749097,16.26520194423183,144.2990006698336,70.92357090850084,10.911357753263587,747.0674843099636,93.51124710336876,51.17837297294192,326.09037639327636,186.6661373676643,154.55731628745514,7.200435324713812,112.42325112982776,218.48847073978664,68.66992281945954,146.10188920335898,32.558456317651604,Bot
56.94583495059922,136.32895481929935,222.97435335476493,335.38557502848954,112.34373559235287,51.67545833673197,15.820264378966979,3.6455305910541256,309.1486319903382,135.07701405913858,49.640088536397755,95.61688712359371,188.88096602639567,388.5642480312963,22.126259706246778,90.70625986702383,159.1514806492346,464.85968129716343,142.05698490035533,97.6487010754563,115.33167609018791,35.32807753840578,114.7998900833804,198.2594068559233,30.892575681533252,269.19560474766627,11.013224530371772,48.755753393213425,18.123421168957798,8.56008415460741,367.70103064198605,31.751984150487683,72.07677037480848,98.27918956183915,14.06710475852858,Bot
68.06276574955211,5.762174079844988,325.84683282612764,942.4797852508666,251.96887341764005,541.0006292067229,277.15050424296896,973.0391142802567,115.2193358223562,154.60862634388852,94.42859091133982,698.214016200056,140.7451167107404,456.18658979966494,23.65326918207202,63.058733517109665,177.32758909218686,87.84132375986935,65.39827420262698,97.93712631962963,46.8191422742765,378.5415584548457,75.44653187387887,204.92580907497788,32.67200884037108,351.6034557955995,67.3686284202596,99.38595544592837,349.55482323578786,54.71339534460701,366.0207642579754,64.832089770009,86.63353182457926,452.0848748317003,27.436176183104386,Bruteforce
161.71845800373222,280.99838540273345,133.04879926299827,8.789042662394994,239.9106392860384,0.5039623317217876,175.64995334975814,79.51038776912844,134.38947360175706,14.937627287610672,74.2015655883474,68.12971242286659,54.81279205853428,60.09775647570387,156.89796462547406,137.13162851984018,34.413006182273755,51.94372717728438,79.3052894993538,46.192417339622125,468.9122227155236,30.442315675915683,51.41007356424063,178.6569483489742,435.1415454834228,55.62668941022996,68.30446639611921,187.53604798111573,0.02386120964480173,20.262917898349134,186.30889159140025,29.000558772703418,75.34190113830812,399.01140809891064,21.916557721748394,Infiltration
10.97418811319685,89.38309277882801,29.200978929399675,69.48395307383329,52.92987150074351,44.553899927257426,408.2247255997531,136.30944999621843,57.9757481456136,135.1502617213004,8.620552395587147,103.23027962863529,127.46369941440486,145.44847338990127,28.061079363028846,54.94860940135716,135.22470658296376,89.90859275109379,297.34105793012617,230.13604421393188,17.798700619399863,28.982629426901575,65.53452091182874,109.31640698096584,91.43809247581373,29.70225604590607,62.419470110703266,66.21043600894777,21.09617406102473,123.75920175035789,133.68097185698926,51.67560324104402,120.02007878090662,88.77025217036645,50.96877517063532,WebAttack
4168.017222535284,65.47634665976459,3315.4542395186263,28.2139933570419,0.2643064555925285,160.41884916683915,9079.136534441994,6227.655648987415,69.2566915073477,3436.5248026324402,2422.6916022845467,612.3142905140302,14194.073895637124,24.739179793997483,293.63821221354453,26.312893040929236,40.38803558080622,48.160750682296545,2881.4527654677686,152.88634047549385,16989.937441338006,108.91173751974262,16036.294766666684,1213.630676902438,5537.343555966062,20.644842903127174,5645.552044735022,669.8640418591499,1031.7023187241095,945.2269781161534,57.5513102645118,130.92756828008868,1.390498373751021,10460.352627988654,13.022709613546976,DDoS
51.08018148861216,124.02523135816239,112.19519853771165,792.3014522979594,97.11851372043643,199.60953492093793,6.972046680742662,289.07584163105844,109.57974329608172,93.39690702391852,29.25863065776183,566.4234820256775,197.39901079129007,62.54480169119655,6.42532245419794,354.4538365058904,191.95063245039123,106.50348546281386,61.857494322347016,258.5938819918597,299.61276412917283,104.29116012679846,163.90934608916885,662.7249607197446,890.0486293652983,408.12372185546747,131.98223798230944,23.93077805880762,349.7669831176898,7.001881355378874,75.60865771138452,8.109339384957538,221.30114107062298,88.17237006256082,158.91376033077086,Bruteforce
104.22981222265695,41.17643273428551,85.39429261626023,139.06000453188437,45.99821409387236,3.873509865944691,32.737687477824075,158.65904581359774,34.16738080639195,311.1528426138435,205.87651191518654,77.73601874584023,196.6049233646638,22.848894740459663,246.39908371370444,44.013795899953436,186.4906064059552,108.08003605059571,4.205643202193525,176.90930247612343,164.6817014793567,71.70263613641795,90.79428560923105,2.3376369090512394,118.21844827779056,126.55428367635737,22.597294656869646,59.555356791540746,11.715820057469601,54.12191157200357,253.81601464742386,120.86765846858825,52.01688174682373,528.5759399788471,425.56877522899754,WebAttack
6034.050759374,52.34484648747705,1313.6376986750367,73.8219457933073,54.60848461146591,169.77498123212965,5044.048095299522,2499.209411553604,12.715369923138766,1310.712431716666,3840.333297185476,7522.783735923229,6334.188357384356,61.344456911162524,8583.546343780667,34.40129958453349,8.327218597451264,162.52772092720983,7253.995302984454,22.069245942734643,1337.7297773213515,275.38925918051945,7291.154940757745,1714.3838416585102,1303.3680063494487,287.24708003054195,6622.865432077174,575.3557395958806,491.7276005975442,3064.6014947490025,135.26017570868805,85.68477930785811,50.84807008082556,8986.979982520696,88.31894364181979,DDoS
1.2911282629705967,2.0731766923322716,1.650518574396247,2.4413780451961764,6.036463313327989,5.357588204609785,1.6863044782484216,6.81516504382561,0.6370469926476219,9.096070218175075,5.661908317796172,5.904173248773297,2.858938414164107,5.116370030198576,4.26257290708058,9.50746446085436,0.7622145740839725,4.587356356413354,7.915173504786017,5.445770908442562,5.652179617637452,9.11215614656741,3.7569278479297754,0.02064355530918105,9.25671413651344,0.3305974830599212,7.9740412390708535,1.3959421843226738,0.20684187742165294,3.546702372922743,8.640564267559583,0.36937869068550677,2.626801074654841,2.7904922811889996,0.948069325102896,PortScan
13.487528680780994,32.47689947223794,115.68819845195388,161.17668504530343,46.53052288121193,181.103697210089,218.03938656855829,65.09344641272646,118.46583397288188,103.36297279112247,454.2170462356096,19.63100978724461,32.33131997441474,34.83604232773978,74.00553656175983,14.777861068797781,47.91368940016408,253.89842846309145,97.71924300474353,1.5291893251181383,40.05892866389767,226.2131320626847,86.12345499754294,10.072250854771488,199.2140854048272,5.82769261536534,53.461119366431944,143.8400633102723,113.74477278743305,17.434591716227402,155.6565041824719,134.63992467188538,89.1314316981865,250.23024621920672,2.2102870841884386,WebAttack
3.6832939911083007,5.490974238793475,1.9339367542904595,8.461764529413538,1.0231904574196349,4.865496794901697,8.594390244594678,5.294179970330978,7.60949453996544,2.3957753960735118,4.455124702735849,7.130601169162104,8.883302288322229,6.430456233065151,2.4276650505324016,1.46292814827509,8.415398218392232,5.540358886255926,1.838720622675819,4.856767356573216,1.2632264908888091,1.0517164871757756,9.199769245085225,5.446271720901473,2.48912628677631,8.812667892596682,9.988842379989908,8.84202020778983,7.475913050663624,9.62066908434374,1.9738723071460085,8.776936229120174,3.5873947404430417,0.32237903974605575,0.32377942493985734,PortScan
2749.522472945331,170.80570414872162,1791.0366405558116,78.67734100185282,108.8845923508245,15.846759121147274,4000.724687843795,3228.1118235739505,69.78758197200943,794.5302769448559,3484.7575528359566,668.7846957708804,3018.6133485679957,329.7151155061878,1167.6524468875377,157.1733765200583,27.52225743143529,95.90417984013442,3053.2157804300587,219.80811835133917,1624.7876854719723,295.56246105943063,1509.7207744705586,7482.120435490942,4353.156435147736,32.62153732641704,6831.549262330251,33712.77896250656,3948.401752669738,8015.580902574459,22.37747630862986,84.56290156955826,187.50432473902617,20676.815726561785,23.23675667628394,DDoS
3194.2633154482864,20.960660157473786,734.7462512998748,76.15964005435879,11.51744388296354,174.87668252285061,7419.673263118445,5409.619395319271,52.11988350231109,217.1597696539646,1238.2191798425908,307.70906304913115,1710.6431984135145,188.6277750327736,745.1185482556422,246.64386924100924,49.144732073941846,9.064572260596318,474.04140756082,85.55922089953356,4181.29734512591,48.33296004947877,359.39602174965023,5341.593005472289,2749.494854865667,16.695490984477708,771.3601455916988,2047.2890334950266,918.7643654271383,7409.7720396020695,78.97513604866074,141.86076198031935,128.39782187887218,12892.915206002577,42.43865480278726,DDoS
448.6252653795628,145.88917352328266,190.7135963589776,27.00431961553486,182.03611238443568,100.8349733019341,29.12149665909643,194.08342893537437,30.04264839249967,31.62437722342656,733.2760495739894,144.6721324579017,328.16964762354536,13.768115099722644,102.08537211080547,24.10015974309817,40.431691787733975,292.5737914858457,95.65010144553712,1083.1633861635385,18.25918926732446,105.29718565886787,62.17609547669224,55.825438380243256,48.97652169842148,182.92588121625482,49.74886156396386,209.4447933412504,99.8444119737501,195.53747580293032,41.15236024730983,482.6481507559939,320.89625255209296,163.7556829867084,349.62840739157144,Bruteforce
872.7799467763895,22.734767335414254,78.62231557315182,73.92101877691175,38.57893423354773,145.21962595925626,452.0212989938345,10.551780162030607,398.42778887324977,79.09579978463486,448.3799045009434,92.57522380957153,57.28064759092737,6.759254922783361,0.8614363813844209,258.90336726917496,468.5227647084223,122.25032907629539,177.24828639803053,4.532936862449537,321.9997268774128,133.24031334245268,539.2293364481246,193.91755904212755,122.49338585626832,1.3372677187223796,389.18059651190856,208.4624041100002,200.4054394607775,440.872416873092,38.44322189745043,347.22658436592695,18.456971649619035,11.677507362981553,468.9983709127391,Bruteforce
6.506897052188984,4.5637036191036975,35.714535038527025,23.702923695430396,61.98244961635192,91.39375838871555,89.13969281295991,20.88801812346126,149.79714169704178,238.37538209044052,94.86994479772774,79.80454161796051,21.378441423409296,2.8085910700636827,134.60884121106807,257.6846018592236,300.87275507716174,5.397197507746049,111.17099395273739,62.895145489922186,1.93687642132791,50.71831572008717,28.175872038937328,74.45343527144054,112.04837888025563,73.6892996917502,94.39505168238803,90.77080631757097,0.11799799288375284,339.15079158256634,155.8849109040387,2.8940299938543625,25.154361868191362,26.5086337453978,11.731430780995513,Bot
317.49064219887066,49.49285015845079,175.16779614055667,72.2052954105243,142.3387636500345,325.6148949754722,116.11817003778502,977.2397961153338,92.14563129313899,88.81537829871502,133.31436242189034,11.86647620004851,326.5767642375246,95.35461365507587,238.2823884534223,153.60543654500887,175.93984886841918,196.8242616469131,57.74525906597646,319.78616475599387,0.14780798031809142,14.99383894643741,265.94198800253463,546.0299947144824,57.57788120810915,30.818190670136858,132.30255882544253,29.16686174535404,5.132813826421053,135.02816993802102,21.411878295732414,187.1628042143162,91.12731581738673,529.2177840121302,165.18345640238798,Bruteforce
8.960080848335739,7.3514551386291505,4.974998623022682,4.07800119904074,8.585871985454986,1.9543169061558308,0.74762805817981,8.517707823887118,8.564961194720501,2.430764313482041,1.9528382616704842,7.213071725608893,1.4338517197147937,6.219509970008522,7.012346149217485,6.219799513333417,4.269283736753322,8.161777173929663,9.299834694812043,7.057086816602385,4.18951252922615,9.95701317718473,4.494158406261677,1.1626342567409031,1.8258222623896003,3.4794443710355862,1.7111666560502514,7.78292438602144,0.14105698826435753,4.058833002920509,8.782070966414514,1.1773673478214808,5.760838187553215,9.338489843744602,0.7159632342573619,PortScan
95.79644243026571,219.97346736488433,36.823932562117314,42.59389042897367,64.80501785063669,74.24585601173995,23.156268125597457,80.34262444314237,133.30779863092823,30.037051325973746,214.99206649732017,178.36728315321145,165.17344132245034,139.38114558103905,106.60184944873717,66.35759863125155,110.00411490580105,192.09277216683813,56.99264556988975,18.274688906899925,314.783518252673,259.89871358651,44.95421194260241,50.05519386906965,157.14482546292908,58.66087072525246,60.497937761854956,78.9755009300108,27.16516481692965,83.18516004243274,24.44796458854441,44.68692660324377,34.486328463550656,8.106018626446735,209.9003921952493,Bot
8848.338206054907,268.1103140601765,648.5618712100519,454.86492284244935,414.9739903237539,266.57743083263,727.3082684720171,3451.1678445893244,63.482430644879194,1570.5681859214494,1280.0530437115774,488.24751491159066,2714.031858952506,48.91960889855813,2182.342798821894,731.663185121649,53.84692475952876,128.33539820181537,4793.7148474457035,37.354888131206415,12981.854219908688,3.174998763490971,3704.2635836402137,5654.4149921171065,11933.164209176146,37.05132936476173,5405.619188258337,13043.891414303263,144.20095157155674,14295.13782940367,5.877884615882132,13.416322228580682,345.57215694929744,1213.2838204545353,145.1951010042444,DDoS
4527.519833562308,137.11886765006008,6278.122221105208,165.29636165524389,6.462489888874487,164.34537291209642,3186.0065590151225,1222.4343095709507,148.3469148354133,4762.083199015345,23549.833387784,3215.5331926266435,16768.955211435827,42.084240220097705,323.4568636514918,218.02268162894543,167.0399280252194,305.8070420907015,3762.067793345493,120.15974709761682,238.32962999568264,384.8886328645807,373.96780570423095,5924.12416748079,601.7159494988085,372.3525816430764,14218.888510602497,632.0850774951241,688.3291162534015,1376.8495752605527,267.802051415963,27.65861655718561,89.64281817821944,4753.2478691730685,1.9523377444457601,DoS
344.53548290946577,107.4795575061207,9458.138006126044,12.412992576898155,212.28028052133817,37.630163017604744,125.23144698064561,10233.073078480613,137.76901683865296,1271.353147937343,3091.2796220921846,1371.218520736285,5244.607965915937,78.80308822532865,1036.4314824951343,63.47564043947634,169.44313171868245,21.576857144247498,2674.1474303008263,44.29830376750946,12446.16784044028,2.8271866421282543,8118.5273446414385,1199.572977126284,200.61924773118628,43.91942151788624,3018.6391341366725,12098.568692333072,900.5642632495726,19113.615218301828,124.33230397655402,10.100167421570337,178.44263478773595,3508.605681297239,322.92034469611406,DoS
1275.810472036507,236.94845211744732,2557.251489304339,8.31763236074766,119.09795116650666,10.969952467155146,7796.094025970461,2493.5107627379098,153.61354565923259,4950.901383792291,2127.39697985159,4449.827091362239,6618.221306547428,17.03855162068274,4762.836033953322,24.34018783378669,13.706567342107729,176.1993125802943,1789.7660973998638,263.48310076010443,6603.462585503012,14.893072415207733,2884.2617397898252,5623.07850183979,9494.350038512011,171.77748060890792,4721.116321558141,13204.151446761847,2282.1260525321236,2002.5011032814996,51.394067813111235,210.97596766239045,203.07406034850194,415.85015959863256,197.84546941845414,DDoS
63.65723515262414,147.8907005229766,146.89636201653542,6.040560390822977,199.32279000323524,19.425441885637003,32.16492443224702,81.32521482956798,85.48092347731252,47.92568794281277,47.483209628270465,138.16786159458238,74.33204303616981,121.03951319369912,209.1664217868681,60.73825088663517,65.08872474711146,48.24210632117666,34.812560945204666,185.7935274471902,13.782127119630925,126.00037550265154,53.33438160553773,59.62577526577621,270.84726458625556,44.38289577663114,51.27494731888397,27.052152226113517,56.847060439058,22.759964328733854,84.5672734494447,42.35251979470982,59.41068167921042,247.7853604491778,438.44315069247466,Bot
142.19663425324657,87.76206102149783,173.2108781293693,72.04584498955703,120.85508171562755,15.868688680377085,16.970823624750146,145.8806418024379,96.20418150843115,55.25023672263604,28.076098360979262,18.715452066637937,25.737061691688574,32.35515942876195,6.3781027452704615,68.59839718234514,10.705134977574291,53.62021433163131,10.722201908882282,2.9989715551844665,18.56622525236822,555.3250828647124,15.524530428971683,116.18415698264246,212.4570076316892,11.47031000865927,200.35241659032513,68.38774526497222,71.92822936714924,118.23173700021701,194.99846372340912,5.483667582023368,71.49646184370192,3.467263437852612,88.09829007813114,WebAttack
18.895656564864858,473.1700933223162,64.09755884994001,25.35134831823861,35.68730062117203,337.31568072739077,11.523989629132318,131.28148605944517,221.16507143548873,51.95353403493256,109.25034927698371,81.33409534779517,61.137420850385425,51.27197514854673,7.009258207061072,34.077174891650955,19.446615671454197,60.61889775537609,140.34445768814658,27.287643024199525,33.06525932913391,39.27221708351918,156.66354818785194,199.39490416780347,14.95966914780095,233.80861048385765,153.62925787667348,9.585717752787707,110.61374541786482,89.55893846041309,74.37713702117205,8.113696453484852,104.37240070308198,77.78057037015934,31.38524193710004,Bot
47.91697244763763,31.950517577965794,123.01796710386937,51.39269987402357,141.30165956231366,175.22075454966392,47.33498450271588,1.697231283463637,352.56629204918954,122.2668016090708,227.07264734277274,9.485914302382454,13.932906798450192,6.162637381047769,24.575249216629945,0.8816195140376267,209.73004632825453,37.772139401989115,159.82494442540516,178.6667343630854,177.2273409314638,66.29070405757439,352.0693032041605,221.60433994707046,319.39361676645336,88.54652738323166,204.34196466871128,61.365142589525256,132.35803724083067,120.26052685689518,7.428045813391276,22.50340887109474,154.92768013878216,2.6340830011808807,146.4793900894612,Bot
11518.132393576645,36.724372465433895,2641.4021354751726,0.2346777403805015,12.454637885381867,120.15227244768305,349.36600752346504,6663.785410221166,89.47528758842124,254.72123432450255,13541.372411421944,197.88199667243717,2293.750126444402,151.68683076094865,624.8658441048452,73.23692443365736,115.09579788583525,14.27547507920439,2140.4107119887203,6.5530461743547725,511.1033246491088,1.4381522359514791,5210.970978607226,2388.645137413382,10.841064665906096,130.96990281703583,3074.093709592784,4825.2986354153545,732.302481353202,440.48772642041075,70.6277438937039,64.66903480543719,189.79314941652981,5458.227063766158,33.708275939636614,DDoS
124.6894376525329,636.4655906649784,6.387639611792528,61.89649636830617,145.26664571143323,409.498791242994,311.81365820215086,429.5683326846068,64.75952008569456,156.84796206918577,519.095888899964,363.462857340984,138.42209285794408,18.064628315651497,174.58841120138885,3.6194790449027785,333.0386204097852,537.8011169012619,273.51188038090504,63.25816343242305,131.76687956412096,144.8896680244496,85.93463865160284,410.9560762835196,85.4717743776195,387.0595389757801,158.62701513324362,26.91759322311445,434.20758712209164,138.03073652767034,20.64737512533135,434.20017146214053,299.09874615178495,64.54909942824418,109.24484781981604,Bruteforce
81.54488520043792,10.139572134639984,97.53804014403123,76.0893971792091,107.21101632090956,8.013526527854117,29.096825545432477,164.60444022417016,2.377110258153524,174.14238360078627,130.4794391858336,9.703294323358257,16.74906359387154,150.2709660858254,66.0273234584127,54.848036441753344,31.117277648836428,57.218392451155275,44.37364966923777,52.86780610895262,177.66955570714026,3.4779862918981648,218.69435653932663,33.8085403473131,33.18976959586898,113.16695690908152,196.28808483529835,81.72354939157793,27.64831024306219,10.922681910078728,54.00855883432074,7.722506538912856,190.49941004011126,34.698227448910664,129.25251777758584,Bot
5.283798338119311,5.101116238782399,3.2614591937029735,6.51105511883557,9.085289216160126,3.553002971671887,3.5635470915431577,3.4332456118554577,2.2741326491326053,5.66710576488484,1.0557511638267814,8.347971210662077,1.3775277168337763,1.7392988862966152,0.6857423877272895,3.813471713810148,7.576453018622785,9.100941331735596,4.342807810702409,2.3513653278017177,7.256546434512556,6.881438464507984,6.816447487492034,4.434233582159692,5.652982615088615,0.6196689281437451,2.50012672567597,9.269451124570057,0.41779715476080503,3.0159998869139146,2.2664431179596622,1.3023892745477328,9.243517870516945,1.2589605677695648,4.893713347422746,PortScan
56.322203331928876,38.308195634317684,82.46768921651075,0.5173484909891535,49.558243277953714,104.5290946819059,110.59996860656985,50.35063911580353,19.934279131047848,25.474497904006217,21.851818298371803,79.3480975287482,6.128102605381045,75.72196594523763,18.627873762392845,39.50384739880528,18.48098632062574,64.94016476460646,108.67951029612574,36.54661763790353,86.07676367959671,19.917006052449057,28.378685091744988,30.57107772794987,26.293979528863936,60.82791647052813,62.734155294731764,42.82817460211237,120.69214167938935,86.18907154618171,5.262227591895076,74.86868482351713,28.52705703575049,98.97526625528138,0.27193216993443375,Normal
40.747629442419196,16.786920558379165,238.58241546896934,135.05880558726474,74.04685264353567,255.13590727442872,22.328389909423404,4.111190726626342,63.61946959839467,16.512390436221548,100.10472189232209,97.54669806618165,26.535136796932683,14.908608970387638,208.15946347124324,108.64361735052887,41.60662932509649,19.78473451550843,17.758481368365633,45.66942183555695,56.05102960467545,307.99363307846204,184.0270040946978,258.1992534047874,88.88647615521792,27.760201164963515,244.83292346353576,2.5003366598334016,86.03989740614857,38.59591691609428,137.14308361724088,3.8995614715546036,3.011428651815395,171.68507488422136,122.89953031669485,WebAttack
118.80277344324743,264.52158710101327,96.9757473841332,42.16527304981372,320.82267872307295,148.02653663409052,324.5229513467976,150.898510794341,83.78391966360827,97.46628657044063,929.8095060461483,427.9751116248729,385.0240289935201,291.1922712779138,36.37134393297632,206.4747544168967,139.8456059904214,187.98718744211456,105.67780699061792,401.61094837444864,275.7834491468506,202.38742575229486,94.91697625805769,125.27186301921829,191.51538004112078,0.5881808755441811,141.99160413124508,269.9854309885616,325.52147801513314,107.76512563891194,98.82860458132734,765.3898608402258,37.11699315345517,124.35611722236732,126.08980824228479,Bruteforce
8.458191973392186,36.79526540965779,80.93703231311056,38.17205147362508,22.965740299577323,80.12574902533918,99.84825943932353,39.666029372430884,8.964143907075993,98.02286332392065,29.075815973875113,65.39081342416907,85.75953825292181,18.481840775036808,37.302098015787365,6.16448473610543,42.38120050554888,28.8763765287218,127.0436495428378,201.3154243542475,14.449592549945573,44.43434464387895,94.37574360919984,33.70412059404772,162.86093887172336,82.16202057638324,27.692974845769847,36.914883541597206,13.067162185034215,1.2476316960196716,22.176063866323773,85.09241904759266,25.1168261337529,36.46236345501677,9.808639508892956,Normal
39.23200910141114,207.23861969776104,111.50366445756296,208.43485919294946,265.0423685506813,106.82398295452013,98.80752879924447,15.949071274676788,72.19730454709283,36.13078097917079,248.11171254618657,32.70349084701189,40.60201980455767,254.81005014582553,389.58975354247076,99.6831320847337,82.78817015979017,33.81696234446415,146.59957563157653,69.13301840940143,76.13468333472404,66.9841756345669,64.3575446174912,33.166833068205754,420.0345308732719,133.1542060800581,406.97786114392807,451.1808702280634,46.55116418941656,66.4042350183049,152.91129065335213,40.878045371983966,255.994967055316,64.14396428606047,44.64713184664781,Bot
7050.065000435917,144.03676051929574,2921.647784563699,14.380155589583849,201.70001984676577,130.33450184074357,9819.505632049793,11158.195834059927,52.00987692993392,17619.80800124456,1619.1028551905822,2630.884842518567,7458.687699663394,105.9490610299687,866.6106540690565,15.409043553615934,149.28803844832254,57.82974588092911,3708.023440716259,8.825009710222798,15232.930324187757,7.62546452931335,939.3126677232533,469.4356336109043,942.3844607393803,13.352721753891464,1158.7405353862807,5128.381430510743,1810.284164626777,2254.952464420842,4.1566449753969374,103.1547933068938,242.8464651114228,7090.2153490115115,32.48316744278463,DoS
2.7200316446175945,8.216705097508004,2.2320761504439446,3.7342049909143493,6.767425913465729,5.558261593708788,1.1997601853631779,2.2529514029731734,8.858400631088287,9.887795913697342,6.939720400817957,0.09764672600862778,7.4340065784831,6.428255848712067,4.118203554438732,2.280458125135824,1.6569785407255566,0.8353686218812351,6.39270375506938,3.3727457358034494,5.1801325910562,5.252083679841064,6.073024837908058,5.945460109199072,5.190767433523352,1.551177645187355,0.27043163774606804,5.761848010514416,4.232199989113626,4.101186583462576,4.3006565702871065,1.1354202011981784,1.7926796193059569,6.621544361894851,5.137814736237526,PortScan
42.03469139045663,128.95157669514577,13.829809085649625,25.627634502148084,49.54831164965655,34.61639637819835,100.42403231300527,26.51500397184772,125.83822362489516,235.61564033815313,123.8458207138478,426.3420413034844,11.484027992195402,56.20087225904371,152.0873538135887,22.143029807254656,19.47266345318666,2.324637985661286,51.988302108831085,142.59323316437303,15.184598537572224,84.47688577038521,252.29164821669175,129.74140839005545,279.17453746438036,4.4899244895195185,241.51680390143824,73.90950226246062,28.9450795233586,16.248422821813598,24.704117437797972,22.942013645015898,9.112047480519884,83.44780386883929,412.4772549234849,WebAttack
190.16131237793616,89.5587378098147,176.8226652949284,43.37347822631778,67.856392759078,349.8314411652967,67.06009511780468,703.0047848721525,48.570453985626486,402.3382846573144,408.841614158693,229.52507420442208,46.39358033554984,84.86024915392886,133.9436264383334,273.8486506506882,722.7432152981279,206.75643888433962,217.67642360932817,280.9621900054317,110.88528252328065,46.367905131463935,427.91191357170646,756.8206654808972,314.015670185997,60.01729230021049,188.0573456911659,214.71262402367546,101.94738256006268,205.86706648229728,663.031957238548,128.2209166145967,141.1627586248301,217.55052208339148,132.70756570745579,Bruteforce
0.9063006519844419,2.574306951579124,6.423778799888643,4.189771357721638,3.4251228854120375,4.244512847715773,5.053045475277315,1.8466258917294498,3.88063199162446,0.6982543971617783,0.060556406596573575,9.751933316635375,0.5480786067986376,0.43477894787325444,8.899619756893257,9.76036810274188,8.44534825955444,1.3955045272413935,6.395316698515749,6.969245241400942,7.716625054705761,1.1288886858525293,3.907527310334583,2.7609692378033435,6.54516012602179,3.4360151529733685,5.088226033108266,6.26437458390397,8.658106001180402,9.20916832417815,6.934478402185076,1.5639131307354026,8.889171436621934,2.0451557355798764,0.5318829088752086,PortScan
112.3820328719805,24.096502140161114,127.81201693594272,16.162122995114643,43.032498519133014,80.2157945956702,46.05340363524692,172.0510608323161,91.58641993872092,29.01368348291924,45.24998321635058,228.69695848623078,36.60739471131817,42.657941898959514,102.76837374927865,302.27204791857497,72.52368046504,21.37378164821039,1049.2546207097369,18.939558566197572,117.34697598531207,28.74221987729762,234.9583485810021,130.7079679065781,25.915199355913504,5.783476589416763,287.7508200878586,83.39694724940739,67.78879611773144,366.6196740434924,211.041825683153,25.68050337342539,47.54373403038288,26.70339963180823,220.6266763757414,Infiltration
821.5441409006406,102.5232679211519,241.17388973557263,1.1392189539721387,41.2381403976707,0.9460167024129696,3635.347542826188,2366.1296201715672,26.619945869598904,1901.9000056198363,1845.2627278371292,387.4408117706859,894.3086969427821,27.01512284153649,2640.788839621089,139.6768975463849,181.0910860681836,59.450822809779666,1844.342129770391,39.57337145203089,5108.2943075235335,24.484608190608594,10851.648918381052,10184.198275489567,19683.808057164366,26.522816534868802,8362.234405622708,24356.842049422798,3368.190074021803,3754.3992794428573,0.6637993331256904,332.30649109667,58.90689513421039,35304.95593596944,7.502900109573566,DoS
2862.2962960408936,13.58293421454922,11488.71761298362,63.53401709947805,24.667067925168613,29.093694185162732,2965.8364514719447,14667.064759777146,88.5513005609483,152.38175540136348,419.2641241464613,7491.952511559706,1581.8437053716361,167.17404973638688,1291.178138565862,148.68174743793082,36.76387690028104,69.50835102681756,3451.791152496514,68.05618145955931,5472.935600006594,5.7214278609021525,1836.595433184202,340.31425921473794,11878.030976437662,60.3323650001785,6940.0091633379925,925.1466515624537,442.8101045291942,3362.9988975056685,66.78761750338737,45.25627756664832,82.8776752633892,1411.4299797969375,240.2644396240883,DoS
320.56059655420637,22.052770654990766,304.6664511456064,200.5410707372396,402.3029498091039,123.74782347146291,134.7818612166721,316.3520731904497,74.41003556208061,167.55066318583704,438.24322983959104,14.156029568250295,211.63928590994053,750.2116779630667,160.01287926081517,290.9102166939476,607.916627692511,79.15435824632429,8.318864605629992,3.6781388456902575,68.29539480524176,853.9932690451499,79.01157498608507,571.6288622970205,75.95066522211266,285.14369876323224,5.960301780935712,164.6780943718501,123.26808381564514,12.517159753328722,355.31002757209524,154.8237600264944,44.495801924793476,204.40301454759745,252.20482207438454,Bruteforce
5677.187701185796,77.28776028069431,4821.158308217117,107.85961276376386,190.72859633601297,6.696982985893192,9465.491949529625,2417.982303872625,184.86379798061057,2357.9735350255332,6018.2648962134,1245.8979679075285,13735.061748898068,128.15105967369269,76.04485946166254,7.169810944308777,29.938943830071175,85.75933795356246,2199.0648873774467,16.451563340714383,5112.070072253686,85.16932222779943,9374.126881235918,1833.9000239521145,4643.678149338704,242.5049007860328,11547.119749832293,599.711044634086,8702.471075650781,976.4593688248519,17.995358862036547,0.9986614613344704,256.1240521383711,1862.7979930714523,64.67923268354639,DDoS
2.272435307070615,0.21926804086052631,8.007089045041901,8.893012848381765,7.778692912171227,7.0792493660287725,4.719241281969598,5.839031029822721,6.916272054389744,0.2622816685257412,4.236705341890681,2.2468650716004825,3.6444909214635968,7.492317117488488,3.6338634980777265,7.3909474657759695,9.718314877055391,9.233827903109805,8.277248557738057,8.529908093798445,3.939323195553548,7.315823866277725,6.670136571657432,9.828921485123466,5.748985079279681,4.2976608943295656,8.37266840159054,7.495733487742226,1.248617086010273,5.962801891206438,5.9230667447608205,6.316248546453446,9.414980896332896,6.02035621489965,8.700188553448028,PortScan
9.260679725871448,51.586735157396426,233.88031617415712,21.715062785462873,36.87768266365643,56.569609559990354,101.41595774919135,100.85578499016611,292.5705018265616,16.293735826031615,321.6091385688753,19.650087263823014,46.098889070078044,26.04212525986866,97.4572383832914,18.0074389407123,83.31290685107167,86.53867278755074,31.745097771081966,100.45899326289654,26.76185982551039,30.12496020682953,117.91159498223254,9.016269102644767,19.899806222974917,83.59548620081078,16.174181494671817,96.09005959702291,68.47940839794312,242.89584613521887,281.19001549439076,87.91897823909939,102.36788353986712,427.5525147635387,23.155558897455503,Infiltration
3458.529246132574,38.54246982896484,1345.8782850244077,99.07312115743228,17.957292801100273,151.72964005838776,8076.2352241231265,3830.323257002932,6.8267524317839,10985.32224886186,165.02163410315922,4249.611680979733,777.5052680788266,7.131740549404879,3675.4386778792386,10.992823738376158,247.78753605265447,304.57600679583766,9835.294269069118,120.08278313937903,689.7555402618157,309.1534303969771,1255.8228996487733,1660.5685291470395,4640.691634441415,57.62128264650804,7805.932722916124,6748.322482170876,6080.321243099163,15306.235087159763,175.52546205321516,27.649249330205343,220.3786465923956,8003.418357002812,8.906692022811674,DoS
5.938954959857716,8.635247917627549,1.8120906404430148,7.642293713073771,6.798988739318119,5.63251080540544,8.667561607244439,7.096571382991508,7.167334605499457,9.097414613091063,6.994120621350593,2.5542391479630333,1.8362521562686362,5.131968259579262,2.3491215693452236,6.996358328053091,8.427095847978185,2.918160087345718,9.134744109043787,7.469036273115917,9.881409117284955,1.9870431403175781,4.615470669036096,6.403079163734795,7.629175518759505,9.119326868876934,8.912700319290705,2.3612191648762404,4.224711177671083,7.1830488905493075,1.3231424315163076,9.593652384366985,7.469527663309546,8.288418838367411,9.074443854508608,PortScan
1148.2535845165146,60.80968665463205,792.0487532546541,72.24283251395325,107.39186512844017,181.64709718618656,399.1448009769806,356.9012239639747,170.2515126536732,159.5232437634454,11.15794087066096,145.89052814399318,150.510737058326,404.79263568817896,78.06894274401269,102.25939740317011,301.81432298758773,55.62452142322649,296.34049762229273,21.894752581083708,160.19807775692973,10.656098463325756,633.9028903205805,401.2245093080873,230.37867354297546,135.17836872577857,631.6376813988796,71.62092500919653,124.53167464589477,19.624070639469014,127.60600533835095,238.7415918829654,210.64679148801582,489.7939700120828,646.5646137267062,Bruteforce
40.05953637351963,51.098233884669696,7.394826790890503,187.37305868994054,85.71185220542401,57.454184274369915,120.76534295001757,122.37248819370043,2.8883620557201213,17.126137693069904,65.79225102664984,168.89281525604395,176.54221077166187,37.02692542501679,139.85541066859344,2.1135797619173036,118.67389086605169,59.37591614149389,31.926504091039316,78.16916976202344,90.21420104656531,280.1407312980977,342.6001795819388,56.114761685534795,173.4901569120744,50.77731564255005,96.23761038854094,24.19769427290466,15.411901101557163,76.97264942116726,39.0579684254832,34.56562973147349,6.34479626698288,13.291644592395402,109.64558554088741,Bot
3172.5452824696586,74.46255759655625,274.93716535961556,42.45995007915828,21.33811259073699,225.1921609219409,5417.123769274282,1936.7274697191408,40.388941363910156,499.8770821138709,755.8916021751646,8876.564947409437,141.47234851232554,39.096154315536715,10696.61944453846,173.75498058279462,64.68912198348752,269.4437748369456,12351.4323546647,204.32580672407065,3143.079322284112,2.721038162753792,9199.65613068958,925.0505897986179,1176.2855878521927,99.06778728094206,4390.042209056019,11520.957726989813,1995.1209342979837,15927.584730877817,18.708897728088814,48.12837671490183,21.389409109578416,10598.690987566755,68.05650158103266,DoS
19.03852142708763,8.680321852354634,207.40793053588806,36.18509920612873,74.46637145620458,29.58369657355697,240.405188459885,64.09428392213958,10.456575193729275,68.83642973806981,85.46385336377121,8.518321571366023,155.51277107777162,65.24743242357589,15.727138610063268,251.69828572960677,130.88370777585013,92.34152852969989,4.011933685741761,303.4400697859698,48.15188464542299,40.38503724903526,5.3451938340763325,30.751644290277085,182.00613768428914,179.2904493189293,8.96353994970293,49.581552011171006,122.10346182934089,65.46365162518906,25.008159432390713,94.92622731794997,64.8484969054477,70.36903570625562,17.17434036775169,Bot
77.7524132289366,24.201421237067898,340.95196159245387,118.93868642068139,24.496451822828156,55.91328974611572,219.8726139935725,231.8513754070588,70.11704159429401,357.6117979568168,90.94795586100457,52.728752418407254,22.886035019822838,62.64250656695055,287.61972355618633,236.1644751714716,230.00093413590923,23.995376920988335,114.31363655602016,212.06961720356108,245.287146575351,77.17338267476151,107.81990959040475,3.3495629820857324,187.5397038208764,153.1607679777428,180.14570014812568,11.872412514232945,358.095722491782,34.008075431392236,58.00031498876403,92.11245168833386,118.94401365277179,101.09111902356021,37.62870044846165,Infiltration
319.6809253011542,27.126840587119442,85.7580808553056,6.906913929670225,36.02064596967325,94.67838630161528,303.0193043590538,326.88125399877384,4.984048955389593,97.19615037603589,25.2722134058108,209.11329491163713,133.85938056521726,23.52523123395434,49.226533330299574,0.7856422707975872,51.981844106272625,78.9808945571028,64.57486707298418,129.96696004359876,14.767847161458919,175.95571394135862,47.28822270292533,49.25013803325376,35.23781489516617,150.89127792088627,51.437772232197396,37.059330828303835,100.52950012196891,101.53195131357778,39.818339012310545,192.27760332136762,48.039556778164915,129.82888639688764,34.94587547619854,Bot
227.72237469800154,21.167050899751608,25.307084775735227,62.01309131160004,48.92184805672904,103.76424353146861,62.71572289289868,21.652131038200356,43.424515403380454,40.34153067024498,91.37060607244271,3.917415200696133,41.51896960837343,63.33960096519788,35.37898179554466,54.363542212212,14.533879509308298,86.89829458197302,6.001775212404055,107.01467691526317,28.9142171433883,25.102508800812622,16.423275971645413,101.09630924628019,123.8531132476483,36.863129075138374,19.905864458344517,116.13537447277183,2.483295907579114,6.104587141777887,37.529034367424174,40.737239882459676,92.27915072491206,20.017919942521516,98.72037182518135,Normal
20.361823433043835,70.76082593036026,20.407077617707337,64.0130760969773,164.10902061597125,195.13732453649314,106.4828477341335,75.61222187361565,67.82678988783634,86.84945492807645,63.32757791992797,1.5765827320244916,62.16902585560978,31.44826792566095,1.4725140323875423,26.13843936055283,94.21627912717327,0.36574667437298936,9.710678795547523,37.10833851101767,83.43914206058093,79.61759956128644,72.06755342410096,99.12265887274371,1.4631052320861953,10.833510987344923,237.0973452433733,31.848034684887526,136.16780442124926,6.039033676665256,51.34651660078099,62.34280335739015,100.51343227723468,197.5523101083876,52.13812680998284,Infiltration
146.51328420228919,48.81142652322972,1.7861080793761648,225.3865347163187,341.58049740771213,113.54801939048448,173.37900071127626,111.88675787861312,94.77541610237458,31.803218219836822,16.124614435206105,18.575420559261648,49.18029473157733,39.0553471740693,33.392595283424214,71.29650190292624,140.58678436132828,8.90841014107208,78.06881356563026,11.437539837842287,169.92520443844404,80.95941037104615,306.4339368984931,69.84750752954147,60.89861677422523,19.16809874093001,94.31770475129521,183.50666616903155,136.22047617776772,50.06751682838354,203.54688591971444,96.09569772970715,101.90594314457955,378.7606182969101,12.630698102115149,WebAttack
4.429108066885378,3.1857296994264073,6.00382103727423,4.098717338468879,5.238406140648754,1.4021732123075836,3.9638250910937725,4.7263404255094645,0.8744043447698746,9.944952565853344,0.377859258701172,9.195156147363283,0.8019816519507472,8.592976442140563,5.482417769495761,1.9633486804619205,2.3132838887627925,3.5160836241744606,7.940227239423482,1.4714621509253045,2.422314242663396,6.926779306234606,6.139913224948899,4.208245716206794,0.6053622878577614,5.5849878925977405,2.292212637277553,6.121003269598905,2.7451590999382693,9.80330962078076,5.905939703120465,5.713055467045614,8.367683844159723,9.931647836212527,7.7917199277817195,PortScan
74.28047421593877,247.25649343299497,6.324406167286041,124.4741522887772,20.60882995947807,4.425809157383026,123.52417042307111,114.35823481890799,35.950489287055234,43.262439731960065,76.99869815548078,284.12644933850123,126.71472790289513,82.32935172092203,119.6510833926824,111.5390441291083,7.96217597242673,234.38488578039193,91.3679173352232,29.48482190435166,69.91545858258479,37.791509420339366,261.7601945150908,145.69381270956347,7.045479261461167,51.45261223878386,46.242671577155754,196.86457404904723,326.2190061621254,59.04029338376956,167.70951365749144,119.2932934512693,117.49264438422917,47.66076927309673,7.494431084056464,WebAttack
1.101279401244426,4.565671428903851,0.3262034295216387,9.703419187184831,6.048738189300451,0.750701635066886,1.9072503388851436,7.364495962651995,7.3167163407672655,3.6498340295800666,1.4843726073359564,5.359272815922365,2.763972604192295,0.9680857008100641,3.459985420547941,7.510125764435616,3.5414005987595965,0.4078019725343984,1.2039728513740589,5.963460501013234,5.221528094831641,6.748627095231857,5.717503071136337,4.972287631691522,4.75120160448133,9.615377218815997,8.622901970327307,3.8287851652613316,6.534712891931457,0.20432804918571246,0.20950784931630606,3.1857218476877494,7.54767002314133,9.254585685654455,6.829758681307832,PortScan
9583.951874966526,8.695198582047158,3310.4694141421264,89.36322331776871,167.50595070451325,187.19579810850985,1074.8072443463348,9447.009256101857,153.38821212216192,552.6265183077836,5457.709310492564,1818.1896928688384,3892.7202259168016,66.8108126492381,8570.516528152999,32.17264204895491,55.3752885545122,31.237063069645426,16126.556261776783,1.9938038137044545,5486.581410362037,726.1600284017336,3853.760885216062,5708.677783225567,11612.31004265807,29.404945110201368,463.8338129085781,1079.074094807145,3575.142935304372,3279.707886209572,123.3062684301623,32.81404469432179,158.04968698005203,768.7690880272307,25.835643452096512,DDoS
45.85892494626996,6.12424198153298,23.467504497298737,11.352127828854302,10.89944942288774,100.35807622927192,30.347219574028333,67.55887361343373,16.34752827961088,88.3437548056489,18.024408337332666,34.4669245583995,42.820121090194746,177.86407958992993,11.537311307390947,83.00512884949632,70.10595074950868,5.433084033304759,40.5940087769916,20.097070538108277,2.897667426357817,76.5786208867209,95.90331255525881,3.816043505306844,19.83321066062814,5.371480272503558,37.37687291662562,17.675824592202282,5.748123751392988,38.363670267254804,58.15352038798972,25.843793054378278,87.62318038146523,4.890582638532738,4.338313042388008,Normal
151.69022632671425,1.3651532376680435,143.99450892774155,99.49929646375153,93.3301828011724,244.95086473175206,32.43253751513885,520.9565876219214,241.6980953048561,134.82288744178723,81.8554148361663,449.1541976163119,70.25986968474983,845.3599055807678,181.5522457717173,561.5051140435545,64.76698724362589,584.3371723768616,372.37275998068856,31.790526443819672,338.2548985395417,210.6582471969808,5.723612698232074,514.5802064918531,40.660640678753026,12.584518275596453,14.163345111532033,26.872527563561952,344.54640698191406,186.62598423391253,185.02840536691428,1.3481166411316843,134.86495940849005,283.8200060884031,104.73227370508053,Bruteforce
9.295926691217502,7.373470957115458,9.425668310653887,4.534982075620727,1.944636200894252,6.559040466131299,6.533650894424056,4.913220256803341,2.6061856186233614,6.2434295272820854,1.8077973873018305,7.532989534346831,9.068120325759873,1.666212058603187,8.202713053582606,1.9847201702519168,5.0042428568846455,9.292461169841566,0.8271071756373538,0.8976672005448583,9.587234835417242,1.5884935537951206,3.4204762872912875,4.589940002077379,0.06695979139281771,1.8808039200177151,8.28405420456323,5.188538394343034,3.9389799014898674,6.8196967772882875,3.2476916424655378,4.3853844720298305,9.937263525174195,7.742861495045885,5.5397330513732355,PortScan
233.12795469106322,77.23316137379095,34.25640577390591,97.51688196987887,3.1261304604464724,154.03353427104636,75.45711634882989,16.033165984057312,115.67365916221853,7.307326495167174,467.38998874931326,21.337307635587706,288.95865200378637,127.10629884572555,39.51055406792538,261.8622715851691,7.633459953828611,63.1341680105325,58.898893124231336,165.23583620014003,105.28797911295796,1.6893784867015882,115.21251246990343,95.48618683804494,42.93323571638835,41.79626677394366,120.05266078185197,90.1553120484926,90.48354993166458,121.40191931537892,155.15189231005445,42.27806183419962,65.43093481168792,81.2379821558732,147.33350715851932,Infiltration
4.643621759411493,2.1670671997629407,6.132524361426491,8.105007646210092,0.976665629539174,0.27012342981862614,7.611344035653149,3.2287981584266525,3.238254785895304,5.64739531087537,4.867375647020989,1.2156003019799944,7.604351313986152,1.762714770530096,8.260282238168116,7.643476425442703,1.6722660512267162,7.58213670540954,6.609395288607538,9.818201228208366,7.118288935648161,3.9021745315347864,6.200576431032383,6.618722242886221,7.456503331863745,4.686258464820481,8.276944308676665,2.8694177410613495,9.63340305787683,3.1043063705051397,0.3754615660679639,2.0013491895340407,9.274404214954217,7.900513802047434,4.3937087790180005,PortScan
93.04584940994535,86.0756587103806,206.1958600060096,159.60349933864777,161.32567595577967,190.2106502334391,240.88956664517647,714.4336036254767,311.76985499675965,74.27573109694907,45.003410378594474,121.32127724860963,202.60638859130847,248.66478015934925,134.4621834440164,144.81210315221782,99.86253432628114,90.43525466325777,209.1292032853721,103.21287893424524,142.48836713215894,393.59145339148796,634.4704529162331,3.6818401742943867,162.79391479740204,65.92759452744926,235.25872284276483,13.326464351061936,166.55946449016713,40.845544748109766,160.57264396383815,12.014994399720932,110.00242327430286,9.431651677033866,133.30565949443138,Bruteforce
566.7908534628807,71.91685497075089,672.3817032638004,136.07264445026607,260.45520755032396,533.9075904616985,189.37277390215655,215.97211303835832,618.9455271250447,149.65965279513867,325.0835125164379,387.27574680162536,42.80303191216033,53.682965610422826,129.11208795249095,229.74928375813505,340.45227346762454,10.531571037344227,369.6697899529981,350.435021669013,274.8805838284895,46.95115184558122,430.3376604679779,9.273070230721446,10.341466075078655,73.63995398556803,23.808367899283315,7.525655330424906,198.37243787229815,400.4645960244395,374.0232920055349,242.96259459213184,43.138235427725384,37.409481667690756,675.8288801243618,Bruteforce
71.76550829291267,5.566436055739671,43.130163157042325,1.9377801483149975,63.785741464288705,78.07278560099093,136.7660987710957,78.28189589033535,193.87194598525036,39.701943174641464,18.53690740327421,24.806941974009806,77.74089232334303,24.862743324239165,196.07070861186685,329.47414292339664,32.92944902297334,345.3694394163605,77.20851283489554,27.140206764880364,24.56557041213723,71.58894020422406,49.8229699390531,379.6914379848756,86.08824046579547,65.21037786007244,38.26976430295366,200.50895102058743,249.3417545834824,120.35535488055096,191.53320945411156,61.56281838568219,110.71638525971457,152.38763314379068,53.25882601841967,Infiltration
126.42673635391846,18.219020653147215,482.06385496760265,179.67834559943782,79.30493239844834,245.17537043216458,418.8472125717493,308.26992827138577,109.37294037111613,19.234980806486497,410.659868279357,136.77692565218632,7.092543048449151,38.374916216240855,10.723833189917304,232.23736371775448,446.23430911931524,264.0281695855007,45.14865027044168,535.4167915565931,40.70041348659682,383.92274201004625,172.4452064613835,0.6965442988977615,46.537099432795955,22.936683028125863,174.48409350835158,293.9925301676802,225.54806148579627,418.47000992662515,215.35926956351994,40.05633698846446,259.8051614767342,184.42728161114746,129.84013574358582,Bruteforce
304.590385718853,57.685038952203236,3318.6906960407982,140.70003304839062,4.58410751978472,246.10660043783818,6202.634884943164,7356.536099514911,77.78888585342652,986.8500979673039,2047.5418253250664,687.6946061096023,5939.810838038444,79.49678228722821,4730.386909139881,71.48413053035014,251.7066927160516,109.18561788057033,15387.579889738008,2.6422657748068454,5166.217894139809,0.0576318770272579,1613.3746631078566,6514.542294137304,14242.538762495773,154.30619359146112,25402.037290392356,6734.527373291998,11025.204928015031,6190.510177638873,398.3519617409219,253.019399093538,115.46517347543026,5422.682760096145,36.274192626582675,DoS
7.104572336206232,1.5075029760706726,3.946466142214202,9.133054443383484,2.169570861808797,1.4366086835675607,7.4480783825219055,1.9442914512288023,4.576095241831663,7.118316997951108,4.848500854034449,9.015109749123098,8.78148451800089,5.029505653099964,9.608493645640394,2.917738691141587,2.33891940871176,6.702449154334353,5.7278207916493615,2.51106907779703,3.711314588500396,2.3302700631496553,2.3697714578537554,3.6757091818084797,9.242196850080997,8.348978676382458,5.124181851356127,4.777695138776078,0.31478521622398836,4.622961651782408,6.23776849231512,7.785902070641265,3.5597969201349122,9.193887639484476,8.40192783515329,PortScan
1.014108631269024,7.888104614698364,2.0060932768329054,4.5601935901103,8.138207809229533,0.6746348717609751,9.281697750672812,2.173483618218083,5.007280928353267,7.3456916546292375,1.2349709520791685,6.087456339169459,5.155674372423583,5.858342287688392,6.624953136806609,4.20628037956773,2.9876920991758302,1.8385347256820206,9.39065988207637,4.013757890805472,2.8222433752751352,0.5254666141597841,7.512064230437865,5.277456291919487,1.909642075362521,8.93373841019668,9.337806146546955,8.806763111716537,5.609710382483363,3.7327975455212705,1.6188573658305228,3.77243312555772,6.121706299181604,2.265533698437249,4.6396272189699195,PortScan
141.54507875255305,109.84643722549517,145.29221724616366,256.08018289155615,269.3998924958948,111.19730380982293,36.44391725506348,79.6518108854879,191.95743805106045,82.42580814080046,11.010771421923897,40.04550330017605,50.07604557538634,65.43408285179598,225.05735350339586,291.8373723293755,37.98454723938631,56.53196952378462,40.68525174793601,80.58193075652844,94.00787074395129,58.401956161901495,39.77771260650284,12.233220862895225,3.732596914483463,76.05305297072701,9.704980200794115,199.40829227984057,7.380435953700496,138.98501448044405,56.02599815180026,281.88655811022045,185.27690976786667,331.60984434437506,100.27438723376592,WebAttack
16182.94892449455,35.463798555303605,320.14921906131514,29.224852187119154,17.458564439314237,210.82841045426886,7454.504684913886,994.1886811523152,246.86900549101344,6502.364375106895,14744.611832921082,1713.3637710176445,5092.248719802607,78.32833869101263,2554.0637437959194,13.966205823423838,80.82873812845708,25.31647017763762,7146.282071055312,381.0492932253217,6529.963686644745,3.719610330656863,2485.9815427921058,1930.1142311679341,5483.407030449852,247.3450609645056,15983.575810235792,5389.179526095004,2809.7043807784044,3698.6663232150004,44.2576009524301,37.8283507867992,48.26228060828791,172.41826475620172,95.54805865353782,DDoS
122.17244749575113,25.94996424309227,74.58563957785441,4.780465850493923,174.42796259072188,249.46407239218468,146.80946783552142,15.425940799673496,0.19745079686669834,180.42054240436892,192.0525131667217,54.5332866855568,238.0427634153322,88.08181889350902,87.43791381926474,116.026713754267,49.842306046843845,296.3989027821379,172.61752540942416,77.28739029883693,66.14296335387868,152.0601081308031,351.31233598679074,15.158212573154623,45.000365931606645,90.99742708417992,276.3582713215146,243.04607579290396,124.55511650044863,199.5872021383323,98.81409253824287,14.657045525129023,91.73042762303322,54.88436188447909,135.38511314690683,WebAttack
6382.378106067549,172.25403040026384,1696.6831490010745,4.3850146396021445,83.00838837380837,60.52962405224399,1759.9905751018673,5054.37422263582,63.97476054195421,8351.500958365841,2638.0671529220485,632.5207666995119,104.18419901709808,32.575632175346236,2505.439501584852,187.09414343804448,58.557219399214986,67.00352485582567,1130.6899865217551,172.67562340923433,7614.55378584892,409.5848122103353,9621.297251407592,13773.577323670806,563.415539168978,180.1033142066666,184.23921926574906,30186.39543191656,3000.891364413419,830.0369588385337,13.962480022567448,263.9414718794326,81.65544545975314,26.632518482792097,147.91067363190697,DDoS
6.410425069523875,30.89334545169783,23.6501356592376,84.0303781752746,42.559510560152475,119.86151226939845,146.52407038742123,15.383443034559798,20.477279435060993,91.28265676199098,157.67653637188192,304.87793334026463,23.517834084872373,180.03868841357175,14.454796755068088,51.05294127489509,161.25567961534017,25.97948333539565,17.04195876336716,3.6986633806786644,91.78351490497933,82.72747232437099,367.7467400854955,65.53179026440253,19.712026569870023,45.633635004621695,6.189282123254991,107.59147201181688,127.75129735477653,24.486075404196754,29.707430377502504,7.7224009148979995,7.946626014677384,55.15754273792462,74.40815457135231,Bot
15.668777752971552,76.32339552089582,153.61052357983738,48.584947828950654,64.6392262781248,35.167337635322816,119.66088371939314,57.906369994182086,41.71914482974481,7.554823272800136,124.99886347169024,10.024610953239886,5.791922831586377,284.36709771447465,46.128398550866436,20.81697798777837,190.9042904802713,12.893800980293083,99.72506818337796,80.80002178966119,230.3919889103823,28.13314022855975,22.470597474882176,9.84237205528,9.69650890279637,40.08023371953854,152.1036025636497,221.77442336856856,4.748696931937755,116.72989323621832,49.30868546160641,4.7307669258869876,67.6368263856156,2.7004831095518633,124.27078748463953,Infiltration
13.582429602467025,116.11395438267029,128.8607668948131,86.84016129359168,188.21046358617602,49.18137555200282,0.22494327690618093,14.45740726523876,99.10273314131422,336.3498050437039,358.73478235877616,227.9821691641995,29.84839642374005,76.11859270343949,32.091865924367454,43.79758836762388,52.612292555860904,208.43232471220264,181.70865716419726,248.50697472303568,11.99698509382668,52.67535063690223,39.021693388395754,27.78873220695423,14.398858330399625,90.43800634885974,20.61468861232712,75.58379596049166,40.59757400923288,8.363507482114262,49.333252214778916,31.46755161919334,248.41226761917693,119.3251536450346,41.18817958549436,Infiltration
55.80985078220221,159.7846281721817,18.702811701759707,358.06315825166394,40.52958699319383,9.665722721636504,68.31611463336216,419.4970836492465,38.611882316458725,16.07294750783878,90.74001151494244,389.089095493803,53.095648832873955,307.13271494951044,299.34971774404727,71.05626214394962,134.49384975088773,65.96105245035068,57.10058729762094,179.30455917914418,676.172698019119,95.5666047397538,795.723314723264,114.94255848485552,200.2767199496376,100.26863442873635,36.75068956595811,8.79578631284348,499.70378079448795,74.64069179844543,598.2913575777235,114.83013581847128,0.9785590812795468,156.49960399077037,438.69494184346485,Bruteforce
7.079835164258908,4.844235793388634,72.83747019050735,46.3575847416973,1.2396005222562214,35.964255569676595,29.80263668746945,111.13622551286167,81.19011304548053,494.82440506777505,247.05527745357298,90.87121316997995,151.53281160411245,62.201527548849874,338.47412411498834,40.797281785448476,183.06671695664338,105.81494143710528,21.496540944765723,61.45040979208149,57.35400249125935,7.7576873164621185,138.1957795291214,19.479041271319115,166.16651858646458,317.2452207705655,80.01403881911247,294.674700236148,49.35190229254802,172.61058901615374,18.45318985070556,37.504633608248014,5.293043435368866,8.09692463877111,34.32085457982297,WebAttack
2379.2092463427825,79.35316460593864,1166.309021360769,9.002637405221195,61.30009648654357,253.7597121723632,4213.630240476848,3200.558089200466,21.749087598529,4942.950288462649,363.1728498907079,8754.192332331859,17394.174339206456,181.13223897436802,45.31705063948747,79.2094759606017,189.587217123543,179.05659077278733,37.65023626468632,89.44955199076551,11850.453972178339,110.34267148019875,14334.071350100794,6365.639334610278,7590.834060065732,52.95703683106606,16081.396632126907,5199.150073917898,9883.562646185923,141.34011759523273,242.88194576172856,40.65678840996541,11.781442401637703,2357.447371683507,59.28261970517268,DDoS
116.30529159274823,228.89044644941197,192.0592422402896,419.3350695411142,164.80938187892332,58.08476069835828,52.64297492013446,261.0873923007666,23.556240859486476,21.158210444092063,638.3782576219669,134.81101979320022,127.37942590567127,202.80879195838898,464.26847268793915,361.1783456509894,133.52358306800917,265.2731741237348,135.27064374011647,451.31582115221437,223.80645675487835,185.04579982889246,193.57139218342255,26.823675199254577,464.3839673297455,606.0982671000364,40.268636742306526,10.409665224399355,108.7498744246032,97.16890994658569,184.78630515428844,42.25504842304682,79.57817760307852,140.10676465406377,20.458557977247853,Bruteforce
5.972677921803481,9.735347929297426,8.55270535921441,8.278331918064396,8.303701441260827,7.9333320203121325,6.792035097385723,2.5654251723816968,8.557665878555028,2.797308323725749,7.2488857722080935,1.109837126421681,5.472784925724106,3.188005857853379,7.044572455846312,8.55286785837973,0.15527165642128304,1.1432191651613877,9.255168239556864,2.392709962117391,7.3078941374520205,8.12546705538397,7.40550330863724,0.32107327357030147,7.354236406812184,9.615712399895218,3.687931708237717,7.102551175332874,2.7646970417853254,9.9745536011552,2.0834003999262327,3.0556597965413212,1.6790558797922506,9.5517727446507,5.714263771883487,PortScan
9.182313768125809,95.16465976396853,37.82561685815513,162.53152975803974,29.94330526208728,22.184116188093252,263.3915965557188,4.750353768492258,93.48432398021806,53.5429736650528,88.66021028452622,101.74941469187931,73.64811587731722,95.3477587726505,32.81311573305455,10.885961887613384,23.285631812484358,88.03079293693865,3.6614190814385306,47.181810409225555,70.02221241540629,137.9406386201251,148.35886338706666,164.0051409440177,34.060907246647744,23.788856940865053,47.64712439961795,135.05953408801508,198.39485992041386,73.61257359433623,267.0996349932407,1.1523174564421272,199.40891360417888,13.937751101556644,60.86355214504666,Infiltration
59.84809743490438,100.32704197094593,76.0291277235303,91.7570992615906,79.60962217339119,116.82031039779052,287.58482860275507,33.928479631704135,31.635806409142305,22.13116670544729,28.7608594899054,44.1290375692586,107.79722802640359,63.26925689023615,212.19898427083749,31.97727598284939,132.1300633254651,84.88756357987776,15.847677689063012,119.32452207395208,77.91079447403023,136.22510694207938,172.51335271465905,27.403653597818934,123.89321595246466,57.6059878425242,2.664482869016728,4.6983623069124665,151.2451233334287,146.423008438019,8.307167394195934,74.17002070766647,69.07395035278925,243.3822583953551,113.29009506472138,Infiltration
3300.729488995431,83.6640609799726,2764.4345672924214,2.7573015558122287,177.70409863261509,84.57680433382062,2771.9180952469037,1219.0311981453624,33.212241952952155,801.4024001206483,9241.804220457416,132.10294170261315,355.54414821168547,16.666617146904343,3558.541281176382,70.82613857149535,73.50075157377921,4.9433587572841935,2468.4958157475926,305.91002493828506,1912.8791443386037,80.32513245972837,3179.473575827141,9925.2079794941,5935.359004925429,28.412382711401126,2770.567993727735,7.383549661045435,1821.274728923318,11106.907729920262,174.07712421182003,25.06389234241032,0.01809833087047603,2674.6079024801306,9.06648578391135,DoS
13690.071679334582,321.4433259968956,5852.288143738618,113.26978928617757,51.34661943279123,113.80361832444538,97.7143171528936,1387.2370362485494,418.0559668116775,127.91576686043857,2754.7256864211727,4674.9277504881,2660.291236764932,5.62812248071996,4134.193958209956,417.23215583133583,77.78646285556005,119.81799289332476,1697.3010925061658,92.67970208513154,23123.064269565693,399.5920529159347,3682.917045340131,4827.344298876295,4079.1832488553687,65.6371632172016,797.1178900299582,827.4001854182978,13547.946231960997,6003.855497092141,1.8379012910826664,79.75712898899262,38.811697101732776,5587.474476323765,153.59929541736383,DoS
3.000802362566677,2.5188359179575635,1.6746701390221441,4.138380882091063,7.264993976819008,3.9605667284279322,9.826356393263646,3.0209067763132302,9.481297820427548,1.9355368537054274,3.207745860906057,1.6408146898182174,2.379101506383774,1.5711157042184454,6.248273111850091,2.006151504894329,0.8513215209104508,2.6642072882767422,6.784000682133879,4.286313015421902,1.561580843912379,0.6345018895545795,7.293547064325894,7.041096632007207,4.615247131108107,5.277489917124849,2.4049286051105154,4.853368280887523,7.286066143419342,7.715326173584767,3.4049487138051573,6.78850555848997,4.864844233277256,7.393358134106348,6.907806523074379,PortScan
47.10565300441601,81.60062731012384,2.547733534640247,110.58995319431605,10.499841506410261,27.034504954160095,207.56344665833635,185.56228171797872,132.5582945065388,58.12593801863242,155.76539344953707,26.500010273796143,115.56040750445513,7.203367287406688,96.36216079228468,73.1585287299676,10.481936933537774,35.04108606934671,139.52711742246876,13.03788799906385,145.7351532897126,33.101609144054194,24.03359914867267,248.9461685443555,39.160027053664116,127.89436980498978,37.7897045521915,105.68195305946631,143.15965506688087,17.359928032154762,18.26550709546588,38.39446358273721,54.50145848093191,7.004213044425859,64.91535844790306,WebAttack
22.117598952535545,171.33293068749452,5.547664665795021,196.40042490424722,26.704021142235124,40.16157920567998,18.357030073802513,7.283153091049294,198.09380681971865,43.70883320472087,61.448484502978815,38.52823310530041,41.332948157841514,35.80559082340462,71.59720994915935,53.39127576096987,43.665165283902354,9.115109989709298,28.97638958471082,209.38042565868585,127.28227635776548,16.245075463245932,68.84304571195922,230.61886818805007,90.32882900675106,202.4410774579589,204.056657984945,12.557114678548825,118.23563304026734,58.15758693812319,28.458058131402886,31.79235731182454,113.59018517235522,665.6885475025416,45.9066938879209,Infiltration
8288.203997605116,187.6860583191906,7003.630393942732,272.33266420334854,257.7180437583031,168.77300191029366,7151.024391981971,11315.53511109672,73.46342541845596,1663.0650412084192,1660.714145083902,7395.733140263903,7638.879118548666,49.55272715433933,1156.9200186593955,227.2117836106949,251.8470377018725,57.389989339771695,2390.665079614536,64.23131622104191,378.0737540809439,152.04585379656882,1364.6219999172695,6576.915669075438,2831.300057505422,147.69662127625364,2171.149160332301,2973.1275870672052,5384.287097093684,461.719285423845,107.47237399250491,11.958490395670252,56.27950164222014,6576.192497250695,82.9344490685578,DDoS
73.0637160491008,98.93737994610503,179.5075611268998,205.22180234516264,670.4287689956836,142.711737554393,42.5719403292602,165.44729584844382,181.49237427181112,181.3876446191841,8.34903308342538,261.59922786331765,66.71225176193961,117.6207664315095,254.66413686369097,108.90752253104814,52.05013691084935,103.31304309144964,211.54047629337205,42.80640901506452,12.69205445738995,24.348864203261424,272.39066119237265,37.78312501622209,34.479084064609964,92.766004644314,31.317370362040958,124.29919980245552,130.51163898222927,163.5773620160667,23.293167914613715,31.728864778229156,110.12277863151692,66.4457905363044,53.85301789416835,Infiltration
38.50288660859968,53.92428825528495,6.874786437969983,100.07563692778707,1.889271322964057,41.16269388679512,42.745533097048025,38.61373617624515,83.71000513724283,69.00553843100398,38.42443879655679,16.945687443896677,6.617289311731097,3.841718989184797,36.3690832866821,3.752580036441701,100.59775747113244,28.751530135111565,71.8821073120648,184.53940638081045,51.93541754810545,24.222065256716423,15.038455712934844,64.2264931388757,68.96497646242464,12.18500908050577,4.569238502495022,59.01464967883848,17.77777943098994,31.90397979755023,58.94581014175846,62.332058292598646,98.22305996576335,189.94228728199795,52.00585294986706,Normal
137.71095968840868,12.238626906952794,7467.19359417858,14.330195169415427,8.427150902333713,1.2410958769793443,42.554186769185,2784.844405709481,30.285244820029796,10565.500847338208,1470.4809272924138,2900.780458263995,10904.549012117282,73.69231631548232,5520.392383811441,289.27719800268983,94.70001932341697,26.661631089304244,665.6555173585026,5.280498690900439,507.1762333053092,108.54312304036797,2754.8597909297014,621.1353887113174,1749.6701904386432,61.23684666662814,2436.613130825178,3613.330065752852,379.3889361930685,15917.079071198124,174.86703952164842,98.19256194012624,147.38622076303605,19968.11308955055,51.14533262948354,DoS
9.006045919353681,15.984945563850841,39.03286149889421,45.73816173664605,93.90308581632337,517.4145166988297,25.71363761055121,131.54177585672926,142.38647552993368,231.39378443621558,49.911321679715,102.53332787492728,26.09751761174064,38.1029119185472,28.4800731347012,133.96286573167177,234.63143806108735,83.63343543931904,18.358081229030887,153.72999735717235,147.42595606684856,10.280350496179857,277.99027105347193,59.58429530191639,3.332182054314745,149.6346998180139,20.757653746569826,282.99131060563286,19.066705293428544,88.30450976020539,156.41054990452497,7.679185597442656,276.5021734117833,179.9969933757914,6.329703465403067,Infiltration
29.178071301887513,114.33311422552951,62.33275738119699,44.71024053162297,654.247318644911,325.8542805375861,84.3523789517182,29.62616107698669,97.97794937447776,22.607681663346863,41.65083058200104,80.09686459244543,81.29309913142664,60.84663652717158,263.3445444377428,25.15973463978852,89.86002673760136,60.91381112664115,47.382260946709174,2.4623357186670303,65.90346963919252,67.93147254685537,343.07511193238884,101.79920094023542,41.525594237567915,101.58184149635454,5.984353345968557,38.97583903468288,35.56558007298736,78.74421047986235,161.59657204021153,131.87794057639258,60.06337787617453,96.15704215057617,17.35366518342753,Infiltration
12055.53767658377,18.086792812164422,6118.178339141906,334.0693587580799,306.0278572521466,27.588817255228182,1862.9009060253507,805.9246217892022,29.207396870154977,2639.9041640064543,825.781543487418,240.60915257864943,1947.1676638220088,205.68938302092025,1373.1450588703167,110.91956806855035,79.1867945723751,155.0132911457333,898.0775912031479,2.6103878496172843,8420.259246265938,133.53811684466274,2396.172789238081,9374.01312780113,1060.2091511034182,17.60384595076807,1827.5128091905874,1986.8135590068791,1831.1060739531197,4359.031367355712,91.14140364259498,10.851184624973072,31.68507657504376,7798.619954439634,30.799357736223502,DoS
1127.4902271232831,159.91075603650665,6480.241285365075,5.017047292938133,119.1484323441151,3.3121614143831613,564.7348767809772,313.99187654759334,61.31877530480091,450.7926747737555,801.5457879177511,3658.8353172748893,6502.5881313508735,89.6558782054521,920.510839967585,674.1834325659852,16.87635936721884,48.072548645041216,1107.4628503965298,27.15266108002873,3504.5587563653876,265.80223436505185,13344.495892412055,2874.5584005045926,1409.9770172292262,38.71103822678221,4671.013669751844,335.67244267812436,10386.141459388748,245.3938811042191,104.91985254335373,596.9305097559187,35.546841447449914,7299.8949278507625,141.60425825951384,DoS
112.24774976295286,111.04445987514737,142.61016618838457,58.126730516982114,189.8613271666637,384.2524022809016,205.913740955326,190.2803859295811,39.370973741967255,196.8599356173395,484.34130035937227,160.76757497212344,62.55158653874494,193.16050322841852,133.5808610388333,22.220979672391845,14.55078525761723,252.15609968180894,147.714853882296,35.38206853335784,123.89347983982033,177.62432557808458,29.524571120024035,14.563243713874915,51.93790401137668,173.64345564552497,3.758928945926209,91.93104075967386,141.12653878366535,17.603831148317244,173.46780971532516,69.96979292790738,78.45951155532248,20.458113019980477,56.94398240735834,WebAttack
518.11434049741,281.692810502468,2906.8403112608266,30.95760564783614,56.607267890395384,31.429982658152767,3045.873610733398,4231.068516766395,8.71846122053888,10909.215338789087,474.0976441310805,749.602165965407,13460.590282238838,54.503373257920806,14742.744290247587,22.97090972119196,69.25244113365167,46.43124929672509,2228.467955065664,212.0421234405149,1128.8866715249183,42.04281043834967,408.9321738238893,8083.38205091286,520.781535343401,9.952643350397462,1159.069131117226,5965.015973154647,5693.499091908856,4721.452367506224,366.1479764927013,146.73825049445125,44.81022942798,3017.6781399084125,35.05681737416306,DDoS
86.22100893507164,14.353155099129298,25.150634981005453,109.50913370485038,56.59077240195239,72.73277951189814,95.4056365565735,9.647465261330614,101.42981057953352,114.42405421660754,64.15710688836563,85.78960507944767,226.9964054440601,209.9279059657555,105.08239081605397,145.92230438922957,208.9491723866065,167.9785611831188,114.43538507628173,143.60908007035334,122.22788434439364,81.39132556881393,72.85251233373862,187.82083729671305,153.48995928281403,31.28290133474411,172.49141635025708,414.37615053151217,77.85325521445485,73.84251064325692,55.54894610743952,133.20955339846589,23.14339362237497,12.16175357102662,53.87581886962344,Infiltration
15.515679985746802,201.36801925875974,89.8177833371994,14.337769274076036,51.66147861574879,424.70157065563956,42.40260866463514,124.63927847060586,438.1179801507651,113.46258111777654,948.590406261382,220.29241236679078,119.25674369753368,329.486351828294,126.19420590250125,125.52736305281691,163.66151957293374,82.84408604639741,143.40210054094308,286.62716628634433,269.983475636773,7.760712739200461,111.87583345926748,48.86501184634198,52.354998992123626,115.36745499860399,247.45667563496974,55.25385683635958,50.859592601549174,327.065211320684,50.77138058338369,78.24441323877454,64.38969500279369,35.92259961398952,302.94720062184143,Bruteforce
7.525387781208366,7.556963216004112,6.125388773245524,2.4780993151837105,9.108387465769688,1.2890729147139446,8.27295746392313,3.593742853287859,6.738200902731379,8.050971109278391,7.98589025708532,1.6114261139989972,6.109180827077571,2.1456264853659412,1.1210428344897239,5.135613107741967,9.8752705113454,9.816639350590522,5.734011814356403,7.721741639116137,2.49677966536886,2.243621853935024,7.065231425961704,7.8599954012437365,7.418371238095109,1.0450755319273608,3.5627255291872064,0.4418016593435825,7.861622645380679,3.1174636454395688,4.297348147268582,5.788883442561597,0.005525096436814758,3.54120210114085,7.272831111660682,PortScan
4751.189665681773,147.51825474521738,646.7313645372067,6.383902134837677,69.135541154985,2.503299065702992,5961.015933600527,6687.46821007013,87.06689974888472,4200.018086161186,72.10615700760407,11911.706358780428,906.6393431807959,86.43706359282093,21986.628103680112,49.66934344963621,41.352099005098495,130.44631148606948,1426.0652902028853,47.334798880939935,1630.6983261600483,172.53499122648932,5148.0949139789955,2894.727534173885,38570.535615056164,90.0776047877403,935.725068460466,6513.387289049979,13542.068793332954,5726.128765250851,99.05911011563802,43.366812636061056,31.50261952838817,9033.635016411505,30.046252235673837,DDoS
7298.962484549751,74.4221716187788,1066.1685336672929,22.144677123113905,46.83446890013829,77.96577636537606,19299.954339339252,5058.535822627354,24.081585062684823,4763.69442990215,16552.205359872158,1203.875244257952,1084.4728344114428,3.32179909412648,4375.984217014102,4.722229476623993,520.8370585685799,227.26780156882907,753.3210531628437,27.35577662825388,1498.7060570446843,10.987689569923164,8176.460965342314,7539.706123614719,1557.7547018726023,149.43195538069486,5472.044443540922,1973.6429356456895,3072.719700912246,16295.409609319126,320.13500125265125,187.4786371506617,31.03549965321154,4552.432458963332,258.76058644291436,DDoS
245.25616822395898,239.96141709292195,15.146922107755609,4.64025571329959,276.42437141506593,131.07767758371605,71.94707400025105,755.314081843571,35.785817211719056,124.07746941782112,57.230186262111715,322.75202934329087,430.2751008641833,86.43979541525768,101.23836684928087,45.12336787985565,153.24980008713447,153.92330065180718,84.52389327447585,330.4903295154785,191.81838391472635,201.2103178052648,67.03810521938519,434.22473033536176,713.1765434304493,150.91388808957882,213.36036257788086,44.545868881318896,319.72126413883075,177.24160880203797,97.86648099067911,184.13142924542987,187.05060688579695,16.265304349726133,526.5458627082214,Bruteforce
14.756205171429713,97.6548527692216,272.458226975412,159.00589274975707,162.92380476726797,99.89261750241786,206.9913663315981,7.627084619531445,21.578691551664285,14.607789167296373,146.0093632858124,92.80653834956618,131.99795826669276,15.274944499450072,4.8828683809346085,51.15073193373318,251.46063725727137,198.6406850921236,235.65610641218996,23.041631245791066,286.5934541307137,122.21516183669831,149.06623449372728,536.4454496243145,289.837268450294,39.881191339606666,184.24913503177336,76.65833375102295,27.959062928596474,222.91697389517554,17.683725241089277,207.56069314338762,526.9293915485861,7.841358518565067,41.647753843598515,WebAttack
2336.992126577215,271.71101461467504,6840.171627645463,16.048995603624114,13.093502731902564,133.20064946444458,7371.14032566735,6325.894620634731,121.10368231210975,12205.649681808625,10705.155506396628,3140.243073058512,7212.696437140987,79.69764733428235,701.1799585300865,248.97147874863785,14.64755731842597,165.91721961735496,643.2080892954708,26.263727326928578,8252.626481526366,37.04137924094098,2918.3668034734565,4312.912192312176,19433.584800441426,16.96199525591214,1171.9555894002394,3737.5594324859935,1238.1864678996506,2048.968161767188,8.182683236939633,18.25844686005723,109.7219227844734,6806.833601305575,45.68434705001864,DDoS
7.57916241751146,6.19451255692757,99.8938492815748,72.89000049907712,69.5182475357263,70.5006225164643,208.34585646810368,8.341318821468182,148.36989006109087,25.405819929951807,25.862660868414387,9.812021934642722,251.80581018613645,199.13114412000493,43.18174455258577,97.30976151896364,100.31950974327995,87.82917678750471,55.71350968101769,44.75191114137782,104.85477608953431,125.72178940363233,61.40301579029759,34.096357943845746,297.62289953683035,12.7707207264773,45.94681339015622,31.978075781847487,72.92831081653912,56.39611825882965,2.6446950805752207,62.99532256442234,151.08396078177302,303.27364069027027,94.19313738795766,WebAttack
8.956474076625376,5.426371005265009,5.054676114321435,2.0616187858684807,9.497737873711639,6.644902183375012,6.015687213678658,7.900557483384061,1.012709869036451,8.664134464678407,5.004827108321135,8.022130587667885,7.126308203179267,4.5125991011291315,7.69709823879894,7.206911408919305,0.037218828656436775,7.092474381968817,5.087886985712658,8.394708552829814,8.096444611301552,1.7064851402005432,0.2175866762838763,1.9632542826127386,7.411252711995521,8.713513888277651,7.005740162643567,8.20587695260441,5.872408763647866,5.06520676739974,9.703640236057996,0.8059015850826978,4.213542683200066,2.7805723270886453,1.220509743197693,PortScan
4.114582896922599,0.8475207897821047,2.040944637531894,2.9158265313590395,5.513169157008741,5.1671169162825805,5.428664218825594,0.7646149933574276,0.09773195215062813,4.631519683107001,1.9348253189264553,8.916801343361895,4.309125698816718,3.519923321723094,5.440055325093322,6.2860185171800795,0.8196736273393079,7.413381919183852,1.375788734710689,3.867326515256133,3.5686762024080076,5.691618540772051,6.894677106705485,8.008184360028817,5.271455312184799,1.55391806803295,6.9595378813502276,4.787995150234357,5.889333247778459,4.437074469911741,4.162939904535366,7.013588990787624,5.2410857486929565,8.677975058776248,7.434459728665487,PortScan
184.282093599542,41.32230981092338,27.741009010561523,69.94024515871331,192.17262492265738,42.02072654093823,289.5255462056843,308.03654838338844,49.93476701497278,21.822333947457615,35.04505805656163,727.4484645897013,42.45188349745108,34.027632230299425,23.807426164328344,11.84787763596048,16.4589412521196,689.2717784803592,2.8591304377855913,137.30957070294724,23.178400767949935,168.02505202217878,30.457020604360213,388.06827012287505,508.2224798859367,274.9378382987196,185.86136563086873,240.61945817908276,151.8107400482374,87.20867853188055,20.609412348785984,260.3484570972616,210.53957094407076,52.50715243887905,139.81714298490581,Bruteforce
141.15140889179202,142.42609176295133,597.4451374561511,146.87970403997184,34.00645476909826,29.559159169740113,543.2192745349921,547.2697010941702,105.75040977670511,184.93262659873938,46.32223600018939,2.913169474527437,77.64916364712856,315.4919444364387,140.31993194556756,64.86810820945269,68.65164778841846,417.7732551052898,49.90144466880063,25.057915438657446,184.01966843870483,52.714905438204454,672.1936843530806,168.33531652065616,1040.364308279654,5.660077430371035,280.5965537859049,954.0063421136886,72.13203350992082,257.8840289386666,109.94557562487984,8.136870911606318,204.41587876435037,72.6064369449083,13.117271716324797,Bruteforce
14.756740939638005,42.23746414032634,89.8882042410759,17.28766743991405,33.523437016724365,2.914806507622037,49.814760576654955,60.779682796291546,57.62429055803114,9.06407858204009,12.574408822849467,23.431007397464857,67.60643084120422,73.29323199576574,53.330030123988635,78.1172876568875,75.87937186557994,32.429134254595056,39.91894082381683,46.29735054355512,19.04512521963437,1.5626009692174667,5.2184656539110845,47.59152073298506,174.84319856220878,77.28745602179772,230.1804986545109,136.32553520152806,59.96848365399205,81.16183565398299,0.15228983212342098,45.65585685888697,36.32923071480156,30.384739952775664,80.02900545157617,Normal
23.07914012390408,90.64695125342159,143.35051398784492,35.640685247832316,64.01531300609663,333.3370919007755,0.38955779948862235,224.74485686169493,358.8252194845123,112.31138464410817,107.578994283512,54.938761681548144,214.12296077145822,108.89003474866796,88.44185808008663,69.15709526521258,114.49786423075376,0.1977255001875777,39.91354771986775,78.97194508580021,87.11806218065074,63.23349989512198,223.12933406949242,117.26029283421633,95.12213145664515,338.5831844264093,204.80673993952414,241.96589705399853,189.3389201293383,125.21398389168871,154.94199254053493,46.02044836868358,18.747490742463377,134.09391637949057,10.509000881928717,Bot
21.004103278039786,48.61169923724881,28.364934593380298,159.79378114516194,40.60469969404004,10.394683442660625,55.098708448266365,8.343630765381075,34.492149759437126,66.49488477006098,13.085182997449499,59.20691247737086,14.779774952067612,21.619384337258943,183.7844974569311,24.553335305841244,58.23453812694505,13.803709525755933,15.765398446886177,38.44933713205499,14.790291679771613,3.2848513259977086,10.150267184908886,73.4309720117465,54.717318115996974,40.627699784992274,41.70466930540655,29.956147556404687,163.3734086688297,30.729101290244547,88.82433011693878,32.50957528691498,68.1359723124844,42.309951320584865,72.34221334417403,Normal
21.713186437135857,79.87111946455349,9.624970346854202,292.6631913429435,27.97998658744019,135.8303311782065,118.89743489863149,8.185017398586062,100.23171412773839,70.91945166392576,21.111573627542892,93.87245803134738,79.47751869283833,235.29578021264967,1.1844677255894571,82.46490551014425,8.327384929926678,0.8129492526929892,105.68017484425569,92.51722209625825,45.15886073572279,27.32578575574876,198.63122486099869,63.85420665837734,29.3059951930851,107.93577564850932,68.69120029937935,114.38505783647327,35.36666168710397,6.694612491830701,96.37600989226364,192.05096190283447,3.7491251436736475,2.5271093611985065,56.634587489376834,Normal
7.07567683762502,55.8079425950026,41.69769182178218,92.08748795446655,129.92166498386192,64.09168696272745,188.466133617051,4.725568871166533,39.138171923162126,87.32769578438936,47.62214660538179,15.548625314591941,22.903812606289037,50.5606204900707,42.08347754313769,130.8183658629575,118.4594229153902,112.03980723986093,97.2321186096754,139.73141976008924,295.8089551905007,34.909297024736254,215.43451851616703,1.5087172922619247,303.83542751683865,10.566810444525125,11.931460243564079,56.98535153135042,16.66291307244439,1.234579774531307,0.007122615778493983,33.42927843463022,174.74227138504355,12.859535653529777,91.83949456194907,Bot
33.2939930635196,3.316178472499223,133.82662849674352,104.7712302278695,29.0374351468849,40.61427294183348,22.58195628760796,32.49811279952959,44.43087873131229,80.43218283463735,30.789896551677526,10.949315528204059,5.183733751469932,15.838062997885979,128.94948997582802,67.84262658814264,166.7305118895188,65.3654258334631,165.81635012009173,50.6309817555092,41.35627031144764,425.6080388441196,50.52659389433419,85.36688882344905,6.268967956492724,37.40179385528413,13.684842417778132,19.743962447190867,29.149510468606255,29.05880699803461,74.11995148425436,98.03220763176677,23.543689484652617,11.631772000713267,105.10954679384092,Normal
1.1986792786356593,3.846286824495704,1.043618091642159,1.5428928154006438,6.687156627149774,6.513421237614814,9.450182299847636,9.202732385733738,8.73940347555788,6.909543613911864,2.6658936189550975,1.7815774090995429,9.494178212968695,9.596289899897004,5.044345317099196,5.484136781485891,0.05372879790123686,1.4858559632353818,5.459942985038032,1.8179311554388344,4.787293418887481,7.949158034236461,8.007779616779764,8.616583120952008,2.357120744815414,4.318972788759083,6.268454192352685,5.810860720353226,9.990731809890628,2.762814162081276,0.7133945040814027,3.878620112823603,5.180135774814324,3.872392180356985,3.1936416580445695,PortScan
829.7507990113219,127.95663370013763,25623.704237670492,40.04862049247176,62.81462337749538,159.86976846787903,555.6645072618138,9630.202224983272,121.7348561152793,1266.9913732691862,3981.5229658952962,3877.6779796969104,2062.839985607854,565.3148278463506,7380.716352951599,150.91015419700307,65.03766638096624,133.20453090584732,7629.346834858964,17.995844756143082,1704.8137826147915,34.98768843511814,3611.7541957912917,6644.454003732516,821.5976289940243,189.44068846688577,3998.5977587101925,4611.669488307357,9050.850384879099,5401.14771925457,15.006145555333575,80.00730857848801,39.40400538973321,10045.149716897522,98.43405626596858,DDoS
165.66949212367572,29.740867609812625,355.95304829681044,192.97846479338497,325.58141877698034,21.61743180076966,14.582799385314551,28.032889012816515,63.51777107255546,188.19265178567093,66.62329032375297,284.59489546301626,19.124177777682295,24.588730856238836,974.2595286928198,400.53459754990007,82.0133476223821,30.302414822626083,179.8352812389035,21.751172754618604,11.534010692639038,122.28302392516778,225.407484334348,53.80654427449086,81.21461086746713,743.7889954849002,243.817449953032,663.274913984969,257.3783668452316,159.06541214123624,44.115774284058936,4.881604326081561,135.0276744440507,536.4555119948438,40.022620956292805,Bruteforce
83.08007614862322,268.6692692603516,11.270930828626335,159.2399371996155,20.861111208491778,1.655503485370469,28.31005236832708,8.160619455109183,234.495729215273,64.03881362590347,91.76491104872433,73.97332454985614,62.18540895243363,432.43376896489394,138.50275508244405,138.06153623992947,160.80969005995246,28.01037533428426,108.73333632057549,201.74023929524688,216.52176495480074,76.94713440670493,22.519787779515923,107.64016381709503,433.4866240187851,214.62804650185575,77.20643823376332,893.9568519831246,187.68535125288116,791.4930276199249,128.7039437656617,36.93096566052674,69.68102496596151,329.1060959387544,165.7285554577787,Bruteforce
5651.305554863558,65.93367354056558,6936.960637882417,45.763014683093346,200.14911947328514,60.12938941221808,311.18927054332056,1776.2783579174186,70.78480281776402,10205.460096604744,2868.1592878593633,229.28621550863878,3211.227011940431,77.88686159733675,3262.3509105732574,530.2643626057994,49.185827039019,141.9218846447771,6143.405741353105,38.41638211825214,297.71729186897403,112.2706572350952,6557.83102691363,5226.300548784066,4054.0478228198103,183.76658592758602,2486.8472309901617,1341.8114854137075,2975.018906867123,11372.974822683103,94.11183876843535,19.289672425525282,19.650666691034587,3967.747992775391,53.92143502408376,DoS
213.84934213420615,303.3354637373272,155.24777243994464,27.848209793441907,63.47311063164468,315.59410215928034,130.59408264615152,100.86404400361708,495.35337074099283,112.57632290198725,726.9680185956472,245.0706134993907,430.8374356008243,119.56929223570525,367.2267896938041,68.35694165170297,79.02332221352023,274.04279467429797,28.86573594876082,95.5304490090231,240.33405011266132,594.2442182737016,58.68022138471719,383.280813647521,152.18448579268832,922.4387368975388,459.3144781044739,179.72641326034403,325.29899000385905,7.893639244253039,412.5533029008434,75.29828041210031,306.6682293788397,181.28771319111885,89.13831740266465,Bruteforce
268.2362933122183,48.078378182484336,4.105317829261143,3.207788445918194,209.97671404233475,246.31803127626185,110.63915404071831,204.68941192826713,213.6978998828562,10.342672123660076,68.88102040490307,98.17371054537023,163.61583598320556,254.56638408470334,41.94769522563908,32.72291039025944,24.84048284476319,85.50704738749677,127.04900220411648,86.58815528572157,278.6074375622419,158.46433013843543,26.788678036649564,280.0933978530085,254.36514663490567,102.15719330032427,7.519511806029043,73.23432852735178,25.20986003372213,19.717112457889808,10.194812315511625,16.46317896625916,35.50137409138504,27.62867644059058,363.81119494538774,WebAttack
176.7516528933405,208.88085469306984,123.93490835660985,104.32482054742498,25.713695437130745,15.811314933434176,167.62209677385277,45.33168691267177,262.737128291809,80.19805413330035,127.51750640881328,104.0657210943924,65.0091938624944,1.1549410361855166,14.219654154089834,23.29110381288534,7.200520512820255,13.59744671875864,80.88776333583249,90.34366200968468,122.8396648640097,20.285196550873007,156.79683882944695,23.197126159167098,2.0741633841652156,49.3723997886307,20.072618331781385,89.26821912991485,254.51632909467295,57.38508078586726,248.23036597096356,46.59657392250838,2.6752184828723897,239.22450220313868,63.71684378187958,Bot
35.49847314793947,6.215429350280743,28.018918044193224,145.3143174821827,74.01015947873381,32.89569886750036,82.31803148459551,73.96128475178449,19.57630082846637,13.772883672486977,145.1994782198537,6.1167202258347455,10.75073531759387,17.632843160461125,67.47203066836455,31.490002388597155,164.52911037273063,43.307496320713234,183.40127733026938,72.04442170617116,40.638272924979944,124.9699621360772,53.004556566858575,9.221862957627092,54.31098662886157,55.71032898884706,9.030641445043061,27.60311077460419,49.42272061313959,47.48983529529168,90.97087247786668,181.42999470400747,47.13567618479331,49.25689874445213,93.96224717639036,Normal
182.41763117818215,9.147831894675742,5.626985493164396,131.60010599420949,20.51042243261571,0.153326595041175,42.968833969928454,63.76407444577177,25.06282624869791,74.77838655116334,71.22565815671183,140.5298621006606,185.1574729063698,140.49591271598348,128.72675651406135,108.96433514167528,76.47789226200501,3.1781277927274503,128.22419434241127,30.60015766737117,10.494089497694631,3.6088046181318383,14.396303543564812,19.27473078058504,6.288557445620723,134.07432530533904,75.05230497849624,15.719681477406247,71.81173350222981,2.369009810369841,171.7205631043441,67.35682455607012,70.75168857964086,22.8125499144871,71.27496835933682,Infiltration
270.4825126020222,42.67423054432754,0.1462281085700175,91.91531319498458,83.1754692629057,9.410708862207265,30.647942527140966,43.938609972318325,99.87400941408569,100.31165619502511,26.35227239946677,2.807822827469008,30.718221453994932,29.387257533623455,20.60754977613207,148.57066183390444,173.93963145280097,76.42923393383217,0.545891515084303,0.16755085493076585,124.87757818725615,120.24637642435488,9.985305928785785,1.2589749435170616,122.58445473005473,129.92277842128735,35.73462855754098,20.23778590441216,128.15182597904297,1.6406445687452795,62.26153856753843,24.422102380686688,10.496340862189658,41.453080393756,6.121819121058074,Normal
42.86902956146441,24.471685584765968,5.293998157429159,181.20786135576012,302.8594127166841,172.77755033803194,18.999709486429914,46.5443588624387,86.48001831188834,23.130510101142338,104.23444702054763,234.73338445189964,415.1870968801365,472.51372965887117,451.28847517815245,20.27291673056175,570.0941615547805,218.34551853261016,684.7169531012161,19.39065461697922,32.15781650204613,858.1977931619514,210.6035706186291,280.6738483173832,339.26231205924125,25.275555978798554,56.63131172085617,1.2580712928846252,850.5771601204711,109.61919960091755,9.301458184728105,2.0275950977862554,55.422667594950326,49.11782773658848,451.8509012498299,Bruteforce
0.022515283356350224,5.781198003438713,4.375452403674939,0.5496072712397437,2.962456738633735,2.391060222306499,2.6061813192152075,7.89662383240353,3.04749804247191,4.896265032546601,2.655200843501361,9.505401743900457,7.742138183858339,4.232826132089789,7.269833744293747,3.1482521759521074,0.8222988822649036,4.305222037381311,5.645853549298914,3.493546691890299,4.015383881998998,7.144288238428329,8.95447382059497,8.941060429549513,5.75691813806857,6.294903572890259,5.3281126534785415,3.712357187716151,7.3815969603725815,1.1124528373300213,8.940141708902413,2.837194691239792,2.1882215143711417,2.7399420734481583,8.117169346276453,PortScan
66.63279965679713,151.95124802697507,125.61258628576361,34.559743987794654,16.87972205400151,101.04245212487415,462.92707618953824,130.8232584478056,1.7442981290081376,114.36270307865645,20.2350570471031,164.5967051390303,10.418789571822261,74.2395666639345,531.4206853403609,348.43546496636304,281.6145598839344,572.6754584900117,138.0267545332479,18.675608927762443,206.29540026470806,647.2170671396575,99.88098550793913,287.94087266390056,81.00563607173419,73.3471571595381,391.0905725914891,237.25492510319427,1066.513731385783,95.88920863152246,19.313314053756926,626.2765657437168,235.61345418944347,427.8986155865545,199.4167159157651,Bruteforce
4.515340376359413,1.4784732087700236,0.8599321263149751,9.60182655307655,4.759562714383833,8.023273444083351,1.7078405786732165,4.615498830884923,0.8992462518950461,4.11800739936948,8.263997736632586,8.927476281043933,5.190060969933854,2.8640228019799263,7.334691972134514,6.389283836685041,4.704765443811942,4.753635363598713,4.9321419772434805,3.3924227075771505,5.189707885136845,0.5737390741882298,5.701838247964224,4.962046070156965,4.205626601232089,3.239936757491816,6.217803408041763,4.849752982155469,1.0083962388090728,3.744526881907727,0.7650539174293114,3.7916941300484885,5.328318989319184,3.9102896318088574,3.416300207922119,PortScan
7378.697991206683,186.98459530452743,3761.279417974811,4.6283324520556155,12.887688504389807,95.50795666323442,5401.941205755789,814.4032845201888,7.916711338171744,741.3851086299034,1157.148284679905,26026.511790644807,5045.350006741458,146.76901533988143,7716.458821992635,213.03375085411832,71.02905077963875,39.43060099902363,7420.584023597994,296.0191039936532,7886.256689498184,26.15311403479197,1653.2945269612067,1594.498723386579,6396.006238508474,80.26749509711044,14582.290261887332,1472.8271985125127,17432.029412633023,1027.6650620488067,0.0773959472186755,164.28504731010372,195.17003419083508,3849.669005926734,32.82063334164388,DoS
121.12392591053423,64.2114264066066,135.53233659910126,13.295522272485535,48.02328946896903,29.515821634133495,6.250385353764661,43.97177361556726,89.75498831553783,54.307192078839364,136.5313760802846,44.66307100960302,14.662640057517292,6.6428771899091545,53.94851878278221,13.34358761650812,125.51449083421964,149.32615954343348,66.12588655507948,42.630349059836995,1.142570247679809,0.9278099577588491,85.48359479755204,45.58474779998613,79.29602301805213,2.1089564485688985,9.064690614304808,97.16964695371776,41.95828218927225,55.37795920839241,85.05264761373465,17.99795128346113,15.089904261793722,35.873427651774456,2.5233250971068855,Normal
4887.190575632357,13.246035634285738,1828.860162133988,139.50282599066298,22.68628122259705,57.66370266681737,314.37248924075294,5494.093963432947,148.96726673085533,3385.5632841481925,2415.753863120451,690.8233383287653,12332.863092975042,71.94038683335407,6612.911403701496,170.384269743662,72.2173610099426,59.759180385652186,2727.998013778959,126.63293466877991,1632.307137816388,105.44924193694088,1976.5521004001905,14100.817698311028,3726.387360107045,227.5916371872636,5011.062814558458,142.08742922261,9246.0233002804,386.70203451079095,296.77372851925213,55.54024923868739,444.0216919871653,5836.484876121676,46.901545146211696,DDoS
3986.203246080618,153.2298619808905,516.3229079410073,40.89869273813345,19.827673522854628,188.49792902837552,2087.501276974175,4422.099277350051,34.23084578270947,918.3195333065678,872.7028015793177,3629.449809979743,1440.5070997688722,68.01704936160074,5547.756625783307,52.9228517506312,30.330136393937956,80.00882711938024,1408.25839077889,145.4257244012055,1239.817775442732,89.96550286298836,6427.870076762153,29863.17618493578,2998.5807883048965,191.83878156658963,1821.2302428273192,66.74231932007154,126.51883964316302,2989.7316480914255,71.69662971995592,53.577327673120024,30.692223886821846,4331.861169680395,14.86007565980389,DoS
79.76879003885009,3.0073665968854044,205.94444722816206,196.5100415374349,17.448367606016113,41.596947121174196,10.572222246468737,119.33788168269793,50.222574068808534,6.747657296014488,0.8816536003513633,30.4444510116961,96.08417512360626,8.00988272000987,24.618809066498752,32.0581314243182,98.73954802442474,17.267122061395103,11.99568136748585,57.18092000689117,55.03649367599232,51.334800120899715,22.147791003478325,1.682230012569095,28.501949174480373,64.9691290510389,78.52174447302922,11.694959736595115,126.73005955014457,54.89629672339481,72.84774955690368,31.199287573224122,116.98188506489986,32.33985656270302,210.43234280460194,Normal
117.14261998884548,39.979554502616615,65.41267244974324,146.51475362493505,521.1081865491807,85.24902631999666,56.933966078821655,71.48538635457922,54.25744909593276,54.66679160428316,30.027412254758858,52.22079257493687,85.52455196426621,81.3158091070053,50.58305695827917,98.33207801077116,33.11960844066252,14.784715714796622,29.117638645186318,64.109349797136,83.73620532880113,39.2181181610724,167.4700973561833,72.55701756330203,177.87156426887725,174.70815579395952,193.21522287308346,96.79309665260782,166.49672742091155,447.6584423728607,129.46982772829142,7.455174719800987,21.642088098329936,209.31711570698698,25.00981216123495,Infiltration
58.65626058671407,124.30498695193724,99.6816881572592,208.7506708616695,227.57382077866208,94.5546757303373,157.43159402737686,67.21757113822592,11.501640979199891,54.38865615768195,29.40136792778885,197.1868193693148,22.89034434325963,127.40974481744674,227.2813355555614,13.38603660753382,94.93569356629081,260.84305894431037,51.5991963729606,49.21606920939634,66.40426973250644,20.594493300088395,18.008485603411938,310.70514898235257,240.09799413128684,58.88472698209808,32.349000813231015,134.41593253349646,434.7894572488503,216.72921954094613,48.608343397614625,66.22424798857837,109.55143362329743,75.08227386816657,32.40686734709849,Bot
20.163702756904893,4.726329965785637,87.32514454753617,51.66971471095733,121.98897037674514,47.63138874227613,124.83884438542444,27.787775921817374,13.375178264726031,19.862804260225538,15.380224011604628,143.8599403980417,47.48158766499008,45.38196533957371,78.59459738654733,8.207567167980363,18.073230935898298,6.540356106618842,21.835987590796353,2.608640618338524,169.62272685775062,47.580022517218076,78.46680029398338,282.8854544293009,15.853833774191619,15.506770520277305,33.98449156036188,40.88237156779991,22.66826618053536,17.746167857437552,3.2964936168986556,40.72339163363025,117.61737487910318,9.283601654620426,86.4036767081822,Normal
1146.7945875681194,105.83417944317168,13029.0945861491,34.15393255360543,105.93245001248364,25.272554560458737,8841.446876107584,810.7992067559663,80.53965418852607,7400.060478037533,2459.1625756861235,6349.656036523247,17434.489072182103,24.722036785224084,7734.502435769644,357.24654533431533,64.16655344538218,10.51495287719695,2579.677087578803,8.217106312470031,8290.453439574756,120.66969373581267,2159.1431350652633,844.0206873371492,14139.471618726002,38.033207759245016,8527.778275215236,6523.382532556276,10056.56543184865,4153.409354446285,128.76495139990715,44.35072804158416,107.46490497842306,13403.357490581995,46.99269771684207,DoS
93.41777203042801,61.72191227748066,81.93487318132526,399.2846987465962,50.84528376044615,580.476009979237,87.59798180000752,10.290560565694562,496.2842389419202,303.34841772401234,473.0204375027693,135.86659725778802,86.74032447121371,339.64281742667663,167.16720449360986,95.30383537683039,127.8757621808357,107.30489277402346,0.21425382940618437,80.7333157988137,234.75542914035375,3.1336959948495653,125.32142210036359,143.8023359087841,10.782886447649595,225.25188778187055,623.8613422987742,529.8994363615908,38.12027256630516,20.009604824101313,275.3052585183445,691.681359312598,5.769547176993154,77.96266194463225,40.171003625191894,Bruteforce
246.70248402375998,137.43041974033042,74.48556878492357,154.92892842628262,99.44983656109116,229.32806976901898,24.576649552671352,15.002797316287378,60.932418029213764,12.066411748111797,62.38188686705368,113.44686310329774,190.60581842032715,349.94618064438373,37.91428272209043,48.194062712115766,43.768582420448986,4.668755416081705,17.328839745744435,10.640753163317537,82.33651087031531,56.019743263458324,280.8628174003871,2.8342143884013056,31.85298368070667,50.51694432476741,91.04879590779532,26.22535267929425,37.44525561096307,26.647645501577294,115.08550936390056,26.318744408981203,124.24238697143619,124.8455166075124,76.02296360376641,Bot
2.5239681485571044,4.312733133949127,2.174220392080697,1.1329784535821874,3.9906365580706016,5.550813952444252,3.0212169735956196,0.7500299903086649,2.4963731093625006,2.4565738391260092,5.907522093551902,2.8214867884772197,5.33775871909458,4.703396311376683,2.6635779205007983,7.412171754625083,6.675912207163829,6.8027296312914975,4.335811865185521,3.1659634571276185,5.907409907029492,9.590903366514864,4.339601825235455,6.652833708586291,4.423496688422722,9.326016603399873,2.647166868800724,4.583999450912842,4.936522719986883,7.286479814540282,7.213088799787698,7.394418998846742,7.329402452605882,4.697582656399978,1.5556449743278278,PortScan
0.7063537251589724,2.353094134451089,0.16437795616545903,7.052361427229704,0.20946221869733828,4.491767762868108,6.488673535107302,3.0499555552796167,3.672804432759673,8.681590088385967,9.014130417435597,8.587000580271617,7.499344311656666,2.7752935256565348,0.7467713618690297,4.886953781478413,9.243929552437573,2.233736431052822,2.095493897701788,7.796488024322739,5.919881864692717,4.042998762787634,8.626702752697868,5.825282636757278,9.202675506722844,3.681502460642916,4.440755021906329,0.7430351131920176,3.6768942214673626,1.79714271193406,0.3283210684968474,2.5576190601838533,4.906266391391478,2.473577594757833,1.0908860575039525,PortScan
204.25651462711411,367.5134949369184,147.30174497592392,45.45745502976379,103.08892934948763,192.73254375771555,384.4552080977971,27.491287236254824,460.63603520677054,8.331549489901677,1.6097697561006985,57.223915424200456,258.23486578793484,24.72248054974774,526.6652657643626,260.041322877618,38.587469579848104,49.673869655326854,35.08028129249284,152.9895570177547,268.3286387673408,46.12413567559912,53.16023011287969,108.78113222041344,6.317555375306899,623.9837818067139,22.73365095378739,119.32656433325543,159.51047570713777,93.03760865054456,386.9885176591632,84.97181535614162,86.0251996215425,179.616072705169,126.57953297157576,Bruteforce
33.57691795003631,34.23418829575319,22.228313763566597,32.187321665616224,2.6491932898381263,7.212211699994938,27.787780384307105,39.63960674803022,20.30892048824949,102.8105073707221,222.10727739891007,111.79519287871346,7.180499685881802,18.401745385839728,59.36900981891702,6.092248090601709,27.68136351690605,15.025993542590301,133.4119678290144,1.9169257603518846,103.02063153509565,33.16434054587676,25.291385662102144,90.9141648412998,5.602707066727352,0.7427049191089047,18.666845856580412,15.795574136373208,1.8156354577952374,31.636382663144275,28.024085089703377,1.7298467544508427,17.152556473844264,8.915591420968576,55.769271909738904,Normal
8.704381108808287,3.24833204208515,1.1031806876438133,1.287819705475397,4.947587760547522,4.259339663241827,6.635266442516617,6.118655255750748,1.0741196061569935,2.967487564949969,8.962547981931245,7.666826426836945,8.70541202594369,0.21987622643602212,9.120886956177367,8.610780184858083,4.5227712383692955,6.7358803752112895,2.7199361317135127,6.585882140500087,7.987712592456803,4.835558696028331,0.28273503058037,4.163453826897562,7.249802479339604,7.0375612683138336,4.863034823802809,9.857090754071995,1.1704586951647455,1.582881854233742,2.5832734923416076,8.035449249750856,7.628182928971521,7.727618398394509,8.796228491473755,PortScan
31.14614360094941,57.5093564704637,0.8303103381878248,109.4685492371946,128.58487748721157,62.33107655909138,57.1861411572385,40.68334966423031,66.22900537419896,2.7207915319794393,152.40542521441458,35.915417601330375,257.1054597783407,4.870180096224381,105.52059168026051,117.94759143831956,17.518486961216013,362.5490214462024,200.57263483313045,101.72299046543272,268.28494452854403,91.51054317706652,146.8933448733352,25.00917018053581,9.52544198015053,225.32482307360985,47.0229989721057,120.1653645868334,13.284288781230957,40.46148137491303,122.19046628961911,80.22291654761338,14.328459642791222,68.92951840661769,119.03143327678339,Infiltration
7.9506503104570605,7.576690514427274,7.128807265233112,0.5124052186862205,2.8819965824367166,7.9845340465306025,8.955519443557133,3.500559587159522,2.594162392941141,2.3589533465987564,5.4806388709932055,2.9148683973238274,0.2133679220599649,3.907498863288125,5.5373349950529445,6.342430608903998,3.429547129299222,3.1389204441476712,2.8387675062004103,6.233253821471302,2.8362534764676326,9.168528163843892,2.8168738040651533,7.909359795514539,3.19731045770296,6.3474063888877,6.99015725538267,1.7437334985934694,3.799660421161717,1.2758200780677997,5.106556428662941,9.094206183899606,5.962358357643282,7.016601285404885,2.830538367219707,PortScan
32.40265830768801,19.774262406638286,45.57275023820616,16.490381749083742,73.56274814864949,1.959454570811448,5.477511543824947,38.53110237589613,22.053071197242435,36.77198954339988,156.1344875119736,179.489413845071,11.961712638483329,41.5491438905819,17.145064958066577,97.64883663324379,1.2051179098984086,64.22269250028211,96.67321927858879,27.406242544969057,65.86327575684433,9.19105907062678,99.84261691033238,92.64263973904356,5.328974675443847,9.878547819800383,56.58162977308044,122.32582901795084,3.9898667810283284,21.73939189218866,63.84720077300244,20.817714074525195,24.805456785859135,49.396411605893206,6.900501872476422,Normal
6.807185185788669,98.37008869924496,405.8381077901912,247.8510429267886,684.0387465952747,246.11823004917392,90.99597574735837,385.03857747069105,281.7797249210208,127.55811150908552,1008.1474186005586,610.7516685472308,25.003649925064238,627.2695271283285,163.68586057666903,201.50112034010417,286.3916106437779,34.54971916416079,148.81817383514291,36.89150365707178,112.97275343386804,20.116460992927944,123.80887518555352,41.25539998875883,143.8068569819904,211.79628280748125,570.7451033041953,182.68244839390138,218.79012181631558,3.5509269832006334,192.43160674269186,107.62815418471541,178.16547200027,52.920491229035704,107.9098391185542,Bruteforce
2.849541755186729,23.85675509476118,29.72226996423642,263.9221834823599,223.7232085234974,3.9593549402124486,14.397304880240553,44.11643715249237,1.0510833753499578,21.804795273060478,178.8706780872658,51.43095320555007,31.766684131637955,49.76709287199649,71.6885983071764,51.14003036810537,18.74295139329229,34.57899813406273,51.06293126631651,20.06469768188896,2.2001966284916774,61.67094236849206,17.68071228391585,6.044469250797759,5.315143071981818,85.8323998509532,62.83741308098424,41.28749359444709,91.42699286623493,78.28296053648097,47.096664152183585,10.63402611518825,217.54820404308091,102.76816653171845,62.43138603495775,Normal
205.22938467830522,195.01108803235527,15.38841954766054,48.9848077408243,4.9368271417844305,22.435849921714468,59.07156880161285,58.24753586182679,40.664260825481534,61.112691988181346,63.30193345757835,58.710556766175046,244.1111672575676,23.074469069225398,61.39783258654637,70.0069405991556,75.60575951326149,6.871789103256483,285.62818146012313,197.7427201657052,52.4900500435214,27.075815076198793,95.91817817514752,181.13614319819695,403.73474157332856,4.304686690709822,14.898258919368423,189.53536666189626,173.17369813961642,11.38250766776337,339.3213195739056,424.12490893597646,237.53952521493352,83.03826073171543,78.00202341153188,Infiltration
479.2045377705083,262.56424030663857,235.0253147912553,71.19774108601746,29.480841037895622,152.63007628832966,302.7779414515388,91.49134838369604,87.35098365426633,37.793464480337455,55.01140832205955,109.11675991983545,17.476242973706153,243.8088476950446,17.956974801671162,185.1501599768002,14.634603636174681,49.41364010883396,248.1181520297325,324.949092354664,265.43830550005754,35.812860658893605,71.73892299930566,183.31719569607694,429.17076303549067,10.724312449310641,0.7993226518951766,97.12159662911715,7.745677134701907,145.80469182191294,195.17465020311505,71.65007556725563,56.93191712069957,321.9704880487133,180.61396017385712,Infiltration
32.681513493217594,27.796427986293683,91.25018376652713,18.943820028766282,53.41831655317895,259.148831579648,70.64217597056329,88.70143680619299,53.773436659777275,78.93603868379812,132.13340810258143,170.99284168004104,7.65870110791695,18.742053969894975,25.57258288583507,5.836267318018943,130.3950156709456,63.556630882139906,92.72465478537532,76.52104152849306,439.95706761136984,117.67536666278464,68.1182966605624,284.7932143941275,59.161560975901104,155.02766924219185,32.809028776050766,220.40339430832665,55.57523911487875,32.150965068811196,162.40146491230723,6.088275088987167,74.59874770861668,207.25563747623963,140.40345778668103,WebAttack
214.22702013041874,39.3948652826365,144.8137833635542,10.975344576992907,275.87785335240756,49.110523863099736,59.640403795875606,28.697420156132235,66.44119443930411,284.5144250703102,11.718301476328408,24.98993285231741,209.99474469676787,27.504462670276155,162.59292246948894,32.00779269897687,72.84162328250883,103.53654630370916,51.62501558323294,16.817762670806765,174.39322276001357,16.82892889834025,201.53524823359876,164.38276704800472,9.000449448083792,231.65094774703633,412.82048741370386,6.362944875311342,87.11706854076463,49.28787876689158,111.16088389092498,48.374020553647966,60.471737582213215,59.42452051245816,43.08598541976742,WebAttack
10.205997763899036,19.36945742488367,1.7770827712160802,147.45690659269928,93.31180586686376,5.194599053992556,69.54830052333908,49.893191325591474,16.634970577212393,47.26330790128681,126.74745408802166,45.08080779011651,8.42109972200657,101.76005603772269,34.41363078788488,36.45860464141729,163.07701858196592,137.93960136353004,12.82910358979855,4.58441301798492,38.86906467256354,14.894755926584608,273.0050348114301,16.29366002904552,31.86414205582227,5.723949187700171,132.737381445712,15.410975544681543,30.348286089856447,39.72313538617217,27.0616100807401,57.52921497715714,8.18015404835644,89.05367257610229,52.75901633547836,Normal
1262.4355618397844,288.10345838880636,3281.9867406139847,15.954254881346518,15.488747980362913,40.89850025757764,29.009649921781943,3567.0527023672057,0.9179128418680584,2006.6384130499825,2752.8508073743205,2640.4450421369006,10147.382107926956,3.2549892206477575,5284.6936830994355,6.106570674288281,174.93476067462404,15.638051174554077,3627.89719830597,142.32660897306258,9010.123764879621,164.16490006647606,3289.330021429585,11391.689160772767,8764.663103687317,287.80884303225827,5109.401101483074,6210.0207298793575,2187.295632628731,1700.4035871177687,2.8861738423667624,59.59127069718645,75.86008936956613,1053.1012869790404,9.649399003479903,DDoS
27.058065815789046,1.3270254184148025,8.612541821671654,9.760247183327893,33.15380939279828,4.862678846545587,11.088076317813924,18.209605810593352,18.57933812725933,4.821708603846133,85.36773666292791,82.52981616289078,110.06181439970189,77.21630883541445,5.312783178626908,46.56552625394573,90.75423745289517,10.886007864841515,70.58413545293294,13.166316822146158,194.99751447902332,98.75431597521104,98.61650858812362,35.76709766257922,40.50858452926276,47.19377394340425,15.570384163767725,8.940117335375698,273.525259536051,15.283683294267538,5.10657188782442,42.67112296804424,50.40132185990242,38.90579236613876,6.745990958869186,Normal
2.8606528465192724,5.704774342138945,9.771713707512692,1.181562903914547,2.68240957886664,6.83966516338098,5.983775165647924,9.780033831575194,0.34602657445821694,8.779941376805642,4.8854505355430575,2.2689900320882526,5.033642716363806,4.12196201182173,1.7933476653430946,2.1939573536911414,2.881415794808031,5.521988470097192,0.8309936158027897,0.8884544487158552,3.317461552381744,7.072908901724054,9.783051138577918,0.12003279730553817,9.723406442673667,6.8604152202638735,9.009858465612009,5.363383579118911,4.6293929799495075,7.851596885670361,5.511108848080505,8.973654952792367,8.9306321894953,5.304554806582157,5.7376464122174875,PortScan
17.548966912720545,397.3894631843697,300.49484636008833,284.6566091653097,44.19874718164542,253.90586485533788,92.98452894336903,161.01620655289707,515.7996276120012,413.95841724995154,152.33456310527518,114.49228634829886,219.5832382617812,330.27997562072983,252.27657807320267,97.57783126982224,16.649990907714756,127.30945056119269,4.295861508224612,29.555162537548828,266.61862327988047,150.0197776088791,150.48881789939998,143.85825432337168,168.22103509550456,230.1027137533306,341.2646464576068,367.963659464163,88.26080632430224,58.46111923675091,461.47632598463485,47.131058365052894,779.3634552325855,489.2497547148968,94.94479379911385,Bruteforce
73.69872857263728,289.3572181951347,83.41414313914959,233.6736254151291,25.082810491715428,185.2801693886247,264.85358642882346,55.56583772947331,60.73396117380787,90.44892146972053,109.69622429176728,65.57171188909726,18.67595054667176,11.678647256054454,168.4967824700778,20.88875110953903,5.03649566814315,55.94414932940782,50.08805780175341,202.3715844595193,6.353625125853021,138.1561491715198,70.15687923660161,52.862603529624565,77.83973744737479,63.78317157962954,15.904636335065394,20.81188573754817,121.40585132563673,9.076725753839579,44.520456992746254,33.31929900701519,17.0665561382668,109.31265295289569,83.5776662812368,Infiltration
12.524443460325472,171.55308511312955,343.2485409533614,16.080346322226706,61.74410571474404,172.48892925435388,405.0865855878497,918.3996468776159,367.7746102409811,190.8911898509229,78.53520999629391,57.68095036812618,0.7206944996947581,110.87625571755486,246.41574467793404,105.66766150201504,296.17070710851993,491.0893319860318,73.97622342565003,142.87611299951115,106.83457030476195,78.53198993360515,408.8570740412636,96.94096258235378,64.37440295433302,678.6900478675293,320.2646489893932,8.663376942178754,34.78021786229647,14.852101067005636,2.719028666622653,1791.7924316568815,310.90716230777275,161.07618329100643,360.4198721738291,Bruteforce
138.5318628687185,225.6400600013314,64.45673757133203,72.78907609366864,190.64649683907254,142.93133336203533,29.465215363276364,7.891300789442635,27.995119252154748,2.4603035965696374,79.48677679301707,93.74222940881357,132.30884070620075,24.674119982003013,231.1190347711324,238.94566381319277,48.063370302577546,258.6673295330276,91.60389457656267,214.96055740154137,177.19521889377125,0.5757116484557593,71.14237944065425,49.09563734416308,25.111289857634354,10.5514661457153,348.8754150341656,75.92999829136556,38.529909980380864,205.3190956345608,15.650769683185112,315.5652556851154,43.35745320760567,4.06237663619984,21.307792775673466,Infiltration
7230.840733007166,50.310085971520756,2724.7182742961477,59.10033913519806,143.32203660378354,63.42167203813847,255.03519588356943,7361.662144285386,101.55927493472828,716.2366840292592,1831.9990854697467,3414.5515154331842,7543.393769439502,26.783678602706484,14270.517674447956,25.6641041281832,21.5708031657447,269.1139882595604,11392.145667553536,27.49112655249678,4501.791833290958,148.01191179623999,111.93910516852357,3231.9206174009114,6640.4059855431315,328.9777862175843,5399.24928234499,855.1539032369159,28.76301714581726,707.9139980990009,151.79396942590486,84.86006098421308,70.92149534352995,9028.352849522675,73.96735664976852,DoS
581.8066776231193,216.0699338089616,103.41979236777202,151.47403120433395,4.889237501976383,87.0815885643428,25.92317278740711,158.63166321982854,19.909458823801028,82.10981595315793,185.59743279459317,170.07344090006796,90.6301395913829,181.05232898503473,25.678677395175043,32.20491755323343,3.9275849921898707,121.22466250719899,122.87177100701558,122.9101585350399,63.77864411402362,50.01107951900067,173.13851472062782,99.81318731891109,59.386469449386595,11.200067312810523,141.66450496301846,320.6941314752352,171.487056314799,72.97882545004143,33.48775406750379,50.18413206567266,181.71133898214623,24.937410383798333,420.6128800471153,WebAttack
7.2538011428310725,6.033069480139638,2.332507723531545,0.9792015920195862,6.343346313406068,6.251827248283169,8.393588474643941,4.46102078221219,1.7204339751627995,2.247267569338771,4.763989044471234,3.1205266495199027,1.8026713530113836,1.0785127202214806,4.123509208394562,3.3751829220576637,9.652754700698242,8.564127552359794,1.8349140824506638,7.533533453125139,4.80197835274863,9.260986394988954,6.082052041257807,2.039934278493094,1.9596827346802481,9.672991800293202,9.182764401629447,4.828591924250941,5.63940377064463,5.470978488408742,7.634770602734177,4.744859242215709,1.2263015025688917,3.2428343517988836,5.682760392477802,PortScan
5.73092869755104,7.314344888986641,0.9135111633596349,8.669962603308306,4.5607440787427675,5.819310495576577,9.403167814502048,1.6797871338294856,8.844860215440894,8.044304245358783,9.940273663415464,3.9304228456530543,1.2684710646076858,0.14176153818666104,7.925958880414701,1.3659619245420662,3.060121177006282,9.873150375528951,4.420949489772559,2.3120570320663427,7.532335579371465,2.7155368426020132,5.310218753516363,1.573319874425605,4.608329243823198,1.0861771004208542,7.730947147778755,3.6513902047379956,3.1880369204101946,9.937858051870139,8.297025263741533,5.53925255430436,9.44212236744374,2.113987314664718,5.734854315680096,PortScan
7.748113021731773,5.753443128565303,6.199105482309952,5.207546646004206,6.13951722996516,4.442290133409324,7.764115149914489,8.105072479568573,5.1710757371884695,1.4662803930809742,3.734979724166286,8.399386696479173,9.167490021598937,2.670530017376632,9.411026002545265,2.767132427458762,9.18876842746539,9.35435526037511,5.048319088182472,9.505521542389218,5.4927236586413155,3.7889028802805855,8.101595052526882,1.085221015119876,2.166550683493261,2.1325010552581283,6.2207352857774,7.088728251627254,8.374254135273429,8.998619645963164,8.750475164854445,6.819945969146564,9.148266774600968,2.7554454167601294,7.252759262272815,PortScan
46.726388294958696,390.97296689158475,221.50364388193418,297.6966551803046,185.62242562055695,215.95951563845523,21.88807483212863,454.08379827121405,139.31546496772302,84.71470943536481,69.45451157025919,308.3863332945999,117.13270377061971,204.3740338703906,80.47557799127547,125.28323112284173,64.75523712387844,305.727517031867,485.02273524038407,23.1337795076296,177.10352768630136,155.32611777036848,128.82969594097986,489.7889414282158,364.23532002282167,119.03372562503856,146.4438978041714,24.511746850225354,5.539299681820919,232.99210415606214,59.92544492475863,98.19946644286468,421.10864078311215,93.49117082208119,502.5303069216387,Bruteforce
5663.380043471654,53.84621687455953,11206.7645622785,2.431005934016848,115.5634649448815,134.1353071375936,9551.686807765724,6041.93199853695,177.35673368136796,1411.8609022986766,2744.9956787763135,4268.9041128341105,3338.9972475927225,21.312127285649442,4463.58752006815,395.04335058114845,80.27410720636409,21.548821946751744,2349.3748252626056,66.13364182507965,566.373878571241,24.368940221679832,9050.498371578911,1587.4934557172621,20878.3822534701,94.91892580884283,9332.465128592485,3334.763255678682,23668.92128108318,1271.531320266225,29.92931612532248,61.03328816760681,17.404739171087915,2067.857249887083,31.1630602992569,DoS
16.94047662958189,23.59436100638114,36.31268450629137,44.33832015676745,8.084635668318356,1.365253713919953,16.008564635610888,24.51574426819805,23.697510360275565,149.1854807997607,46.96035087930978,4.342238980456313,23.141078519719304,29.287481248629767,77.99182284078941,41.952542701753956,6.751459940370422,102.13344324691218,31.252712758161355,34.7084212678582,127.98540728720884,3.550515261056509,24.283652494521178,10.667429690830565,2.8266380677361793,32.01762299678727,172.10840062229647,37.54999906023462,145.3056971247304,23.706936622092538,54.275046172885666,21.61092379913577,125.77955965666841,74.60057057965723,49.57742334369957,Normal
40.726544924695304,39.88532675291213,12.729143925207055,201.86209502631684,311.6269572214689,7.216067401685152,9.47593655389144,30.403132712781943,222.83165599206032,480.9111906475442,43.52670412163093,139.78327915277367,89.45123654777636,24.315063423573136,79.31473611457035,291.09079691903173,143.15656810138552,150.2356073623701,136.95056847360442,15.089995103466372,71.10078678290802,116.3007723060405,75.28173806066971,1.0760525611615501,9.385286154837045,234.59107135131254,141.8072796371112,135.46472193552154,215.93711269869274,121.26954164592532,378.82649240402765,235.306228188132,31.718298843107068,41.26660812234784,74.40795007871316,Bot
88.91359247042855,15.829836872118763,647.9825176222026,647.9488194963957,298.6066128019413,308.6980569860692,323.35127908927166,985.1283722775551,18.018021820227013,10.324946553539196,63.68362457330906,180.66237120149225,287.58109352446337,147.12941877663494,223.71403558808484,119.61178167333091,128.5433506914559,91.92819752206726,186.36152286416944,26.64744788740876,16.862082974464972,138.74475265277445,87.46913387820375,88.28691312029571,463.54007236811145,1104.6721471650258,192.17545406265205,34.727323637042076,306.49254762379263,163.85080383548103,284.2559208101919,201.14022074063485,23.39191172941608,212.19907904915573,206.85061383794996,Bruteforce
26.79885684024092,20.696390410004177,18.982295061187017,20.71802575661619,71.40087018223302,68.01795928252996,115.09765254298041,93.81515204213933,154.0434898306554,23.80216029300007,249.8407797024957,23.57573934189703,110.52966795055548,176.1184180126935,97.64176333934074,23.164542939371774,41.29598075213642,161.46383109151932,232.57283638846516,0.4982588206300427,142.3039655561346,298.60966841737593,21.35496917031026,36.13466285771161,149.71539679554638,29.51770741197653,27.167943332940926,46.1049516353978,9.375530310672028,113.47977824756477,161.46134084044382,163.12796739054133,132.37039457725342,70.8464370955441,405.519427632875,Infiltration
7013.236156293279,3.7807424901999953,6880.0228203916,185.33307411872323,256.07058272291323,54.318329533305686,8340.672087895411,844.5076829412916,156.32372007787546,524.457740038443,11334.490527623393,8133.334561359597,698.4803436646167,30.3833040515284,291.40123766722746,123.72524925461616,231.19356476289852,107.80100134007358,1670.258963482633,62.648548062871015,14822.406030574506,205.24135109937765,7990.733349869603,8002.9735660250135,34104.394689158995,35.037622289224075,8449.735794431854,765.415045127483,2364.695367705045,2984.870333296803,19.341556628187085,84.03446020453342,116.36446031829806,6706.157836554762,174.93451376429937,DDoS
1.2688527777157708,107.88949742639389,33.67949328446993,81.98002438467039,76.82073164437895,154.09074513336728,195.91589342579655,189.97990772833435,39.93888334797738,94.996283226717,16.23248041004571,60.964602475957385,35.730401738165654,39.299501904400095,147.29847331036538,231.23812369919185,40.48397064723679,164.50448821928634,56.587108584384104,30.684090748682003,48.400849276928156,35.15443658131135,15.496788850570587,4.51156127337976,2.7321974588021507,124.99840832362833,81.31694960862896,42.00923107653909,62.04645873099564,426.7313004164611,54.45937143846956,23.61504827725609,119.16267118215514,12.555471112184193,87.18483893582422,Bot
9.820226623261703,2.3517856813508775,6.5651518294815325,6.788029554823661,9.662802426534581,4.837661488566609,2.379145954519586,3.6028263428318184,6.396117102293969,4.724871180663746,0.7940743008795326,8.073662316192717,8.642687647162543,4.783321673688957,5.23470382682611,4.915732796291904,5.297461961251177,1.026223385006091,4.336328873248927,4.478753018999973,9.97714335024158,0.4865317354471288,3.1213892538786556,4.959952682418123,8.472353454022969,4.612371150168152,2.910064479004637,5.352682120065869,2.9702680429836095,5.4832147245752765,6.898602588492325,5.307823545975189,6.0963521615988565,0.3871744169197511,6.588000794221331,PortScan
219.70543446908778,160.88685657466164,42.77896244036871,29.71819329583084,12.247135037783345,77.57549673317432,6.19997473061074,287.0166979338893,142.4631387987485,82.95680713321937,25.8092831993048,209.70534896227463,173.14634410865824,3.8241009146486906,134.9554363498178,36.4186172981475,224.92671084056468,6.949437896217912,27.457703455389375,340.8952318211768,44.672697131266986,35.79641591134428,1.049265707329533,101.61557619770534,8.806507833003833,97.9288565260293,44.614647131581755,55.66843878558729,46.94787982380633,56.72073826081158,130.3971532526624,71.23969858585994,269.4864809825967,227.9772573325615,234.08934667154125,Infiltration
7.033796379201319,4.959405016348906,0.3494859499311864,6.502564009774173,9.69531614912912,2.2197943037613586,8.629260945593032,6.209949134896843,0.7789838599965637,7.299749788915345,4.4149015438065575,7.937339754963492,6.357455613780775,0.027846646265414776,1.2629720646274611,3.5243962001385953,4.818543175340126,9.321272872574509,8.219722079063661,8.016154582649122,5.395763950744356,0.9286370517334963,7.4580751168475725,0.8654832215943975,0.914477148846079,2.550859620282213,9.225637350972175,7.499187851421557,0.7665255121947945,9.18910454481374,7.833751801080942,6.036427882749054,1.2696202780345833,3.2012284855134157,3.006818237130627,PortScan
5587.285202153152,1.3984251797474794,3800.6741983190477,23.2399078874998,56.78230903728255,68.04222274443467,506.65315462432545,9734.797898803394,312.6621383220516,1129.1277818936605,7027.447869622882,2550.7101932264454,816.4949368807245,158.29651599083593,6059.952976958073,359.3800884331176,12.3179581312456,36.93225349107664,5803.081742117151,41.16954424372895,6579.235767406146,27.987130966213908,1493.5811837372648,6396.9270247244385,1756.4806187687172,71.02683805489329,960.8097150978068,1863.673375065135,1067.28631544868,5859.198663115629,179.38113241727422,29.06202099871521,32.13801873310723,6631.864875944371,185.04771976944193,DDoS
133.70255146283063,28.301850100091496,25.025051140862665,25.724855136052195,5.107566878808408,23.54862226796491,66.9452062806131,0.4835117134768055,87.37047602870346,126.77722888294782,12.699085377042987,35.46036945690725,77.23152164532046,117.7605514965791,29.176448250243492,57.336952720472354,45.41914362005452,40.860691493013455,10.691959481248311,18.657491635982645,31.404494556496072,47.44931087739743,53.50701520614447,116.59666213757424,8.455607900754918,15.866649622751869,61.37051912804249,21.081132953882115,38.34698903291915,162.25808537583336,56.832694875890944,11.91728106048864,57.773148285631336,3.6551992896428644,31.59001771732479,Normal
5139.249561575102,16.33055404289529,1832.263143311646,87.50157301392622,34.604151970102365,8.673350088581014,2864.6887016815826,10557.53004196392,42.843936684759115,1923.7686367638596,19.501451430369915,523.6203295819532,2160.8034539677833,30.68627635055064,4315.071306248424,203.88881038307824,171.91540323641036,57.14112752905247,1038.5463621638394,104.79939960798681,1239.192122011134,11.17990621849132,4451.181874565677,1285.0995836763038,145.63177504598713,57.88715024702016,8802.592658810036,2047.3044604642632,2680.395335842403,654.5420347955877,7.016465571907346,29.25470111667177,24.564907038601717,704.2068620871593,179.353596676057,DoS
59.35559559724616,137.08889175821716,137.92538792671036,110.4570697816606,21.829772156655547,118.56830024691594,81.84165004753355,0.7627110394768577,126.90341909804641,43.48211771781665,18.81225523837074,2.5189508153029316,493.6258280640707,46.78472211240482,179.7545470369822,140.02066061571028,426.1763931920556,254.35072612453257,68.41075908880714,148.6954698499418,42.95475886765635,30.52732825573539,364.42817149647817,113.43542717454314,126.11655622197404,53.992838906207005,111.63886487528474,166.96214727310317,252.12069711872087,2.1943113232359384,145.65554513254244,18.510601324132264,2.72243737376777,12.810279488299361,94.31968160990449,WebAttack
9.002137428371977,18.89497139110854,25.39981562349554,15.312734370200696,11.451177838152686,12.097837614575294,82.36205220158598,68.50489074610488,84.91588778851056,72.76391881840073,6.182009124313685,155.8119679612262,5.489713665115181,62.259240622455955,4.731669349335459,39.966547993728355,3.7992845287246104,57.475431843676425,63.3925144781175,8.964519875974954,0.6167417850094566,3.229381035640934,27.63009701781851,32.965016043617965,11.601209196991556,69.72134920720616,16.519806556808042,132.1131554092621,18.25584361816937,16.91251214108272,42.080795431941894,164.073329870899,9.56009516485305,69.6063464090085,7.0973558860204315,Normal
1336.3881177821052,86.01831656523936,19428.549479586563,209.03854901861578,203.24765952139043,115.07286842238629,20290.8319817281,2286.689376114044,13.697300112565362,1020.6034299604435,205.21468649793667,3330.8000929599684,8588.425914601135,53.331233609826555,8431.641737367248,82.78849995524847,27.7046162956935,61.334868446879256,210.79240746641338,21.905316075726418,10240.82445174046,166.0601469458651,12172.039566970481,5925.752708005923,1126.1974237228014,407.4901958206505,686.6233751139462,2577.1472016090206,346.84146830796743,3309.5934277102783,11.642003567515543,28.952705822197494,157.01819964181888,1740.061469770154,2.1157171617315904,DDoS
4877.2439145500375,102.35030269665401,82.50278738894141,7.12560734468837,72.0595283298507,34.65977289226388,3506.667507282927,2865.027725735819,179.66009937256175,725.1356762100745,2268.1917190826202,1967.4360833971923,10330.296621020789,95.6472385423758,1303.9254679701005,46.381858720330754,26.855464352566727,56.13887821232839,3324.949310330193,117.89271999718638,3505.2163996177605,244.5079033856755,4348.332623351662,1102.129150907151,5498.186159520119,86.73414260263816,612.824446076367,264.2891050821615,1159.358695121338,2396.486041471281,10.168423762522632,7.336681788518988,76.45250474864731,560.0482799159514,305.7468178829188,DDoS
197.5203888173581,305.0925525883118,262.98361714525856,79.0533065499766,196.88817541652165,143.48764046185073,76.00105437572235,83.37226145338295,17.687860726767298,173.13020960879945,7.967283579765922,115.13142543912221,387.252606318932,142.6210380881153,80.79822148017753,47.594072718121545,188.78037904510077,9.458757774252726,67.59441671897318,149.1021807194578,40.90276332378291,49.379609104332005,9.257207637265285,16.18312149672097,2.966464374791945,42.799849584307715,73.56560304714334,39.77527776971794,34.84588847971079,115.56902325784083,276.67732897082067,75.30149554704664,78.77116392155028,33.30382121482266,46.73314766440783,Bot
2.9677492948506567,39.463223431388506,29.09594482108759,12.875128575369118,61.78394272123606,45.09453320021121,57.097770384644264,29.215131349637346,69.89027281157482,59.80627338537444,9.009811366301088,37.56219255404908,88.59658119723555,4.2983343073517855,52.64124707181038,4.717552190508001,34.49482356805538,74.06259729756675,67.36104592946062,71.27001538983053,47.958591597758556,94.14440096860255,3.3655797236148484,81.65870868658558,0.5948140601215387,14.398855710742994,49.888435242324235,72.96351311839689,164.108047446711,37.360906359503346,70.9360649137358,7.377789752466864,44.238108054019236,53.95281804382278,24.959982018050134,Normal
53.53559114572513,7.624667034803526,180.06220109122302,18.318728009200644,103.91920830905217,28.639352454639955,26.732584816973937,239.86126140191928,82.52237623647986,184.96428326791573,42.021046944503695,65.33878940437341,77.98979441480996,176.43294952135759,61.14407842755202,78.76929366990689,76.23616601397434,89.85492985659904,10.453277611220663,42.73136576525139,4.138114654285776,3.399936671119401,325.7980860542301,8.474770323835415,101.56259711821365,43.00993677445904,23.932542775837707,150.7425484073611,17.85421917551949,189.54063497214852,43.587140370236035,5.628341139763432,36.09251141915987,97.34845184534869,40.352411225497,Bot
566.8220224163201,112.69748293399088,1260.342552362061,175.6210025253786,49.63341624048288,53.2782651076802,12620.724593423498,7134.992349842843,15.305489948562537,5178.911282218261,423.485840496819,4339.0267101240215,1967.961219650335,22.84141567325697,1375.1911811796901,46.87533334715344,130.73376577691297,86.45649272118648,3423.1830555525094,228.80742630590788,3919.7159134676594,464.2035565514623,52.296759720349996,426.2671564532363,5824.459340526391,30.503530906339165,3234.3509991668675,333.7813096912225,1097.2255805220407,6472.7715757632905,18.098058297334553,87.11381989067569,181.17822884716867,5606.627448830493,57.8523131545608,DoS
5.3863134316654415,10.102953382638908,15.115611257825872,312.41306700342267,94.16825334762578,25.798364413675134,44.194336127856694,1.444964556466032,239.76313002799566,218.85548368024516,134.72203970725184,1.3796646561421189,36.26212578938544,115.42143613989741,98.07569614540618,7.7016890934705735,23.38940124610222,3.1262291216772873,474.621776991298,164.836405704081,267.7048143228002,9.014896875546258,208.39078796077928,91.83460234675637,319.0268575797204,36.30564122194186,190.94111585528526,140.17153683297857,213.29636493499953,115.62774487564968,101.17513309641531,96.00080904205868,60.680695067205036,142.40982305555357,33.15943878686985,Infiltration
9.626548517219389,1.6279093664948685,7.482160612671672,9.983226268779683,3.465784668145948,6.031273789567932,1.0571196979431507,6.218234908255517,9.875227799336301,9.728591692970591,4.117781896969359,8.206204552293567,8.265997022268218,3.2726662228984837,8.227476362205827,1.62404581235442,9.788791965199433,8.641700706021396,5.105932451215064,3.853220569374617,9.459486324070228,0.7112612545914321,4.9838956840353354,4.869469004426302,3.813246978540936,1.126275792898539,2.5138131683529394,9.831182441654887,8.079513885249995,8.382831570507472,5.095315951699286,6.61825431068817,5.05005930734575,6.773594047780074,8.634684243298999,PortScan
6.963242267951335,320.4388558075381,164.96213220252721,47.12433277429391,64.02905951520606,108.97971566171596,160.93909055042636,47.44760951541993,102.10335465455218,31.610318870363347,3.3726176118897633,181.16028112883777,10.987605286981077,2.072743810426114,218.65761381102703,230.64258656739693,59.62196217925062,81.16654141229455,44.60997092199931,53.146415278604245,27.7023963282853,24.533051387881315,41.41647785682964,179.29382045824283,320.52336348784246,161.26779395671508,122.8585881047289,65.20654435158686,33.82478820869238,100.40965839174936,6.747919290519204,386.1860802277569,123.41804546814514,210.455932522993,1.3076566651796095,Bot
51.32370763750755,136.3832299944749,65.27238447044603,92.49730722251184,43.685669947997305,156.02435983536017,11.439133329711124,117.23501255501236,19.166018274451364,28.21889544229815,215.4891145173624,51.18552419813954,57.02367558229039,101.9485247895605,116.12716136662556,99.92557708593186,79.21528876457967,0.7605605978047012,16.52197620702974,31.49952557695046,180.59547365042016,253.81584853946842,64.93411843680624,46.010152665404284,321.2403532255747,70.45113975164675,123.34372146196128,82.22738504682299,45.39590324284676,56.39698316983899,103.37298747270674,234.9833847110274,56.98624566772804,52.11468715575842,5.512802924719754,Bot
8.52674750250572,161.98282620237842,96.28617838071283,19.090604324244914,106.20402298542753,121.67959321239204,15.050863899872944,40.57732575732324,69.20761615214265,46.47651130148412,12.305368354000844,213.74769339652838,17.510323977364656,8.606993576886921,82.63313512491604,349.1624970517542,136.892528492801,58.403900676552844,58.034824782905844,98.0084377984407,199.34035566848164,324.61702260086514,13.001816637478234,17.66582836227047,59.96071498256854,84.48112538353708,146.48284292937254,68.93157960701973,107.17895013020275,203.12317553792957,181.59681910713556,152.280309247108,8.816492048574139,199.02907134195348,59.70312267486483,Infiltration
1544.7803044235766,211.16492411642852,125.88471019480072,168.01482711991946,37.981367253763345,61.29065175039041,8034.337228018292,6814.491302604906,361.3549786073706,19076.367739292953,2593.7059166411127,1369.9628911449563,1279.8886201085647,118.92604923633981,2315.1062830774727,54.117748944586,110.09054063703421,121.6543095506324,2894.6848725461105,125.13918436433444,3634.0829351272673,27.4234820643869,1791.1454692496889,6616.680004471207,509.0085778571257,149.2345988024966,1752.3902337108984,488.6018556427789,15349.516152556993,4902.041519608597,0.5076215344252893,12.936558617722712,75.71333397861079,217.30524971398992,33.25374929224279,DDoS
1351.9554427354724,27.87614177007807,221.5793702802317,46.207560401724926,85.50012738810118,156.8952807264202,76.82349165829996,3647.9241947390988,262.0156285454638,1831.5874626065195,514.186631091959,7232.712592108051,2586.6486925186473,101.7056274841257,1848.6609591187398,76.3556140921959,293.54584151784877,39.85413710654997,6852.076558230171,95.0948637406665,8236.030837366106,158.7203424528395,4334.506125341587,13062.450491605337,201.95406751470728,7.72407923528622,483.86526116411727,4328.723706642617,653.6970956296423,3658.2847962988812,92.1977970028752,84.0098769389986,49.12808141661414,3841.3784104795177,112.65809037544392,DDoS
18.015099361271943,37.95061220678148,16.644725724638633,189.7048589167494,66.43276974509953,82.20450486007462,282.3143933582179,23.27866334075874,17.371435766446925,23.439383739416545,255.1079600894416,150.19362963802126,320.79107347770235,10.429655361124157,27.745162368669945,17.20664693300313,123.35928418277867,21.74715415110834,231.02894377076208,39.86500453558243,202.9766606221044,40.46315422309862,11.478418589700885,111.02951520130775,36.50917139692392,12.77304913683817,33.18494912732266,40.41096268414272,523.959257079693,99.36844468042868,14.202347059483172,32.123460949224395,71.20359065557534,28.062557912389064,38.67649681935566,Bot
17.026568554207326,1.3368752700504654,4.618809228253502,105.25244038719272,12.747686209896303,19.519289673457454,2.577852378961614,66.09779710336385,2.4136840849464005,20.65968908060364,25.050707609829363,32.6408199489699,47.79162740346387,15.012954023972695,79.6568756430768,29.38547161130379,15.080511519109308,23.912070176641045,121.25460539045856,160.13205731271745,78.37357440525736,212.59085422324455,2.8068479536580497,5.198842480713382,13.29084412283118,15.634238371964399,103.87773876227486,16.601187387554774,72.44021434466366,14.49837468140888,1.928227632242857,3.6777343724681346,9.484486004477045,22.346568264088692,40.684634092696335,Normal
9.263982097923963,3.680296052247869,1.4875124719070931,0.2908456569282858,3.2500621525374296,5.1222781248863445,9.00773402914693,2.164515317302315,7.81299123657416,4.8091984822586165,8.675350159306905,8.630651496556291,8.576945926150895,4.013452249706534,3.4620945414850803,2.0728863420430477,2.2842902519499364,6.162292654815128,9.619411783787651,6.059588560606095,4.123174826804004,2.4242200610142373,6.519694932222345,2.1094538860603085,0.9337606511665508,0.9353998950407705,8.504593713023924,3.822556170266563,9.40340101024508,4.96741779588298,6.91506083828526,8.269517146477149,8.744891729976343,1.6254947555958321,2.1667341741020554,PortScan
82.25248998203418,986.3201799784321,50.19113307790811,416.7068009150343,110.27847020082872,173.30081585016796,196.7051234153701,35.3738174706747,65.49614441942786,213.8219758001022,339.4077924204205,176.00134819227955,485.6063261491431,119.20311968609627,93.13758194401336,350.46266297791766,8.489964143476039,337.2365576354643,58.6826104231158,193.3380139448818,3.311271171466015,78.70706617656809,572.7982505605752,239.40211887274398,66.8256952103522,39.658343966093206,102.29264114877172,47.5615853488906,431.1110562272998,207.433615439585,203.54656097971616,457.83927539304494,199.1941388017745,1008.9741952919622,88.74068619607937,Bruteforce
6508.235466819967,6.847381019633818,2442.292283023074,92.21650812193755,112.25402351682554,26.818266832188108,2717.4172708887468,3975.240814436279,75.61743554037943,2706.1901196368804,505.9496282882375,8982.009528903394,483.5958962693477,215.78486210253232,20964.06572607933,17.93290817615999,62.6460430008722,9.694103984462762,6195.268699503188,55.2511413398864,8112.535611988244,18.41934825168779,1530.5676812967852,7184.0345181864495,447.88765884299517,40.49729110983388,3671.851079987022,2235.371902390111,5811.450408965886,2531.5967291154384,54.59721488438791,149.29108173112127,307.43329715402524,187.3458795917875,172.48488197307128,DoS
304.6529077116433,526.6806070424349,10.828565599100855,190.82715187726194,326.96651425908044,336.341992018978,18.186357474574216,198.97365831903932,24.60663109690815,260.20402945159873,20.25012535865878,124.65532264837478,120.2378917082106,70.36948743292614,80.01137451069454,33.735176570694094,78.11017803942016,380.5492115406282,942.2668650447672,46.662641370776235,1171.3642707278004,731.2664751490272,247.9752440342632,269.3447522998493,8.311448960303837,158.9165415337217,127.35770351859748,74.74912394246111,536.2655353049489,199.52450736232854,915.3663128561581,23.365738630262907,213.6895567379069,85.63227877474165,378.685690065357,Bruteforce
42.71865392462069,23.738968792415413,176.74602987872183,180.76904026639875,32.14069037347348,28.93809716853939,24.73750831896597,12.107856672160203,15.244956513108143,58.471368622850036,18.234065266125437,102.6968924786672,275.39863696610496,10.5852830539666,77.70082231647214,77.39089887394921,121.44868818915648,27.444980020299653,26.024619005765793,149.7251071631169,7.14680864357069,125.65573077204948,90.67766253807122,125.94667200783083,30.73110259822404,109.82120726355919,138.7560555249469,48.297511623240226,65.43807398792653,175.72750695928795,84.98203633998494,7.506995842567384,242.3578263179781,25.50536594504277,152.788883765567,WebAttack
1354.4359431673684,11.424204200326093,1126.3332903922437,81.78431951617499,71.82671908856908,44.99767470059696,1937.7131862949072,243.973394222761,141.84346195085854,750.0882198808752,14625.782798367774,288.4143914339349,5039.955182203022,21.473734491158176,586.0120955260992,12.598886517588873,99.30356439129133,197.88208248859684,16777.629738970587,245.3399430358081,5825.786718329549,431.3065121008532,11215.273473987165,9266.63413818099,6096.425196169398,112.52185135500142,4908.412738756397,8904.338833303298,406.9733580744934,624.041924532546,179.02860160000543,112.88873619389747,38.12362422189339,6048.377824619863,60.1002520506704,DoS
2576.601722982267,133.99734868928033,16551.886560058894,28.488377767860346,294.092726963135,48.3122246408016,4289.400735432796,2510.3307290270627,46.41364891828341,1422.0279697176618,4208.351398607185,1155.302630185363,22930.609406016752,136.30220454358695,2450.9990990946517,55.16144441164788,93.44069341610368,66.70894214865915,3707.0506999324966,103.81384335264974,2421.9233417789305,262.5394215930245,1045.962184630887,88.03996537056602,102.0925229621191,31.31148704977574,10877.071679942295,575.3119925598362,4424.50485016592,881.3606419545515,129.76550133446406,16.01480573055017,2.994816097997261,1746.3353331091414,5.38328823926187,DDoS
9.290572538560298,5.697065298875211,3.079897827665147,8.116560124380227,1.3881012685608274,1.5200029815786409,7.311248899529007,0.6933184951304694,0.5063078275342725,3.790747214770791,3.9790649753475127,4.696503166693635,7.407321544429628,5.688529562923557,7.135485772625963,0.49894546695185005,3.1570325312754512,9.664069125188519,4.277652523521358,2.2249167119906854,9.920861935266172,4.113181400234032,4.7878185431094265,2.237971919291776,6.5635307388324735,2.0723007323883325,6.09923569664573,7.574392449703885,6.5239783246123695,0.9038226943944361,0.7977409638275212,8.423515474236332,9.045591017676166,1.3566036842237406,3.7546018725859454,PortScan
451.8773214789045,163.85255645404223,34.8897563014529,87.12790180294489,2.2397107821509796,111.50897125677434,150.54319947197325,16.187426131393465,49.88579509436208,103.95097259384576,58.10722468676423,41.558505090028575,41.75657141655459,22.433644367406924,115.09475110296603,86.7070325210476,266.68769230533076,124.73651449111425,21.570244667218642,82.93564132792115,176.45998908137165,585.4216255363251,2.2006236113219586,78.56512829674325,43.03604675616175,32.79263968107123,91.1771870977631,83.44505600916322,160.89035457485247,41.11792100270072,26.95798489130905,104.92978725096964,18.64611480412392,164.9264560527963,187.80084844810784,Infiltration
23.214809818255418,96.3707213756652,13.41550365855506,27.895110352108592,73.92376588973742,38.958515500202786,26.288285802482882,48.035387931818384,44.4188072002053,18.213060791789957,9.510667461204488,153.58779048557736,265.5389715428793,229.25891413575567,15.041078635507517,192.52241231570233,7.620282819523546,25.92804733013876,60.835067206109116,113.29670313039924,12.737425329989097,98.51941615070962,141.1483296516734,1.5906003238774002,57.735847452058806,114.95788427840685,20.044488063557054,417.6355712441941,10.576775112243995,4.709049173829933,319.598828673977,16.8880412202942,220.23179438725725,77.66744145722456,50.80159076019364,Infiltration
84.23173604731238,5.524156398459816,19.11098266636351,128.66581975389042,28.258669878117836,19.297185652069,92.9983829149435,5.222590386445572,34.87757821480418,112.26004565347651,23.29372001460589,17.14544201921473,19.283573941970612,18.84365341000744,15.03856279205363,156.00895992707711,15.465512660016016,33.35730969920568,72.56705758419818,14.739396085381276,71.37273612757863,117.10411356476091,30.18453530508573,55.975952341173674,57.31019216400463,35.23978445130385,12.007223461977862,187.75819377289343,15.458299545734642,43.26739587908059,61.09429707985409,28.008611817890362,47.20995736184385,43.186054958615436,21.033815183615108,Normal
356.36397216908915,50.35691822589043,5447.277484829034,70.62210429386867,103.66935217215165,56.46114081428038,319.65942358102575,13485.548898979796,4.786247964031085,3443.268798561456,8148.118588332719,846.5279714480761,10168.247162787498,30.552791124447193,275.1650035823039,0.6855571437106049,13.474048657740955,153.01729829815102,3027.4147652360352,71.12632349052137,2889.0341244883734,76.80088393404486,735.5733484133449,1037.896176955108,8290.149238352531,25.239643783751873,864.7066768909125,7819.121162008981,6133.779133660811,7685.496702637746,7.789012073999924,11.610347333522348,87.34144038243237,3220.3204464253786,43.6838352643998,DoS
15042.31215985466,69.90654675169684,8671.01121584838,100.86712549716603,135.30901123137744,1.412473389144671,803.53363870014,392.2150872826793,17.071583679294154,3159.5804415216435,7567.112281462788,255.2056841330355,1266.0711227993431,35.6807232694931,6265.923277754323,7.51588049419441,2.0787513347086035,67.72091713968187,6900.627218390031,29.02551125737933,3518.2418304993716,45.03977076330036,7464.474887538755,3396.58903369401,15498.910418586165,159.6895233291948,9742.601020322521,642.0016168855308,2681.967033923693,5119.11986705042,321.56281220683195,4.873097187460689,44.07465430353689,3267.1530634216447,26.302298597855028,DoS
7.121272911638017,0.3714943387766845,4.3708303287789665,8.846166206042426,0.11522154654476813,2.9061992749259713,3.5384066107159216,6.750796376622931,7.048389807322623,0.6518961723349714,2.175152931931581,8.254972997674194,1.9181775031347137,2.865338348781905,1.6224431937068418,7.543163851746451,0.27106458297427416,3.0191302694730435,5.323151447777883,0.06020425298665644,9.539861134620732,8.692891535267542,6.473162318855455,4.391308369515036,1.5530690846755135,5.536393468138309,2.392079723905929,6.380173624595816,1.45586092272332,7.171192521316858,3.2290515818684105,5.019817229066818,1.6182560780568067,2.562768280786166,4.502117603665531,PortScan
5500.565759309364,98.66598191840515,1132.3939367651399,257.63252052263937,224.3089426205633,1.0493198142711373,1131.884518686091,2119.6101542523515,62.02100296955607,2024.5911874198437,1309.0945883512068,858.8347942525796,4951.284117021819,139.94179559158496,4405.389248755714,20.111433222299265,118.265475003539,2.039960034671419,21129.87259876893,184.13055607640533,1366.7566637768405,6.954064313602941,2036.2425242423324,4892.257618440094,5954.925471234123,28.75694813419672,4471.920511460038,436.1385979028326,7423.614431649753,3878.7753418572483,73.57846098406802,55.0903614187244,172.85449248296703,11314.707537969067,15.194617623368178,DoS
2856.240338716997,30.52595770455585,4874.207112385206,35.55915387561726,9.186278436590884,70.03843883734544,9245.571497712568,168.2670352786332,162.54938706621846,3522.7634848773923,3646.6887425320087,9020.361513508553,67.9225385289365,6.465871794551115,1429.080700466918,133.03891167711257,54.67489790867578,190.26307005419616,4769.321958521168,136.08334837504,24945.31535727856,51.18045819088282,6270.228295591477,5623.696686391535,7981.165497375514,264.00034741275465,3345.0499198984435,5087.895335526873,14184.642060069504,5518.190827454514,26.33409448474201,143.54544684408245,39.25494663762412,3642.7146090856854,39.534525561429504,DoS
1.0241069878735203,16.334914113216033,16.349766442809358,14.422451368676661,127.74748895020652,81.662463774031,3.8586972408505824,50.35749020103617,121.96555832521226,17.603119756605608,48.05385836345991,265.87283865453435,97.12973168879921,4.1018925268748205,17.99316988680198,168.70769127509922,88.00289878253602,5.243865598507929,11.884558327391044,57.815485691603676,16.51337253728434,119.1157720968808,25.510955761966304,135.0351060614741,9.446500356048785,98.44410239374866,49.543810925843644,26.955781604779443,18.854498100071503,114.88983151986571,124.19003048543622,54.979351621051144,61.605911167518535,100.6291034734395,41.08296542950121,Normal
13.722524699781932,11.449348440453143,6.777330410538676,1.2870127129651254,346.1288725350052,113.62672814433623,135.17175369585075,117.80545182428577,276.64418955915977,775.7035803468913,7.325250193154282,94.76354295706061,181.56505697837656,115.12345531068809,80.59648500776215,202.94430449563148,3.8829278815698665,285.6118612788739,167.86063547062102,0.7347906329673973,263.1311180136474,71.86128565297564,149.7416289076403,353.85746580686003,4.181258892092704,8.070211897717458,18.122655903826693,7.183778920199181,127.791755860098,42.04146170590671,86.02535487063095,167.060205773107,794.6622314534646,12.30706269773449,65.8508860851591,Infiltration
17.71050350420431,23.195783505491015,43.44767383526602,5.651798060976755,8.269208912389416,12.970391862444448,115.87745687465033,21.502112163750496,27.910633862647433,156.20879585789012,19.117413750171345,34.237576035522075,107.25228994569191,100.89555468809182,139.65938949220592,17.095983090166904,19.515743579326408,9.504692624200814,25.077319307359637,43.06032963959899,85.21444206736479,153.44457624165204,46.1812794370853,10.830098856574587,114.86728220493634,40.5637244995144,1.6396047353588652,81.4011750224082,52.348828268876666,73.25566395043981,1.7366357218465733,38.06102710737252,53.81707256780528,28.726354000094457,0.6046230775932308,Normal
441.9502232471154,1144.930774212586,3.422876694088478,181.1140868658613,88.28438974581023,383.2886957901059,283.4029695550931,24.239502420298926,89.90226725589095,5.350914952201137,35.09361989969583,188.6532859030755,182.00296285181204,554.25064078626,132.84956994692902,24.931425479052795,172.85030932716262,235.16474587040955,56.82693079055782,48.84226033221374,216.3306823688328,11.047623360936527,528.224001919988,212.49723992306798,83.46755369659861,95.9263562226346,63.01455356121644,7.0685251369321165,322.0427639462934,47.56646817585282,144.77758530151615,48.199562678793406,272.3795813137811,81.70964148842256,74.21188507716583,Bruteforce
52.208334241369,167.7405215278497,115.24860484972524,33.14426620779574,371.7233514600221,97.09023000562794,186.7164982219469,56.412358889893454,106.98365427435554,28.39840253902396,36.66786804137453,143.41275860108163,203.39751020713697,409.99329238923633,69.95556992421783,2.9636129125470765,18.339727831292,19.110836736453237,333.77474025416706,37.35894012653801,38.9467733233927,271.09322608120254,79.14847994868892,43.147907794601245,3.154609946047228,9.865169247950698,24.52976484460075,26.808704004262353,60.69261249970149,90.57390178523099,28.03665048330901,86.71573970606349,56.06875321104013,177.95712993283576,76.63336904095286,Bot
61.93481281073715,78.14168193060691,27.45554316334963,72.31074733293757,27.190585673030032,180.57802826730915,85.22544896496407,83.91785701284768,160.12054551768895,24.892335776558454,25.954743479859676,308.4096832296985,91.86250215217417,84.76017520828016,1.6564785957988624,49.65542685838412,230.93902228569735,167.19741886720018,51.06004144238893,105.5138286718607,46.60805154072182,60.38573014955401,43.47508637802992,24.66311509339405,78.91071173645851,67.33771980028203,307.48143219624035,11.632423410722028,59.814246696810144,144.3502552869705,72.77189479337774,265.2231483859749,48.62864732168875,16.52248214701753,215.18915749403234,Bot
89.20542926189799,270.52611899114027,365.2870599133393,60.38033113833381,349.3379423755086,163.80180707687592,433.38146108437707,166.96855295243543,440.9591037232597,32.66026862476589,732.3374754783291,12.606317892240584,315.35692885068676,22.361837850727436,477.645197758262,22.344068395936965,190.74306581056103,135.10802810191814,51.048539771068846,416.7678707898157,129.78876413864862,188.05015796051296,66.37965963560205,555.9520408559646,208.80413482991463,111.32194996011751,209.1541020882581,264.9035297941171,47.03829186857048,305.3703610650723,46.03678366856155,206.78516826065157,44.64928955896568,41.732736650678795,150.22467268854854,Bruteforce
6044.013007255286,61.619183493654816,9659.010423233367,112.00971021971682,64.04130406967808,30.007451232169608,2730.1854509749137,9566.54635225947,483.6494414212923,1777.563702170256,3256.622812407346,11429.456683388085,10315.192368109636,124.6875095059365,983.3444764675498,104.2894029547191,6.751544344276462,190.39631626694583,2057.429156132341,59.714484274988635,11996.298725041177,274.9758030716,2630.807188224904,1863.204294585862,785.8335584199875,113.73682160214835,2972.7051797349236,1015.0646157595994,2360.1387538958916,8118.3113561777345,47.91336829620363,138.35263030103894,60.401106328102216,4172.766944209194,166.56016185983458,DDoS
19.651423583170807,205.51205037886012,3.67087373470181,79.76786505058567,308.4217115556135,85.49351737025125,258.14296532317314,129.41906778848445,63.42684292909865,89.33364341039614,86.48944327401568,134.0018067437581,55.196795975635546,60.545368902975596,406.2146286239182,31.03911184281151,36.077764164487,55.148792968709834,61.83714706864292,24.83231849108224,29.694311313536865,5.900560034067006,26.970847068434896,108.90843725029056,58.34804823456564,17.01002901912611,1.9653843629871992,37.168153165483545,13.223761492711889,1.7419232075278241,134.09913871146145,122.16096066686526,25.836476411018893,18.8731223145934,105.40609638071699,Bot
37.82657381144352,159.21476468491932,283.6336682268143,148.67119899662492,93.3280691678919,47.96843708999406,20.848413821553816,33.19246224720685,58.2186767096189,204.24494899833738,5.006164458925875,70.30583007137461,209.27831506996984,266.5027024300196,271.40558641167434,21.601850322153588,40.139039791209974,218.64187579885646,105.86750916911976,24.070933671950513,119.82222527666974,65.2433432313461,123.66799477670574,115.62942942317666,80.28651223870831,25.502821114969297,74.70145755932084,72.32283238142239,260.5614308165342,34.684262958946185,99.02811983688639,93.17951034080156,287.3016449400029,17.04216362617959,10.484772263373564,WebAttack
4.419893338237623,10.559416948684538,27.03327375787834,30.68603976607185,129.25016665240483,94.94310072398845,13.908379635922042,22.474537566833032,11.844167299709172,44.603131881589604,56.219806781551085,78.91719899101562,23.155663151168334,139.48030180917024,67.52080118409253,17.939079179250488,116.44612685181276,30.687750947922783,42.30409543057919,9.136159999259187,25.155271272109818,191.17549630982322,56.992802306634225,122.55753287167994,21.512767643947576,154.11251145596648,90.36652625349451,124.66845671515088,322.0752258182249,61.06239702471491,23.622647309651974,97.81253530366605,71.24242367691832,256.0883275808493,41.63332532622452,Normal
72.69306835668887,106.78492560009664,38.02188861549473,21.905413174549494,214.49173839231466,14.030296197025907,18.789899501048303,31.024173757568946,96.74993801737591,41.38390760204702,68.44829353149613,215.97789009247333,154.1720236034265,117.1246990387693,17.094993045862605,118.94209366929655,45.44783315998827,12.376359689378646,39.94257180569916,7.055743619132528,91.50851501209661,97.16769214862168,29.430010930499655,4.58414170261113,272.9310446990541,80.77991595337912,148.80727897906235,35.27948861108776,167.6400863298027,164.1271409616105,9.313217936121788,543.1589672018065,67.35961781156423,139.77584232701693,24.36989516611933,Bot
87.5276887941616,75.83485526150793,37.585267470713596,9.136960478291764,11.55771877786794,5.075299429664053,77.58583352269969,19.047241189156523,106.2187999771089,15.105606463521898,3.1962485343499805,47.99459291018369,74.01733835787455,20.72457259095457,42.676184314948415,1.1288578542084386,5.906929731444518,18.24883268528972,48.170577015983966,1.1398381230622214,0.6021382252102687,110.71383204084691,71.68650455539142,16.502157686290133,32.522921240030755,82.36078394693742,129.37819213908463,26.40689914675966,99.48868140263315,6.932402230272593,19.661167458636683,66.43685241830202,68.95427799141048,59.469688311752414,312.31128359779234,Normal
1.2294865810090019,243.55952243274842,12.357397426742097,18.121097580187946,346.59264191641785,230.05701918411017,11.71596436849832,248.58266420540699,138.15547121664343,29.74368070154856,29.21302922900982,197.7433661094989,53.518715532131765,165.11696563795627,182.79625776834894,41.192464582860886,186.34185034374966,656.4123619879628,8.53287257451323,15.672944734117571,133.94959385603738,40.7429658514164,316.23041030053116,165.43580755993804,41.14136600720128,75.02147130987103,70.40186718061595,289.85789930706363,364.7881468608244,15.781755092355008,113.8326582701253,32.26647873485684,58.85626567984704,35.29081253334832,119.85532564721422,Infiltration
1.8160495568196888,6.56770078390036,2.336525024862971,8.800585974983528,2.689277841083506,1.2977141287336935,4.391459794318032,1.54212865351386,1.9836685003108145,3.3906282923088282,6.6072051982531494,1.1685410879999447,2.8410901363854,8.583646281032989,2.737693672469553,1.6844683204861,5.336164394834164,0.333158797811981,8.039511665690746,2.2246163144610662,1.3285800443878115,8.082027631861804,8.42754912700877,7.347315114245511,2.3459686969871365,5.269889043032501,9.69066007480236,4.7776609891636115,9.496397266610476,6.763683834966874,8.44995860578231,1.9240000957345438,9.267348415692727,8.53344474376026,7.850496561087821,PortScan
358.2962291461861,29.696523341960567,41.93743783187872,32.3995385670829,28.80332045096842,285.9146908998926,24.28934528532993,45.83222127158956,21.913974362331963,118.76882323033249,159.74699681547557,132.10918547614884,5.501753293014517,119.30664981616029,111.32298528078755,39.774872961136936,235.8105420357145,290.84535432069345,262.0830181852161,59.40413946156633,255.7631235187916,131.25527080861207,83.99862235544217,2.12288056474102,40.00390609413508,154.44874211330978,63.04221070778063,48.23941691913709,24.423751154573264,125.44119892724781,87.30071858482596,135.8262342653284,162.45137149704462,55.46846830229454,76.79729024216802,Infiltration
139.07789695672264,64.08084162348098,4.320494694986986,22.388077874464273,54.38746127400415,77.66640023184375,38.33132363170566,14.277999525627704,9.955413177228355,46.354503846422276,146.79671281006844,39.81127293741294,59.719172272610344,3.1329377665677978,46.41576841851965,30.482874785677804,4.475568880721844,19.287643767271597,46.941074836893684,162.5387804787131,9.977204549840893,34.58517713271917,21.81555890439533,20.84495222175353,56.813186873453105,247.61586937209077,43.57807434398305,79.22095065139645,15.834623151678311,16.80952762722842,3.6332540435699863,23.439275865854007,280.96279166791504,106.98143014492317,63.18816794660355,Normal
58.94539037379928,17.234447634746534,97.36387770663,54.22824461849072,11.841857426970611,53.98091847088571,30.57237403466288,98.00437303149981,29.660044484120018,28.855580266375743,107.83903808668332,8.840305454164596,73.24621868889965,129.47295818866752,31.89738415335212,60.857791711435624,5.60331387789948,76.04918227163185,28.249745379111257,146.8863258251076,67.67437967960976,52.512380380743586,142.12116262462945,43.432188928062494,41.87131661573649,50.77561709925652,22.74420798705868,13.047103874257083,37.201070694759565,27.05311896468634,0.5344674273395255,55.123265469758365,9.07486311231733,32.802278014459894,87.22921495933684,Normal
47.938667491079386,61.77672733087631,17.14717300455952,79.79125941389185,30.564372168713135,68.87037097947147,30.549068213732227,132.7970391059419,22.733501827495374,3.8235980660392395,100.8582157893726,15.904849955027078,85.90890720685474,36.751121397202475,72.24065197613648,1.6780306765247202,4.5602418295958635,9.704600642679836,54.97305314223716,48.921741222626544,19.35870102657529,109.38381704247429,23.027007587079346,17.597586861523894,15.142516363959245,432.0652309489352,67.35634184439303,93.27569141307455,50.34774688943757,110.0031901678116,40.112114891496596,38.863495957285984,150.63009990718618,99.42817725224675,38.73474656797018,WebAttack
9012.441434009574,155.84955090820498,6254.1122541892955,49.38656543457818,10.832977071721249,5.688918419003477,3516.1330577940385,3491.402070352245,73.42366791893569,8781.323990982706,6615.343183733061,1389.221201625714,6424.983448036736,101.97176917357709,2722.9569327176628,54.496296472920804,56.49186247457458,0.37502820938345455,6346.740245021761,210.151571100929,1483.6524131962803,198.74044262831524,2888.91243278154,28326.658865405538,3275.083496585196,404.2451698462311,9235.419812739285,806.9143119687968,3015.730542499247,5112.635489010875,295.6068943963642,39.54708859063948,59.70352942293935,6210.6501007160405,6.248135668883997,DDoS
68.90768705146539,374.4848279859547,152.67188785214313,184.47366447480346,374.28828690577774,3.4994272699239013,282.85352846341954,213.4524143233246,36.26193337890935,7.142414728865663,304.5795942512848,62.641371245972536,15.170077917083717,15.575817880163987,46.82875850341604,241.47048904873847,2.598289595925742,299.90368943509105,33.082285939219446,109.98330471648796,55.93546213379753,67.33004455173202,96.98725477725763,190.35335543423452,64.1496594343768,45.673981564952975,223.8166102518191,332.01861124717504,138.17388821857116,162.59729137113752,60.40999364224871,7.820102132606675,2.3460297524189677,191.84573024681092,15.931752951476383,WebAttack
17240.22912495266,122.21266053779651,2414.6209850236564,46.05806442063897,4.473634287026342,163.56349559326173,3220.7177166673373,7302.306326611237,47.552619163212825,3060.078571616788,2205.912176324802,185.20884492141658,584.2207163709187,24.07786271164808,3601.2422236385987,174.81637377550055,43.02676841734032,11.228123981650267,2553.102765002699,0.41575992541312834,1523.4064469763764,18.983619996027823,9835.906702951968,5788.704123065674,13.447663977324497,28.995917253209473,1043.8014662972682,885.287622844525,1153.796411349062,1026.4530389124984,198.60966269784467,37.30452726371406,53.823246587191306,140.7140849001023,124.83414994172226,DDoS
13.261949830150641,84.57332112129528,116.81575884478318,64.99422296995677,209.25576786384337,9.149377631493508,32.44096613158883,88.88514957942179,140.40772952243694,80.80152441635947,159.4194882191211,107.44215261048194,121.15549048337881,19.33652454317348,365.67787730773176,70.67459095111411,1.1697048688701799,158.05179556553776,26.31533326287944,9.086803990257494,62.11853054436036,24.93841736610274,100.7921183464373,31.636499899700404,3.311607313101686,412.4204790548324,15.152378083695442,128.9196634794206,111.27196848302614,317.9305245832654,116.74782322317942,24.17491256885076,173.73264746153066,426.02158199301294,12.825108467784016,WebAttack
34.397641913453626,17.85542894510889,130.93005159365856,10.018275635003231,159.1047117077391,34.84783436215355,161.46769762267547,72.21467018569413,107.12789248366215,5.7619509203328105,144.61716427088334,44.220042624737275,16.391415010326543,41.332915537836776,51.710788246170914,29.829607895589312,74.05561734933156,168.711953719931,58.38489498030233,17.02470954093196,54.41561063382918,37.08522165992555,10.308836832372558,24.016238230663614,47.10446763037453,88.07433502497692,199.86401644522553,4.199197888921139,19.74733109661202,27.96187331681675,167.2953280512272,72.52874198429218,34.96537945105916,48.87663863698633,75.38108215855766,Bot
53.51372094037704,2.434551085614655,156.33874843092264,98.54293741053287,72.99440968033602,2.287069870064331,35.04241134229161,13.401193520929755,32.20459753519452,19.197504951820314,98.82112674228719,99.53595293166757,59.837513890494485,22.141568325984842,55.8762361845221,46.312931402664276,15.879869101683747,13.21899912795833,46.018457789976466,15.459768032414283,38.72101707988567,162.116519947374,56.85000763865952,31.97102947472884,132.68312789068125,82.97957889427641,3.1827341147640706,0.5922774265488358,175.42132500324732,30.2764968656696,84.7106213900468,4.548927800625769,12.931306928645023,9.126885659243005,31.82739222306174,Normal
14490.554280000175,84.56372293005316,3407.2506296749357,93.44531627549286,53.069280500564986,83.92423130506525,13124.514538896794,4666.652721506727,28.734171823287962,66.91575448255826,3898.78400553868,5784.786657471781,12266.746842626486,43.54238702393252,5093.576866316954,36.34275221691238,76.74274372650005,151.33864704061983,6044.151010884806,61.157455656626894,4789.161862884508,97.67934850725163,1585.7189753212872,1396.7844978908083,6692.987058519751,188.93724657038973,5985.704260518031,21192.679267930624,6898.9249401027855,1310.7033123530007,284.8267191174786,133.66109284111525,28.342171710546786,2719.5554364635195,37.35523067838652,DoS
3.833208868713329,7.015957845078876,1.9860008411311203,0.6190600670177759,0.034568995356770715,5.266699174835004,2.5001737062308536,5.616386396811954,8.809915193796051,2.9365795833251482,1.835704626339656,0.015753071587958356,9.813529232906857,5.168267138614082,8.020944688477824,8.580994614040948,9.952144831846805,8.596329593839767,2.940587875693236,5.643666106845481,9.627355126803355,6.333780250448929,7.69063764918937,9.066618591642623,6.136530046142664,6.92466555884671,5.882736626855685,3.3863751086804763,2.4879518383525125,6.335343046021958,9.811237479197745,9.161374895035904,2.09859274756077,8.427571125372099,0.2110770882921098,PortScan
35.94635058494603,20.991860957564302,20.208309555876887,8.370229021660188,14.40330621995429,12.662312126999739,68.24461862053114,26.002904452836145,1.633181182303909,10.482534922638296,28.670666487172696,16.879251350350035,0.9167830167348179,82.48027943719971,4.509482140434802,121.78551116413165,41.69065469174323,9.552558989421462,236.15317642255107,55.03691640052142,119.11809070985011,128.70484988940876,13.323264591252263,22.57856559042728,34.946391971670984,82.57097723742066,21.673012675475295,58.38689293555673,17.812931481207855,2.604714406180929,2.2768582656016467,22.36622194369378,27.45844992914746,54.60168816286167,59.64786209909839,Normal
44.614952999508986,18.490401678761803,102.60375455422877,34.137346189930604,233.27706408486955,89.7696238412122,1.4753114536683238,183.63083582662892,115.62728776864002,206.50771257581582,35.141651955441574,48.13369948873599,28.132841657681606,200.96709066707996,7.095349159895564,51.81103226338012,22.2149292417912,115.7912887645931,348.1240544624761,17.910004932745885,74.53226655181832,105.7265198280158,5.037567117190965,98.44753498137275,25.6083519066072,38.91250701780562,99.67665432377353,189.93229801141786,167.76575474656966,0.2941683875293234,4.344710361407414,63.18272678777338,15.385351255078561,151.39214751622197,27.567847112920834,WebAttack
3.25867590051609,86.64705298397718,24.033020736804236,23.196419418693047,10.597637998403385,1.6550776704390282,38.749003496545306,110.39007358487065,44.71625698485388,76.38016423547033,87.86979581093979,15.583670366387882,44.38183037442138,28.956272509424906,107.41033219116471,119.92693174231827,77.46972662612419,139.3447826993061,24.575056190192708,40.751751150584134,23.00283163078891,87.25596315845733,1.4437219280741644,8.368395080876539,60.722506343515406,15.058386753369588,8.01366875965024,153.54630790182944,50.862542951483235,0.2544434264826708,97.15998796020796,56.94627450818874,5.191265834585812,63.884862200967355,21.35654612829685,Normal
2.1521991891323755,6.394166312732141,3.666041739010273,7.8767568463962645,8.89894480862972,2.3570323857436772,7.923111006098921,1.5281378734042517,1.4092734534652918,4.284456524493519,3.2450950136836854,9.871577710234988,8.039789838860061,8.902368862819408,1.359976568651774,7.139609567603044,6.042843059037903,0.9923925086559804,7.936635941824046,8.5378180101701,9.140929961043726,9.398205363562264,1.0781056914004028,8.821722879561253,9.45360019172417,6.907941950191558,1.8385133592792435,4.008376711848754,0.9011024478861285,0.042464454796107276,9.20062084482463,9.723384095715685,9.192928904461263,2.5396258300340655,6.211109304998842,PortScan
95.81370914280339,348.45207473952064,71.07496610458352,417.50619386466815,177.66909630876557,162.90420566524216,189.78516022068754,47.011896525879635,184.04618497136283,329.7815246122587,225.92183894116542,19.163309629915407,95.23550988728525,5.435019332405334,89.41697203211827,31.081425574184696,123.13939583980907,6.470873032968298,545.6354320932815,78.37596962090174,288.3996623802254,49.740428041544014,254.26582651714656,85.87507374241233,191.75764485880228,548.4396577356081,217.92461591331724,28.52424762163985,448.61542939138,264.6109403839837,392.320718072886,455.00031070633423,60.62927080348695,79.8362441262975,287.1679563092608,Bruteforce
25.89866104755274,328.53358486704366,45.92359420378004,123.76239473568505,37.412138262441665,195.3085108883833,74.29361156236787,6.45906830487189,86.71962381030431,52.00477421443149,107.5645283433625,25.300824527733816,17.881342477063914,172.97288941561095,110.43647917006972,62.854083684007925,149.51831505640237,118.69139188818674,4.190803112794874,33.72819735919475,24.227156300911396,103.46546522388202,227.89675902267385,177.17459063274936,47.99950457900079,23.10817506555663,43.91696288970706,90.0047842117507,147.3432295652837,160.5357197690135,44.944936548718864,75.76204636319584,16.87951028773062,126.744170402896,95.98979774826634,WebAttack
14.640227907621398,105.3219111693279,21.769865180957407,34.73383307678198,217.50564487015657,165.4668551694243,69.01640290022036,68.89182033852373,155.71686086871802,44.775445945125604,48.541068111927395,55.07491526241795,206.8730691185996,30.384733481686272,197.21721631552626,156.1810376223595,61.871521332313996,73.62809896594673,307.20742497358924,11.976797015336716,56.70403700265957,135.76026060482914,130.97362662572226,48.210975978671826,0.5011479531972206,273.1276219535701,214.05364907277735,44.402345120999264,25.653973243957033,33.944675270666366,66.4633345517749,25.85546783012339,60.97724228790952,15.157370144140023,6.770307868108828,Infiltration
8.083070991278245,73.02738414748012,72.83657748024487,29.602448852709625,47.95248272837856,76.74164545603989,22.881943779202217,120.13739522603515,18.380606853928388,123.18360266393655,117.08220799958691,205.75638962898472,2.3605885395358723,123.62279368266147,86.01870718950103,35.54515272306345,44.413777990877335,9.142635098941094,9.041194784158748,105.43787444659505,34.33668574422748,178.71101963143136,4.143258203257525,9.629781279109176,3.0347567959298,197.0957471330177,10.692333112117394,45.818651252973176,51.77575324354925,139.99517556832205,57.24929503084052,99.3301725352334,1.9727186242628374,69.21795827248789,36.63761884225258,Normal
5.411004595732461,9.64186280065267,5.978945795272593,6.72602040466688,7.912800286047221,1.9972358187123274,5.601921056963589,6.142634289034246,1.2014766501367236,4.55511798208211,7.706783707657671,0.4070623290278219,4.134920072632547,1.4571764383126928,1.7574859754736383,5.125745145950548,0.294818188451782,4.2495672118777295,0.2570516115571153,9.25560104106775,8.82953967199493,2.1163822634090055,0.6580436820374791,2.506356558820614,0.2839191040649802,7.34788796382346,5.7389443010848336,5.4383956251052625,8.519722187513374,8.093124587747507,4.088815784679609,6.103368920229567,4.418079332434445,6.240096996902691,1.515248546750937,PortScan
0.9566512669621594,60.98833112632088,67.0778776652455,27.115127216146856,4.606228093947929,105.90404208795239,102.64474236874635,36.197811995687715,177.62250239593484,164.13230866695002,131.58851676605883,63.41669082761962,483.45310891960924,29.522491214911934,64.75806490962086,195.38122480344106,142.9588090440791,69.2554717766844,92.67309066982659,166.949019955725,62.03094537236221,12.374977013158015,25.013696341326604,79.80356694919767,5.3099432772428905,107.439053972378,8.521202408482756,41.81009958838887,103.423744856371,19.31328636218806,72.91872005832354,558.5805619839491,6.884905768477349,98.20524001884779,107.89445318185204,Bot
110.12025996965981,298.8492993894006,126.40103196641743,332.15153194439733,70.11800438313956,72.93924825101115,366.09229496949854,94.50396306896312,33.82923674816756,148.01310437818077,102.18042210434048,131.1258009775344,94.22055367911742,188.84657694850355,49.38960827630896,19.505000780113463,25.49507556639809,128.6381768476672,100.70803759732796,311.26360388921677,76.88026856497157,32.66835232443802,433.2816790151355,262.60649435716414,174.96128702777213,234.80519593871261,53.866144980998634,30.623840582444785,41.56574103727698,227.4195370709704,154.31846072478837,6.424497965363776,118.86613302017814,35.396634574554895,340.9133955702691,Bot
44.48158088375308,45.512514365472846,20.57126183615103,33.27840696150217,177.57973311251178,1.6849646410584582,73.42946117368109,6.885122105141578,83.39058167383058,106.68254215626085,74.8745350198876,30.302763551973015,52.95141316005966,13.077690593417607,29.127396204156902,73.28794253306722,131.92999229413778,72.74201352337232,21.56119620269276,16.467750948256906,99.89604210097816,0.9569814031997088,76.07737679113818,292.07288185221483,10.653636857160741,19.463655134683393,52.49602353621635,20.26449615955058,6.042381752138369,4.833125624079244,14.973315415404873,15.258734065952753,12.744583948849316,0.02682824995850801,57.11848983219826,Normal
537.2949666328954,29.49695489886251,59.26971061659976,85.64893778734427,392.6531601562165,359.349393192921,74.72974778435551,296.307753358986,7.373864097216706,53.67994248774236,144.94221605330935,128.5032730967216,109.31070082169,29.732757192028238,328.8965839836709,47.38501049785256,317.17945960633114,271.9466964481103,99.91286917462105,142.86807849910858,122.41289177932238,951.8578592448769,112.83053125997087,465.88321533881197,312.2350807966038,220.43487465022076,8.50184515843187,105.24082636902614,491.1969643024509,276.18210833120247,423.89968101746405,96.33307104895604,3.7761717989101258,379.73327685253093,140.5507773606351,Bruteforce
139.764911142128,8.38804868694896,156.14091549916827,198.8150992021702,221.7004270563247,225.0796953727151,164.54937288749295,8.47925802406572,82.40884936991104,43.633813105166915,46.84685200052597,223.36141900347167,215.51119823834642,116.93945147257352,25.15640198835336,110.24401256108246,28.743063461784434,148.45406199210268,19.345839044225386,118.37638081149926,47.52700478898607,9.449034812534032,138.00778102561705,12.694082120899628,427.30229453216094,65.88596052777788,35.51202557279458,19.944265030492435,72.94722849439448,139.1113871529135,177.61968954484658,87.90406373562662,338.7659203656805,155.1603746027344,17.843738625126743,Bot
3616.229938972315,0.4167197391883253,4541.422832990844,135.9920570538937,121.92078899943806,34.1156554873084,1952.1988290201652,4061.4806012674812,49.53424365702194,6012.990792037892,10291.471076790047,4750.67615568246,1904.128692193767,20.37430933278693,1042.1906805236654,62.157052088626166,338.33306252874866,13.1717561425691,3044.4741450052115,28.31448687369883,5925.76638449132,137.912002293281,27.202987477071684,11678.50066110028,3429.5708416957004,177.2546566814583,745.3747570332213,12515.777891638398,3831.3521300038838,669.2414974279867,60.65870125634021,355.4846770707637,49.06905678451538,520.1493631108897,391.1766890003618,DoS
19.20171645377207,77.98128389501791,188.28016728133838,230.86233505625265,22.820403869606228,5.914170010133124,60.21425118561322,9.972709957632778,59.396242509214524,90.39224528597673,71.66917431516609,11.89840287435441,107.6497253627055,129.94972857390815,112.17345347111227,21.975927334511482,100.33097662925678,34.0650541507988,15.170940505837793,537.7301248788391,43.07614924915598,91.62160368827382,44.724875248125635,343.00853843347375,222.1626393340933,132.12236999910698,13.788337448526185,60.47689165401554,48.350119997720164,114.39083549981754,170.23977438767523,25.11228091758124,62.629764246911954,27.22208959947797,229.61286611825628,WebAttack
35.248188759447466,291.8306103168025,20.489782464808822,45.03579757315067,392.1723741448968,42.604832691304786,357.5906258377923,227.26838611682635,577.2256583204811,226.44047319059104,21.988163781528268,768.6433088863201,22.640232733040595,111.74826075361356,259.18710708310033,88.354816537581,54.28881348236639,218.32817938087086,30.262933584466094,15.669101358105467,104.6092460884344,707.1748339176922,217.04347365264863,40.625053315233565,462.4592215386192,19.013667341784227,619.7171068207587,194.17633891239925,16.68192677716051,273.0676049148759,167.91947077206268,153.49455560346192,160.40840814186274,129.51081494852914,107.82767361847294,Bruteforce
3904.9917939133434,17.682524065291762,19356.542183563324,84.99869724724361,225.22651905892567,69.74388069191247,2987.833303637228,14485.6334514961,127.00125480010875,4408.454198692013,2793.3042077387972,3964.9950186230685,5746.873560838038,106.52156234887367,3096.2546761642857,30.488687308376434,23.110513500552102,35.925629792121825,1412.160546566574,0.27901915138927086,4329.017751308792,131.41101952646912,11973.441886822886,20604.09030998318,7702.50445023848,60.9147422147281,1940.9390545572312,5489.5120382562745,9747.55074155383,3036.283154635892,41.13664437547055,174.09805010256727,2.983793375175338,8374.469606304656,18.196579199021148,DDoS
15.738310254436733,30.866876298788025,17.14150260651438,4.973200598011472,39.95840139845592,22.574055653919316,29.265300277697488,3.9749824005899783,19.548131043861535,53.53424965771338,100.77509322935381,67.08710221536562,55.06973154882003,17.666182892995018,6.393712860527842,22.47973468692306,10.042761193622479,56.734011718876665,143.21004200037171,79.7344856720004,32.25533738940286,21.296572637447785,42.58581766741496,14.766435371243341,141.27362149957156,170.8686850550761,50.39722172976975,55.07080361744622,99.33106810006319,42.99756433242991,10.299160158484655,80.2573379798628,19.946391013975536,37.35279816337753,58.83101914760272,Normal
86.25323297065182,173.28014497202025,98.63621594390618,128.88191236176644,65.71412640230201,3.2781695738950107,129.59012329155337,33.255565772050886,56.724019823392624,125.34750077839789,13.18381749240258,21.436371754122945,5.90756200762984,85.76758329762181,60.96662803900873,37.05795063568389,99.1394670821331,23.019442396369108,190.75653793575282,14.738720175376798,36.67592612863421,38.690618689591645,100.20093185665901,3.3061850757052174,42.728898335483315,91.37254013544371,2.4009483216315286,49.73130624816125,358.86038852503583,53.71392614852972,5.613346981872503,173.39013051017213,398.6250882871818,20.561802627569424,113.62169191919239,WebAttack
6.893650457809189,54.43248306811708,70.4643510109491,69.80737109301755,32.99629119122707,158.2917676112404,326.07670031160995,2.841973383134048,6.050866893956433,4.85100456713292,2.367295287395599,91.2530006376378,83.40854154926595,39.01037625278648,107.54384137880805,243.96212956638007,33.06511777001225,13.733201051876081,0.9352666107692216,218.33991678866727,119.40379389238187,71.36849085346459,87.06238534650181,5.3329902913784375,109.56334277248165,56.93616467469988,32.67350077922287,42.67328328495989,22.282477235742654,383.8784652520875,104.54311693783175,70.90748975991636,5.642444122225658,6.237488277231629,222.82796876250544,Infiltration
64.15852768592849,78.99423656735235,53.847324639608864,136.92900107209786,257.48502287021455,443.13455175505163,165.95018792514637,146.60396166741418,60.64682825533715,49.52192369257417,45.449719300489924,356.7911337851929,225.94760512752708,285.1945663145701,36.60469603056392,8.547105990612835,84.06358504520533,21.348357138957585,123.7673803029248,30.686572602671568,10.186404525863756,52.40184067996621,117.25694799817686,85.08631011243229,23.14944916523477,110.01190740704942,3.894306434723841,71.97830801338695,82.87484155068803,33.25757713937355,4.841287568388941,171.95991657229862,165.25590868893337,42.703275164162,34.02318875563034,WebAttack
162.09993427968493,86.69852318679503,19.473033877345337,43.35437335782909,59.03809127436346,142.76481005603586,20.37175572009955,265.0668704819045,32.28883565546708,114.75200814252784,92.51179147486074,214.5623941831871,34.842849342611494,85.12361214309098,144.78946791641954,80.37101180441239,99.99039839479322,80.47874295176504,287.5065203547099,325.8654586171655,31.459042395420685,69.33088719590991,72.33902483131479,133.85366959555037,51.46580848625677,83.08007116354726,40.562901068708925,100.8596708377646,67.75601307755676,98.57425115767921,10.841734162434879,84.42356039782737,45.53844737336714,212.83453104717185,19.84055285726623,Infiltration
0.3834057645936173,0.81497025572832,5.772579352237024,8.352938371153757,9.41521427935336,9.444361109300397,5.786144538404644,9.814092109264907,1.495960941212373,0.9466765067049143,0.3027788721554503,7.741321075613072,9.1659694562956,8.398337079769405,9.396361905260152,5.480678498239974,7.630414423482757,3.3670987329542204,7.665788938767244,7.530459987565413,4.356028774207584,0.4376564957922757,2.6626295871360073,8.851850377029068,5.8726665879384665,4.0509324798442305,9.473953294562207,3.6644189651214862,3.2808292936671792,7.704960215486746,3.5530462989122737,4.4623322201283235,7.2245803228947825,4.301201813531059,3.2228794151591766,PortScan
9378.739071314132,23.36494347504096,8346.325139574177,32.58119818335012,183.69629026128823,56.07414035806965,2049.351366620206,82.87219774706874,31.712959265221365,539.6447280668152,5490.852247473536,4921.5803577501565,2931.4621712948765,25.00213779638183,1061.5227353671785,428.54912884140003,169.64847538498972,129.0208133317605,1752.1138199394502,31.105639096924097,2245.356756225127,276.1331617209417,4028.335185054938,1885.8571996285675,277.0284423470886,161.04509000119393,5751.40958824237,5142.219392608884,2353.9030136655365,2512.572564031563,61.27694383902954,180.89885670434438,2.5070945939595695,866.993993436173,200.23204646001426,DoS
815.6508624927299,90.90738702278058,3781.033018449141,46.98186175239196,14.50290807668547,102.7269131217649,1006.1207900912174,87.38011691673285,62.28870855103214,4530.704888583811,14472.277011086346,790.2296410466308,6591.17197406377,32.43973761322763,13992.452393961403,175.7817768836397,5.596319266777457,21.772448662305422,221.13377637063002,59.81939365633821,3175.3358018409576,97.512390880855,5.111568498716388,11783.86941338553,5814.303159789449,128.9924932720723,2780.1893744280196,7858.046720648042,4147.535181991259,7940.528147202337,241.3173955487992,189.59294040374067,53.12286064236873,79.97109390341186,10.85580109448809,DoS
35.09056676933854,174.56059463871668,17.110195882741756,125.94641461817766,11.47400000841087,97.56118838500645,69.96306585916619,117.83963786106095,35.68306757327703,31.451703195603237,3.5186793528730296,94.71998479831305,79.78274223804367,60.470742300281586,155.56366117597753,50.2363929178023,48.09119106539318,103.98024443608244,57.23275811168879,241.5067209093419,31.620255490460448,33.212619755783294,31.60538992271411,104.4702502907418,159.3378642785034,53.70291184365521,232.188773527182,3.7891208809527885,173.66472592138572,325.37217632884483,83.8545561280899,93.32306456839746,231.60802507940105,11.790236633755022,62.582114054401025,WebAttack
4102.077734541302,43.216687714414455,346.26496995296037,67.17009549647666,296.99504666562353,196.6952768105166,3961.0365585993086,510.28934761242317,92.38772947394565,519.8007680070903,10725.251887032598,8858.277692775893,8728.868556624995,0.6496790222754163,1064.9414806747677,177.5144176916273,75.9654923094609,97.48004629598961,1982.957722412481,145.69540649909246,4116.909687198378,108.6145447882422,2678.9117411518,1536.1829242560825,81.63365187713976,6.7513618099484365,847.853987248644,212.93689149349524,7616.389166453679,6430.655238936224,33.652570274933424,85.76569215419818,77.50376330838009,10834.756321602015,11.978757183200798,DoS
112.04836478504933,50.80141305650589,12.24818117144808,64.84553087023448,39.82206641420814,246.18250435928576,44.3223410277542,15.064923170887349,320.4406754703627,236.05580821396276,44.52897969572588,33.49010505429067,49.86422372024487,154.70718971789327,153.43959014781382,1.337051876116898,123.49622258899488,8.596683592918252,52.57484308051142,25.275607497277875,20.53760733050908,81.48014745902964,153.34214575855447,58.72549709963889,138.87636770157317,76.82552404479394,90.14079074180026,34.44312369938217,258.16242008810025,253.11071154789855,71.2972021227351,65.08203807017473,1.4343150015127408,41.28848928965697,215.55390018106567,Infiltration
13.140241270438457,44.74533238118382,216.74488731893632,134.15395107804494,140.3754508924686,27.674775486583737,406.83817168838215,57.05865202544042,230.68544710726565,3.9794376152840933,137.5523913933276,159.4277508184126,631.3297689958562,376.4421164291332,848.1744420149864,59.528926716560484,356.46474901273587,82.3248685045951,33.616637722131635,371.2445481502728,211.77176998161872,427.6603045773022,66.63689941548259,159.19450853821184,171.54229764969747,68.75871941668781,408.2558482352405,40.77600445352629,327.7501083042311,664.8451137765846,52.32655727978056,76.81142203955585,148.48736474485423,868.6408147329208,19.30510024054027,Bruteforce
2.9957554528431363,2.3386065383466734,4.399039355025885,7.889108527984579,1.166330525334982,4.001001746446057,0.9179117671325565,3.9145601684162767,5.825224383622252,0.6897477691104537,0.6664183575272897,7.30510111550149,4.07497758379783,3.5138226896400457,6.863197320626995,0.8476335065983454,8.597149640399358,7.754260107578016,3.8964476284298852,4.68707439664965,3.9771555210631107,7.852302131065025,0.28993938782117534,6.713886511051879,3.025477526593182,7.795471218325472,9.839088371668707,2.7897823361712537,4.4585173995074,5.47590809999749,5.510490747514556,1.5657066781471674,5.832461655235621,7.239125134789401,9.440284840144258,PortScan
104.68514451087871,111.53140916062192,62.45005291325463,111.52952222377814,119.87848819484216,0.5558149783923663,88.680168866187,7.840619255090929,241.1348497856912,215.6159943937956,181.4039744083654,140.49205636373338,157.73306123379248,450.8799091065893,46.99706803149569,176.1288379044737,818.4388812197669,119.89420683737282,49.38053488634402,88.72292520927294,100.7469670467402,108.85775725110183,30.34570824815912,144.78011454626423,219.609014652023,23.145787806132905,40.785696291518065,90.0837177051837,210.0487313223848,46.74349317649406,87.87658861204312,325.40426815099227,556.2898838686656,71.55967816555314,44.82168076809285,Bruteforce
1102.6675846192063,11.65459852809119,2105.047659311808,17.190476759415933,27.867352494144594,167.85031014127418,283.53212279984814,3433.305796438182,28.514304799025446,8694.212659034847,466.94779273489314,6505.058166220906,4867.657076005942,42.78247547232684,12996.719934464345,144.35816641325192,203.56453335385663,119.08783758434973,10089.800788606924,142.16734281829025,14427.794062656796,59.17055240024207,6392.821079231607,13095.615789494293,7731.163968362274,154.244881008453,216.3530946617564,10336.762689226902,2202.893447872,8287.05591179325,191.47136155336574,12.06512108856618,284.8902444173269,1819.7385120066647,94.29148644635373,DDoS
62.13830874929431,150.7961375109591,202.80015811562464,33.206881469727016,4.975072120372614,92.48222351227739,255.34193997940474,82.1071596608456,213.0942885844376,75.30147453398325,131.39940476439088,28.878299468380515,13.441725083868835,14.248083274029211,11.768231807508759,5.467311891352954,171.6593191494482,44.86149987669271,38.613126266509475,93.49593345913374,18.726745546817682,191.8292441851646,129.19560394404493,32.924219600070565,20.05918143724361,53.10196092685465,30.48308698067651,7.573869889235595,50.355979845211586,225.1878564701117,100.88499373603437,308.2411225612162,204.6432325133137,111.78920988415986,185.06003950998422,Bot
29.047815638845993,173.57798997128927,76.36693720121971,173.00200420527727,35.81300679767799,33.2768989344245,25.2773025505315,104.38968219105395,64.96266100952667,86.607931246509,128.28283748852814,115.40774369940488,104.52982866446112,139.87476397425093,3.443682344547484,150.49398538863014,130.0411276623357,43.866314312447095,23.972735672963534,71.06144156597229,202.56957461386347,32.592806356227925,143.32892380519974,296.90578886549656,39.88246706945012,430.27721607298434,6.039598272558849,3.718497562743924,185.73087241059773,64.53881553499075,60.60461013453459,195.91772914840945,247.49997066580397,82.42784025289535,210.65553890164446,Bot
8255.657447639858,39.48928248383016,8402.211350577338,184.158775010537,262.7802056281852,49.731026819405265,565.7353906621364,2337.5051872970453,85.54641445848867,4658.232757577423,987.0525488461005,2255.078314676779,1532.551669272988,88.09426807371395,1707.8801504149446,25.184500598612164,69.31949882604108,34.213957419599275,338.2383280535263,150.39823245335015,837.704205567932,3.6802129041363374,3257.7127427010087,1212.612076282151,286.83841470559554,43.93198239550508,1828.5439783493134,17743.24900765167,9764.808125347454,4860.282346872298,72.31979954276362,167.55007704684115,141.73469370989108,2661.826242523184,179.55092107631384,DDoS
214.89997837074978,88.75951921527057,29.36085476501492,136.9003254644112,23.694462853284858,68.19271763763427,166.65755060534636,121.04277010857767,44.4608935869415,85.99663191995498,346.80434299285577,173.21153957615266,35.109366123915954,69.4868874177064,69.53718003627527,4.420844621524493,38.36782131719758,25.907105298168347,49.82376689773954,57.24781673878467,28.107993528424796,106.49508606910429,20.44239899858365,118.75937222590017,52.941685120201775,29.642346704629745,52.9033009130912,84.56638384715063,14.662903751672188,24.00343778101551,76.83672617766614,40.93130938956258,86.60352176036095,166.3438750903636,5.779648281206937,WebAttack
2896.577987795984,30.910686423388984,3045.6943170633776,151.8833351200754,76.41205319145999,38.80496461221541,199.06241685479964,6957.486299888299,187.04518861657067,472.0101507631209,5731.859507464713,1929.1989844300285,641.7429382790608,1.2917272730294356,9833.987979779753,2.804130124996502,33.635162900627606,308.0146920527976,321.4026528868818,5.167522558182419,1178.7524801484055,322.15150826767956,5897.873212088905,3827.833819020446,10758.791984124367,26.142173905867537,5549.706209774577,2855.727232391635,1274.4355793500479,3983.485612813693,147.92509156260013,68.23184269527522,43.31668899003213,522.2642546722764,89.12336317195765,DoS
58.78443361116845,15.514966337029628,247.38193728367315,54.029110232560726,101.6803729407989,26.37794303399473,293.53938863735766,82.22509771430596,648.6891909844469,11.992157637747619,42.444061212736514,171.13074209184177,10.566190805488228,2.340325861460028,101.60920960292907,9.644284451211957,161.98846518131313,248.55699477443855,73.7764962351749,12.540458662536839,63.483460224433294,101.48857002846225,310.35617331025975,14.770336029719028,0.27070447962635164,18.409188548645766,52.17170784368383,4.960629002168495,32.66299322847459,38.02437995754657,12.546755137042407,50.63892635835765,32.85290073125024,20.7303791478877,54.02032230690834,Infiltration
430.13845043927796,333.1817283340287,78.31891741855486,365.505332650867,349.827977496069,60.96963872985269,50.92111354892357,434.16575152873895,212.85291054070439,133.30198163167523,345.05096517031257,8.411366691256728,24.40343970728403,316.64491862402167,200.73468897388693,8.278937214982854,11.617597376689185,169.86377368949135,65.96860051944473,90.73154976631133,352.57974303146057,241.1976104697315,203.81328520579873,249.55062931562827,122.91157694704378,123.96088026582478,390.7962639372216,8.798320848128908,224.35355045019364,31.923507725853483,213.78955041867474,16.467718859943975,934.8419561324423,330.9748872528546,30.55935820777788,Bruteforce
74.7707167748579,60.296094207324145,99.7670284275016,369.3095672781218,61.328369324370705,52.73157259185412,33.44335482441802,79.04137403801789,19.53669794564969,124.19759605139174,34.68462968798994,73.8383675656294,67.44354507046668,377.6077492607798,5.926194310126638,73.89083121162706,23.53638255570118,7.3225291226622735,32.411776556735056,9.108634111837418,18.987149760655385,259.9513454671246,525.7130635140303,131.46954502311763,32.17090923409814,35.06427490743281,231.92249705287534,204.46093640367002,163.73747905208663,203.53192567987102,48.06185296184628,128.15354912940796,64.17097997385243,17.526838064567304,3.195615702843533,WebAttack
88.6922607186738,43.60473411933749,39.57613964387292,1.9629851511671668,156.6161468318576,121.16320713106788,50.740642556270174,98.27751062509353,50.83109386804946,12.272125094080245,15.643973422131129,333.9352131256682,126.80455303234083,44.69656381442036,141.72232246347855,72.50433876655661,154.3041419280274,109.75803798558934,141.00277175150063,0.574150037056504,430.56998101645894,4.755089733458208,49.899693696657565,13.221553484727252,21.622237007854732,52.58587641915745,44.05146502427679,288.9951067411244,48.64905345951457,300.8085621637801,87.30697087458978,49.835561509564265,91.41161768970369,86.5456266574946,29.826963620362495,Bot
67.55759062950466,46.01602234661436,31.83022447441866,84.08898129088901,288.40462561352484,33.31213528072914,42.2542007501311,10.741297259356026,54.26261729700431,113.72763530797192,41.0065330383499,3.956386393183918,188.04116540623167,49.56124071318381,43.73837451827112,52.20809694485345,130.20694017900166,198.65340774606778,136.68277168231623,0.76780788530853,104.76470764243719,141.41224146994375,62.57681293022461,148.41812672555196,214.3068490040853,135.2853574843903,11.556255713930893,144.84054609164727,212.34225304724745,31.107565121272764,14.044589667302477,21.182134258784142,426.5748852135749,61.30637205873798,44.32652096485221,WebAttack
11594.064076942619,98.01722041578981,6.400408354396105,136.459253952571,57.86377285378814,7.801425430381329,2634.4002434158383,8094.8212731711055,28.825761062503357,645.8749105686809,649.8491526611294,275.7428047683755,10946.071911496454,143.60086725182714,14596.389393979909,149.3627717735167,111.40524557244314,49.31563091299924,2266.0451565820667,77.5461269214724,6695.954686093326,23.650420348488833,5075.5874696721185,2032.2733709994525,8974.830498588166,50.275385260752245,2737.9427081695467,5679.652811409357,4627.828513979892,5099.085988684993,12.009559976032705,82.9225030600049,7.878232804964689,1364.3682432489395,35.71784188851989,DDoS
68.0194570092496,8.4487851902168,46.31653453800764,20.186531982305763,20.740627998702102,7.142491002414701,76.3951771282621,42.74398035909198,123.99506972970833,64.21972669204294,20.07857536381897,9.497835017706869,55.655718110636634,70.9537685082972,60.84317120894428,68.40393159940234,39.52469658724957,49.37398460445857,3.311919481652422,28.99554239846828,53.9031238018824,4.354626920912762,71.71952042915308,105.9961440416677,27.56335144500183,55.59757570953563,10.193534321598522,69.78458926885457,48.823206206214145,25.618664463253644,18.3515081856874,9.478757550878784,1.69664280327076,44.7898962099972,19.21685921842629,Normal
60.13621230822302,102.30149008635274,96.37527556093526,114.9714512503757,2.324596793275536,88.20055747506763,1.8696583240828302,6.029027905609471,48.85950870846323,10.850262179430409,16.881343371449848,82.04014246952602,210.61918882120128,3.74002122198541,0.4112747806668239,7.779441927224876,13.907948130661934,110.060462514349,66.56298005443317,11.45861201895373,23.230371889326804,414.3721850517057,93.48471898753063,15.17041302854044,20.894893158161366,3.8908029091862404,70.62849231013976,16.865929005593593,79.41180493106715,12.340962291500093,0.3947164491277873,40.465455224213834,28.365967044053154,81.16122202209375,20.43717563754067,Normal
256.25588924873944,64.66886737139176,32.33290676169058,67.84759082756277,29.113157486298736,128.9644752678042,147.42143660564497,60.61593531323559,95.40649554934468,17.94049244251009,77.20512954191341,7.50804460346676,118.37558286887833,15.50516522632405,189.94708727621833,125.29873993920373,16.483930794328096,53.84213075061969,26.172750479477436,0.18325739838270044,254.73757193792449,2.3898752772733243,44.65500571781181,79.77924788745426,73.25907236292906,39.46938307745845,117.13725925777621,239.33246809862626,22.98111670784252,18.84943186925674,4.939570219951796,14.460993049933574,24.24150214182473,4.891602469800638,105.55659332116743,Infiltration
565.0999281288254,22.661107485888227,3626.351005139777,12.092728403889584,58.13791843447319,207.64117201859898,14860.41407136278,8986.690948413234,55.94631174617805,8457.633384859782,5869.875962954663,6982.090017691428,5143.20497199178,23.373766193808507,5932.314742778617,103.1625195527686,133.7267258190444,14.897076098832173,2744.0812912545716,15.05956516462007,440.68611944256673,5.111219400956606,10162.834611505014,4517.311192212561,4485.23376908012,532.0014336497371,1073.288958877033,3215.0460685451326,3931.459042460323,7058.437060327942,48.085498619313206,80.01159309832605,43.172161441413934,10899.46741141867,88.73155435087642,DoS
36.85385391632182,349.0900801214406,244.69545052070893,56.71430721811445,60.51444730390766,18.182052574331422,147.0466612097329,7.4417188798793745,312.37961259217053,52.50123331144145,7.428414074386591,128.47035436041213,163.61641816284893,54.91954593925664,106.9414455461235,80.44797084211254,203.4863129500399,66.59385057378513,301.79291221043087,156.1199393271796,89.05681083354582,31.938927183750664,24.28288015033578,191.00091186915452,27.126913207811988,66.46096904301719,36.094497843119974,55.17497588968298,2.5449432823192724,24.1850241512581,109.16360805414173,136.70020912936144,225.17825993412842,28.19579681960782,9.51530803762823,Infiltration
13003.294475524892,75.68338021713032,5359.2363448672795,14.442849925384243,355.2793777125407,41.61215155016416,3907.502144507128,4630.611868663647,88.55980025786377,1489.6348110181252,290.4370584898796,6186.231278404174,658.7523165487169,47.07003413603481,8354.06075970737,71.71255258761965,24.924995773810373,30.367384511845653,3851.7864147553237,119.62325650810976,2367.571831194844,434.84887415365796,4917.922065871035,6623.923476896702,7811.148905410446,135.52354112711902,1059.343343543825,5802.758005796759,12325.024865836509,9912.428263748105,7.865024565326288,24.88970694487834,3.3090305089877425,9593.598039889792,34.374508760311556,DoS
4.013871179669336,1.3749443099579661,1.3794907313700056,5.102486340934972,3.8373945734428183,9.131636853905547,5.109318028955862,4.519540612939037,8.623569733223475,7.961083429526311,7.138789226370744,5.273545264123685,2.346721291036542,5.6747457155327306,1.1576517062214953,5.368124166009023,8.51441152213927,5.15012911427401,0.6847628372227665,0.3131793187129117,8.60488834915383,2.2428347583814645,5.2569901668376495,7.767889594606857,2.5321106461850382,7.374461820542701,0.7529255093067655,7.486132892719988,0.6398995109213379,2.771395652808467,2.56704224299947,8.914149513457883,5.344800066868486,8.430756175253634,5.822796163788259,PortScan
11802.099869893034,48.27030749133753,8.098531747953023,3.6318202801113557,248.58050855586725,5.100430701221452,2622.099199258075,27785.069334697433,149.8199394610037,5837.187929731928,2267.9961470652147,4628.027059552952,4316.817746800237,170.4107694940547,7124.183459218245,33.544498582676624,57.30014340729929,16.689908900392332,579.7708380519873,170.09068760692065,4035.1003290488907,78.74871376747859,9817.671745854763,8079.851879006544,4308.762993523359,9.724028131455656,405.5843598190551,1733.0452751512096,3649.061414506389,11983.065959653288,164.58303279400758,170.6948564083176,12.727199016664844,261.26636739054754,95.12507206926124,DDoS
26.064850026612973,49.7403047548942,44.8531226512662,73.00100169919891,227.66939364604158,239.7941095005607,302.39097894211795,378.7022829148473,116.63126022016846,677.3678184699755,1.3065803305590076,252.89576451858758,199.65634938456256,23.87022060635135,444.37806176204424,368.5277459053681,551.901087214838,36.927916224699565,43.57907427390772,123.35036058618695,25.150060210111093,119.97870456794352,245.22160085670674,70.82384763783124,243.99891948906114,60.479919723961316,72.92041150988695,625.0330191984239,1.1487837499632076,283.9754149936529,151.27229896310894,133.97626743401418,56.979373729658,198.91167945927236,82.81383293706878,Bruteforce
89.30263184134651,87.07604576786541,16.394639204250705,71.38793388815402,270.9474719886626,355.111162607612,300.29587399256366,189.96423709079875,707.9760844404199,71.5022498798179,84.83228244429787,219.4297959676587,132.88125521566388,528.4386550275653,292.0243831441395,284.4113118676449,415.56594575788336,223.4056735668341,135.55893181641665,156.45053598694318,495.18626761232616,2.947557723280534,104.1045210306902,282.55468970376705,191.56440124289267,17.330434805710233,415.97510454119293,115.98850947648747,214.78493808032565,5.273691466198234,281.6884150450539,321.64052812424814,42.50767199919508,73.7201225696641,75.60223195853833,Bruteforce
174.931548118514,94.67467002068804,0.6202493967234204,33.67369784003086,168.80420919316174,567.5036140461937,42.28241732596236,62.722669373799135,93.17931108921263,62.70689887554523,166.30263277636934,221.39616251259073,21.07952844921189,79.25930230987768,11.118811453900541,17.547100646637034,63.36788361148733,36.78355460292945,9.108379761432357,74.90627070354299,134.11048629676597,130.83981554297438,37.84706653901759,77.26545985007732,22.20736062022846,26.225310114951867,38.86786987142297,284.7463314585223,53.64634387572692,88.22336813718822,76.65735040215873,137.72803507046228,291.89312422209815,42.42164059474793,131.49750278914965,Bot
8810.06085411236,82.7756427417518,3231.1400068642115,76.24547087556732,111.7059321145605,38.721456480156,1755.5487205518964,11486.86249126851,124.17265895772962,2133.8849604518987,850.1650205429681,6074.287009295714,9542.059977500756,125.74045515857586,6349.608921372845,80.58179985832588,2.754625497373319,6.199131852064231,613.1097456823916,28.817760827269325,7269.220865845921,12.660310895548344,383.79853685181496,1337.815758266569,1075.9081488643005,77.6428885638521,260.3996990807106,2533.8394692289835,11454.34057902548,5423.959071785255,326.23221361897873,130.2776584332742,32.78551094515748,7523.585355764393,162.93430988681698,DDoS
285.26469590447067,279.3680803672896,1112.2753478482632,35.29928561020896,203.98868797312235,28.217687970823302,10291.545000102453,862.8400151123022,110.20616078947315,3712.137220454991,11668.287234253596,3943.093774854723,9088.011225823808,20.12192421469422,1107.976375767393,80.03851420592073,621.349595995883,39.87670512409544,5571.301129768714,6.694704161138901,19.171202454339138,284.7723792300575,738.928244277607,11853.48863037513,7340.333665613146,51.01556349956684,12891.087665017496,9275.652010391723,206.63566588829977,2346.9801859201657,38.797306048085744,20.059428146142867,5.286779430538908,7076.237246154337,190.62084413982396,DoS
761.4665919939672,49.98169504227181,463.39112384096995,89.61256804766731,82.56420644094692,105.73973281234498,86.52004310800835,328.66007721058236,54.1839969733569,16.524186914290524,195.6562186501158,114.92041486277225,3.5552056131649703,114.0745312883801,166.66559412473205,38.13381851248325,52.90392046262927,12.925087839464034,34.199544294324305,113.03923970986762,3.1325510494526734,149.8239964655119,290.9525789246988,11.648848407079415,58.26447774447809,23.64407702246564,66.39697866287034,158.71012136049228,106.96394692980505,52.484802950729616,21.316245202446574,403.77773013333683,30.747286389886565,36.27583984648272,0.5163482460343287,Bot
5786.088473545752,0.444047607789312,9078.893119670323,31.99948731151946,25.190535152913814,8.743589044758455,3598.7078387387937,6840.970543228312,58.69902899233338,120.63451936394017,9454.820632626144,3721.627370803336,52.20101656285,73.46373494141804,128.09434045009706,361.9279458736274,101.71282436190343,10.161451908996288,9728.805092831553,25.019302337620452,3279.2306313053905,34.38808328114787,257.2231344091549,127.78152990937078,5716.886030537176,26.252153086111434,1959.864093913736,6871.222657699341,1893.206778976025,4812.386573161164,265.36030302758576,113.80529101980703,21.151919063734002,1273.5400420354727,99.51965899389897,DDoS
118.72007239198167,59.20749156776831,68.3446103470444,19.938949285977767,82.513156965797,62.18182508497539,51.08528344438514,20.573453095146434,64.21946499501574,227.1099292230752,19.99046038379758,73.8776142105933,30.062057554774746,38.576291944947585,3.316022689967342,200.83501218896242,12.249818904014989,73.77256928373127,76.44907355141751,97.75028930993098,18.00072135429318,155.39717159843113,44.86421480020922,57.37709472753153,15.606069154776888,20.81010056052844,5.637187704926432,0.24573560758202936,198.3307701944636,3.312397417785303,59.897300887953165,238.13421671941035,63.963639675897696,15.161060450697303,246.79218541314688,Bot
12.142274466195042,4.538665247157811,14.657923519436256,36.435505073500046,58.4742156602447,14.811535199859538,39.87848358359983,42.82023803379802,11.456363961308412,85.04180420269961,48.75788165054304,12.885559853528687,67.47280567875713,71.13907697494508,6.50648086149512,2.6526422320020204,44.071486874226956,158.39707245403,67.89255880944575,90.97333853891281,115.53684133969566,3.6590590733159956,23.763512738593516,20.648226668443357,41.31891172739599,24.19612993076541,1.923075749008003,10.368837662020596,5.703556119032107,77.44141084699504,21.578374020333936,23.513197102628645,33.59240923665757,50.318276421323496,75.31332236790686,Normal
59.480558577904986,146.94101795096736,4.708158412035466,54.715581390014854,183.8930224441778,56.072655331456666,195.82544845962644,17.90980167531112,147.53042818616166,277.70983191782057,15.273075702405883,176.34636759250083,30.282406100385117,12.239088444606567,10.332595837339486,51.91843648834451,1.4582818716896981,28.142563476497056,52.20407956379246,58.61726646654471,23.16654365309631,38.25159468502206,20.184432396310658,27.868686098665062,119.76921144220525,53.47692696750135,136.55174494623893,27.654512080853884,2.725123266302192,77.12985358727666,125.77418533090041,9.995965202382914,113.16873622324302,12.26193170456466,35.895143886719275,Bot
767.9805653599914,24.435813291271874,12846.202233186357,487.9800868265412,43.45010154365166,22.40016410392002,1476.3873212578676,6929.536014457457,2.169715257353276,6026.861855482759,4707.976343105143,351.3097890728592,13233.771105442638,60.425984680072055,1911.4819504134912,35.41642149607555,96.41978058100794,321.37892475536484,6038.289397122566,49.92803422057176,4660.80757569319,24.996757032439294,12081.301016604566,23111.922127476315,4129.167517834008,32.961386760896985,906.272598882403,25491.054503972267,11345.35130223448,13078.231302065726,0.7662087103644452,78.79958782631996,114.3229028426695,11797.779470538002,179.1227473583144,DoS
272.720440684934,25.289131029785366,196.57126426606328,353.00152703924863,105.13936475873832,152.46021513666756,446.3495956947257,181.63238885440586,24.388665088500826,246.63804402640852,49.405432451331905,159.6548085292658,203.77996102489183,92.85091181742752,55.618135778197185,493.79730893720665,209.11890819286208,144.58187891574087,81.7741029297511,445.60150838894134,171.04762999132598,663.1248351728761,112.0423210981341,346.22678462802384,288.23862380396287,141.17528807346605,204.80610498068188,513.3533741162962,43.65131367203958,3.0607227619002626,115.34309755905623,32.854975508412814,43.504128941581946,523.3197841269546,107.5807646522492,Bruteforce
14.121910018808942,90.1233627947147,3.515644466114367,187.10785594412437,114.6501931033004,394.43399771762904,61.636123746419614,251.90230958272411,20.21204040171313,75.41659850014523,75.06007207629494,116.03992309905205,290.8361326609503,158.41981366312555,7.723453818609757,83.63971835367894,38.49412699073915,13.6142928920797,65.33369328182268,51.09028259147771,3.452272290943427,79.2693962447721,9.859948230767902,139.2862234601949,30.081007311183278,89.7580323200541,18.9635502116085,229.8706096316954,5.494765946219892,219.4118775503275,19.812450787240714,15.741007750381353,91.93484744161844,79.0843542354127,316.35026458964313,Bot
6.060505308552039,5.297439679133291,8.886705775540708,5.944251646584606,2.6308326412689,4.722583020136026,4.77578677943626,3.980795878848813,7.536304905727093,1.0968279697940209,1.5921477397363903,3.7219626677302795,0.7117300467915455,9.873955414795772,4.957944024148433,0.5010616934550494,6.078961947026648,7.81104577410681,4.077162502799229,4.80532211830223,7.006000025545202,2.3381778821050094,5.976638869997256,6.309453258756416,8.046436641647865,8.910716402791255,9.408881423381407,1.2632639149709157,8.162675803104065,6.7543077527236814,3.7072812999120397,9.228111729848605,8.601170154532342,7.74358853783522,0.5748432415792526,PortScan
20.150487684254376,24.817087356892802,180.46570193701328,361.60721597240047,77.84711828008938,16.924450308992796,84.10183628855337,157.75627621310733,34.5621544149301,77.51821794153189,9.890518378400884,19.967727305928015,10.75940297642872,243.31879336238575,140.62443893258745,81.02580154489993,99.2845642810069,12.282189480228846,7.75848459789311,18.460556852787644,13.641390920324008,155.54240359309443,7.941692939209108,272.50409207014803,330.56919089443767,50.335267882009674,372.7688002861402,118.81469777045923,74.30889025398336,19.63976614594246,58.27401471958732,17.80163297125824,147.1207657100559,70.4061373737295,192.66815075124163,WebAttack
171.82845470485137,86.14095998829436,8.103778073179084,95.13221813584497,212.95630305495473,58.10015163028418,338.02444156645373,1.387666394401726,109.49281080258363,7.994748085601869,62.43041611757641,48.689710823653805,11.988946626496393,207.6241409933271,180.72767127371898,21.429805299994218,41.92532721770386,46.849456019051196,122.66870670119134,5.210801897549437,54.53038550975396,31.538633409582705,110.3929781846398,30.438744986130196,21.399205504848812,10.374588748525687,27.417416101102788,107.44068791275,135.07930297725582,318.23293879753794,2.227556850004436,79.96858636891298,4.26171276127455,346.0916538289184,56.41450041142305,WebAttack
88.69448005999544,200.0124995917413,305.95478470870603,126.39831394413517,259.0859517192483,43.28247397143329,78.90002471449982,59.71654838041533,267.4247377813254,170.06065224974822,37.48559703242035,46.893938914025334,315.389752240667,27.57547925203963,50.9540275322908,45.643142913675604,2.6977225309375497,89.25041280584752,53.8445545763621,13.195553649657384,1.7530085036120617,55.13648600567726,171.80681138199597,154.33675307609658,27.188939497899234,36.109397033901246,66.45323924084936,9.56160662106556,102.08073972472256,29.771176101548484,212.9321090455043,104.41661736552159,37.38489359860549,165.7168657164572,228.66571932910898,Bot
0.9732303975095802,3.070634710282163,4.58577271860044,3.4053995863006,3.173007205346191,3.5219029747132846,1.4204932943109072,1.1941733650485864,2.603107987795311,0.7008172990476524,5.10219993168899,1.5313626755650633,0.6756716497079329,8.371457900595852,5.875095062369553,8.983600273242894,9.833927692594338,5.93531363931021,7.959773219799401,1.5954197982892826,6.983687007442134,5.495542018913065,6.763928701091738,1.0472419739914096,9.358151170177038,4.174873491799641,7.757992871493861,9.906120124941808,8.733119958911745,3.117054839432234,4.019762092908451,6.486541125126429,5.380231593907206,4.103004594830514,6.533697037159064,PortScan
436.2175649120281,68.88722156259189,28.374831273217783,79.773129411359,97.58953073925305,245.5331997770066,83.61752977624708,17.663082239124947,21.576177956121732,133.01911210053433,40.452013170821125,46.465330540874504,87.35239574149705,42.47764888713956,8.750004309573383,2.0440981302491843,12.356377824864948,115.05688503979582,159.19339032306982,114.45793816709227,46.602685005725,22.22334719397331,46.313925243544055,59.41089043022607,37.93165933905526,206.1877327841024,129.84951450802663,63.283352976485084,4.655611803062641,56.63981898276733,234.26462935436027,115.12250412311829,68.65622834923919,215.26096396817417,75.33897845426995,Infiltration
38.60559640731823,29.184348333527243,147.98265451227277,32.695217612455146,73.27452070457092,156.34678228871726,50.91119461596282,25.031490932867513,11.604565008243114,202.50344784966163,149.63395243726504,91.07173024521437,10.889425803136074,21.09368208660217,10.900806902569347,5.258448702327426,180.63519230840203,24.705537705994708,11.993200809179145,195.9614950206752,34.93840567634267,259.4838967848086,132.78342413628016,37.33353281767216,4.9249409270440765,24.584885275974248,43.30469477807242,29.508354162690008,10.924152223965717,35.53536495121551,31.540081369228805,35.085016992030845,98.3560010380519,278.76418540110836,56.230261318191225,Infiltration
2191.7676027950606,22.771295115646957,8393.688773366423,66.41860815694113,141.61815736588377,155.4909280503511,3364.5957711192864,9413.066960461498,29.09162142952337,166.213367685206,2205.800932523435,2488.9082339417605,4964.629673944747,72.93002320800439,10594.217223279671,258.89885177605214,87.07707745605498,186.92697523944895,14027.079142329949,90.87235044294368,2380.054456157945,160.08313954264432,9517.608764702429,10817.862072005908,484.2928020946657,68.24124298974306,2845.651601654167,7170.323365668548,3397.2739399520374,14264.99551530017,217.540127408229,1.0039408586472711,106.399862249723,2921.6924686860098,32.30283559969716,DoS
45.66494666706652,26.087481414503632,98.96274120507525,193.19534827231223,13.067931323703922,168.8481416022958,197.03304432368998,60.28902053809282,21.149539061817265,8.148162275525127,28.126139454432636,12.123272458057587,38.81632824776734,68.41767572501719,85.53588112607325,183.97949972480797,186.45435898909065,145.06541005792718,79.99983984182188,15.934018140040049,14.994694013480744,55.63566337401424,108.06365944535565,32.588299138176176,151.95583096270371,120.95299632066994,68.34653870073271,17.200205488172134,28.99760839538211,14.277582259272489,132.2524876600414,391.56938917219264,46.18729407824075,2.431805386298065,157.56326851948583,WebAttack
7.189313052814318,6.317767535481437,6.229911252854059,4.0555543952883975,0.12848309122307056,1.8764229178860936,8.442495197291002,6.168442108887459,5.781407668342991,5.256910991971699,0.7693152126406666,3.476693083007718,6.19149817160139,1.2555009140970608,9.209941051311178,0.7264803377657858,6.797860385434875,3.0124198493988796,8.63674614781334,8.268370125444658,3.3321133406667602,4.621132831900287,9.591113982195408,6.079016963543981,0.060023302365356246,7.772411411402443,3.6131397666074694,2.758407357387491,8.321409052628596,9.675271668582736,0.6204007495747221,3.9035622476837095,2.7971512769956464,8.977539312647071,8.676949634696879,PortScan
3335.472320796023,80.42116929503031,142.180853983671,29.043008851442675,219.55196673113355,50.8059671973913,4083.0099352674056,420.07084605001506,425.43523846986255,14619.777368288862,3434.199793673628,145.11712567032453,8827.455575886313,49.778637095619196,1462.2176162454646,70.96422354778026,295.7230045244354,41.05342643578208,1048.0199513211958,205.58736156799426,3403.5041475034946,45.03240048978511,3390.775728034644,2020.852061516303,3029.692834937199,137.53576576276046,1049.9750752557757,2026.6929555294885,7017.864972165899,2329.2715599795083,133.83840508214294,12.865048384586467,69.5551374214081,317.82117194595924,74.201703383272,DoS
616.521235382195,109.01876715669859,9475.871338628782,29.77732440920796,78.58401727227744,4.47630191188133,1467.373057828666,27504.469184096848,137.7889049851383,592.7339365019756,7674.278746099202,5530.886207148643,3532.8276428670633,64.21528005633918,2543.218812251681,9.243585719346555,174.2706062752481,98.5269240178268,1534.1488175678962,3.221884126222558,196.1857719258448,5.720894029405991,2636.5226229966383,6942.943469896936,1683.9045817842225,123.57618581783089,24.62233881627996,1995.9707920081844,13948.024284586041,3455.200751233297,56.179076980766126,213.6345763120458,26.396003242038617,362.34675873911664,98.98246664378503,DoS
2036.3833745782792,28.2578320711594,11821.852227867439,109.94175284533145,111.27712587335871,10.061813013106164,6401.072926357787,8.151231794571526,38.53618697548061,2188.2087482227575,7334.63899223292,1976.3176731779897,4825.364634194069,104.39561910448059,20150.96508075412,231.20199055642036,116.25373634113119,24.87491460849376,5252.244069217241,70.1064409923671,348.51428402006894,140.79862182236812,1870.0612535401442,3914.8843468638856,6415.38018717869,208.63689068431862,5034.422387538297,13802.601853376702,202.4961757124431,1678.1148175559504,171.58142701637777,91.86783620798444,50.31469731025412,2288.2759699256762,141.87962076656794,DDoS
1.2162183226154455,0.9269545187965322,6.493189868694299,1.4777315044372996,8.56076045340024,3.109279863048494,3.438428607319141,6.6012443555872835,2.201638824117037,0.07039209682717318,4.458293401333474,5.278797783558556,4.458955304415296,4.579917049956677,6.657388981919046,8.456887870960216,3.6550556253757396,7.9009355284145,0.626837662453571,4.802608558925999,3.761519210347516,4.659405783244633,0.914778563957952,1.3882932479520194,2.93479960233318,2.7353162631181274,3.850965825411844,4.572588771198842,2.2117251603009045,6.192204364555247,3.758215617077856,0.6013528067568963,2.4369671111440914,5.601472938529658,6.06877157943512,PortScan
2075.719849417016,366.9534337314068,1041.7485406027565,20.10605267422177,114.12742438264488,2.6960566260403387,552.8475889777841,7699.907608543781,151.91259743609208,1658.9340489050705,6903.04060277296,4384.660719267441,58.21409161355355,0.41908942852473197,5971.022534985677,35.90032776258694,63.10931729653013,2.2228610364853605,4802.854016441151,70.41078148632361,4685.669065722526,27.436457690272185,179.28405766595407,738.6115534562778,7101.058116417651,275.8234276293424,934.9011173479594,11436.93730663696,5107.395880597905,16484.33156915186,8.273751282843591,106.82205536528866,132.57628187730776,666.8537464788119,14.620201658798344,DDoS
7.157725852711321,8.86390774666986,0.4480647447643693,8.673949385993158,9.178688113383176,5.35840150033899,2.8452871752258204,5.628141490733583,3.105866776125117,9.332099162264269,5.436317464754129,7.98704434371643,6.099702054055944,2.8840724681661145,5.001297264348469,8.798913313911637,3.8287295036553184,3.4133183616315996,9.564304676618654,3.340609725558327,8.595010767154644,1.7828072015554564,7.91724962077415,6.153016503442944,1.201965787389253,0.6394516559661934,2.983072945181947,6.574560108175462,3.60113727051117,2.711523573350835,5.818640300722865,9.525547848764814,1.2185273208982228,6.445813117997437,9.124021544580698,PortScan
5353.804768039809,30.187252010529864,1473.5539801554587,51.85260666812741,136.86128946748258,83.39693074737123,5551.644006316129,3065.765707691646,68.68065281106894,400.7640375912967,4175.8301196436705,555.9122747532343,14898.030288954855,64.13400326175861,3535.9682650908394,247.6796213038255,187.53012352943912,93.28026442097645,4898.887766035877,33.38638980547694,2621.3706086473417,4.9870431662476244,2095.51175217869,1044.5285029705847,4217.8049862840235,2.1053813066735905,5279.4279446065275,4677.916678186507,8776.020450056194,3341.4546627516415,144.84671489032303,132.1026869846867,28.263624847411002,4038.23852880208,209.25119549705235,DDoS
27.11884676665121,98.4944829450195,16.850953010848514,19.83995984613464,65.42257267506623,137.6541600793669,28.136622205131196,59.58425498694119,15.651801212550165,22.069656019807592,95.50567767039958,36.12425794906492,14.374663280864612,24.66456361031797,62.873303564245276,0.053836199032129405,25.26237895391825,148.17045436892607,72.0995143208939,87.05888952042169,1.317386027565116,39.91493896985677,109.74720705396057,60.52202324737442,5.459272240093549,117.77859614217066,46.584758599405355,5.984040151092942,156.02239222525512,339.07400079196964,9.29215146654322,43.44963009795872,26.872473253050156,29.003119009201484,114.89278825880038,Normal
54.0604456592542,56.496615250452074,83.39410035864387,17.190886471181134,147.70612102528335,23.545694294949765,405.80536326210427,5.985171781546396,98.39721328276572,33.82574845629402,16.17862670621331,172.31599054409637,21.71286356761668,19.95290755724063,137.50880850669895,5.345798208441127,64.04255436569005,0.9955185485144729,79.72924675409384,315.2796722824931,278.26570036911755,224.96906064959768,32.665329001616065,57.20084475118582,18.271502285601322,339.8802213384963,337.99114464335827,36.29763795793205,10.220400948467635,35.25780364259224,93.77868446615163,45.049559193295124,126.30554135274694,40.53005240905072,67.61038778503298,WebAttack
1887.712501661759,28.16303572910727,3343.7897578791576,7.3070928238810495,63.47614750851327,78.9850417139819,3558.7787866907383,1422.95496358291,83.73957100163794,8689.963024772385,13230.212437657874,16.510179805103245,4875.685137206022,164.72169050652636,427.5320085381542,123.6223116034622,214.0601831000863,27.05011198936233,6516.027080195664,343.3864648793563,1861.4738052448174,7.41211933403107,3316.519548299705,7944.360803351109,518.7837652230696,152.74251891336453,16228.96377795292,21627.764810204706,11138.446642239662,8874.538414719691,18.17126427783089,113.36290694840996,21.34110721044146,4940.426232398647,31.681809799409944,DoS
56.179582226758065,102.54432637575638,15.576409721691743,13.9847712772729,47.96248506137167,35.746065123304774,136.57030645505287,46.364859261355015,33.62538612019248,55.469054915903385,19.785724026315616,75.1602358427435,93.90674585781036,2.7603422075829904,54.2633890006582,83.93848844785856,6.765327835804367,9.017218819742004,55.58796708214597,59.98692540619589,44.59630104039685,120.74101173575285,1.1053151477894787,29.1260063355405,19.250188568942704,24.68461067826118,54.11318515863126,27.266267502270626,81.61116648101347,51.63634833276771,10.371817091323576,6.56477703522445,13.65106486089899,9.102052239095148,25.984614053568162,Normal
53.681953219538315,149.37164684512607,214.2661016585964,64.16166594630832,105.7792349195869,209.92676770671426,148.92664051311704,36.23964161954702,39.12693233545268,143.0116330087373,79.32382311179227,176.23482095079973,133.65853934460387,159.3114147808707,104.73166835615591,214.9852927261236,91.29255054009626,6.089739930158597,49.05944090843101,256.3749152608312,21.787165843904084,176.4438514796815,63.584303209530844,25.939829023195514,17.45106975484329,208.01042581667554,199.65995283950838,83.81853563789505,96.71859984181917,117.96351039141824,178.22077456418083,62.828922017348454,124.76882071344582,14.999669320731979,81.04799345855932,Infiltration
5.354429323294903,2.4967025111122254,7.240437624964876,4.878903239684749,9.967250708549834,0.7471058679419751,3.354721753429696,9.41851894523251,4.611999337611575,3.117945202687239,6.048722114096547,6.644935498963291,0.9280748694426066,2.5938735764965193,3.0897530845882235,2.4581053234124086,3.8287761563765454,3.347084997408186,7.314216478290218,5.989345047722784,4.29194308152054,2.0000402229120153,4.2063943505846755,1.8048402670221408,9.521458587753619,1.7377363063204698,8.586773673044569,6.155807594732238,8.1081783814959,8.88561368087372,8.039849479858042,5.892948961307447,2.669938623288597,6.600058638019735,0.04843550906892924,PortScan
36.52633088562723,11.729279462615162,56.569463696825686,112.28927125586847,951.8119700398211,37.31136135772522,14.346731632622925,9.083956115327855,221.79165966579,68.64376521692186,35.306175157550726,58.623735482623964,40.664315422143424,55.369430268218714,97.43975735204083,25.5075670736474,134.86638319157638,157.89979458021367,14.470269283810197,15.768526730721929,56.63537181429976,135.9792232288172,44.851393085687,513.7750506733211,164.5344990720684,5.403076798015757,87.62561747227207,132.56068228217592,13.640218053426443,188.89205520421555,24.57070312907368,23.322257587663717,94.07385956109385,6.623262812152057,104.39925554398117,Bot
122.04165050546855,101.15998661321133,91.28581934032466,273.7617677295844,8.159356068425062,47.33335425597475,13.018454837232877,218.6482082047926,163.52646764856803,204.20221775246304,59.33018935447855,46.491775097682606,43.436201623253396,91.39041788660006,96.16822188399631,129.07991065959212,36.834928033363504,189.9952467210199,212.6379788657839,27.03666539974841,72.71334273480751,111.88693484047715,74.68885550671796,470.412661009897,197.10712353757017,38.477009381114236,30.920179233979468,26.12755514908222,28.610842866611357,6.617058613689071,151.83619376319487,4.363879187180812,20.55036349115351,202.1491522075441,50.793665161320654,Infiltration
68.76199217677701,178.69036153475918,48.08248834953067,79.67306945473037,39.642357099511564,43.15238066931395,450.77720879266343,65.46947365306252,366.43666627077266,55.29455376235105,4.779030970217361,10.032194657310573,3.6369131361000306,100.35708992677752,79.09662267905068,23.296214522169617,121.89949735297527,159.5164578830392,78.92980410001329,53.294023685772096,39.80309178306853,22.635673501032898,64.97236285636022,90.91425524974446,62.70096745740066,70.78304235287918,342.7733607707775,264.40590195395265,48.19727238873187,28.835537725314715,773.4098596181432,11.741826937260196,112.75338198808507,168.65701447080923,1.9746259443598404,Bot
30.786781849816126,76.41332835183415,130.06238376590815,1.3292703572977735,3.5292018213949303,11.564563781992888,29.9856347443553,31.723427134186068,14.125996721080385,62.44118099233562,27.51816234052355,115.77125358323914,82.13151739507867,19.72425800939551,93.38390229847442,4.744851569560912,10.208167991383085,34.686673868204615,288.02544800739787,38.06560324595817,104.29288783249946,69.31264137468428,61.96070657219377,34.12095491042449,5.14919691327747,53.0514855980913,80.61122491390023,18.3345825704713,11.524600559892615,177.85718955396086,17.162633438846367,31.388609957265746,15.304212365283023,66.40727329407079,45.62923242062574,Normal
326.1184199619804,17.724159118940115,87.7711420164178,149.09847189128098,279.8486826810634,118.29174335092267,67.38741290779767,76.87849605000491,18.03498045984105,343.9024570229242,73.77123648834402,75.50325930803648,12.572800705720704,206.26490191803822,102.02568569469248,561.0799906446709,75.98036309035527,180.55694118427908,355.4755028770353,3.1626363006664033,1.8779974437166094,13.669235240597184,172.60769846961736,66.79707752622424,71.99738071829232,38.722679841905496,397.0257402519495,503.4043105868941,363.3022211914807,126.71165912131379,18.598817645893547,206.58175272020944,103.74689387552705,93.7401334302966,104.29546461609283,Infiltration
995.0168971124683,11.587575136233012,5617.596761763843,18.03752844978672,179.76464557262491,141.94117181982742,10385.844387719975,4416.1333214660535,40.66718349646759,2669.4670237743917,2645.1694672625963,14970.198385784264,3853.6437754123017,7.932526186708955,3161.5807485970677,13.17619014300781,1.6152416976905577,99.71538048665573,2198.019754225188,18.01452535958982,14040.287544017618,213.9193671942906,1622.3461820317957,3429.306631257683,6529.107564713195,21.29533018702848,1379.250777663216,6404.755004184825,12828.606125216855,5787.839921145764,555.7958150000889,27.837342357965582,280.5355282442027,9119.532734581479,28.74091988554886,DDoS
5.054214377767896,3.7130879871934166,9.222616339871262,0.9282617536659732,5.543196746533962,2.469057815646897,8.50374247553776,3.392183289622066,8.636842221931001,9.280429132716797,1.719676471829512,7.542526868494697,3.4997825945282512,4.032761705562512,2.7438127676120008,6.166666554426752,3.431671271629636,7.406158375617217,7.7849202634377335,3.9513228094018205,0.04744029144360451,0.6608132483176332,2.738122248388569,9.538731767171463,3.9380933053028535,7.44235278044123,9.360779193464595,3.4167876004312667,5.61289952125674,8.523206409458789,6.147978816760364,1.1222060852345583,7.695769246910883,9.04092551518384,7.687758055886459,PortScan
287.77482869128636,151.86384158563146,11.99560534986682,3.4454246419196948,547.9036322600988,163.66540585621001,71.78012692626217,169.3663408015365,155.1623167880095,6.053344716414716,19.612551784047106,89.03585904690338,830.6491679102621,82.28011975464803,197.3921894089931,12.81998112514892,85.8796463086489,87.16560656427644,240.15131004501384,66.0037593623262,500.2855909252518,25.507834373353038,410.1952375610427,25.312297635611923,391.70417794520205,127.19343906650042,937.9159377456373,17.688901690728155,193.36333776994104,711.0269237436916,162.29878872093119,559.7639129739084,30.06185633831023,78.29494703120119,69.91576408668675,Bruteforce
9553.956309033221,47.82455927445584,5026.180240901743,136.27555713160717,19.373746683819565,212.4824653105799,2089.4121332893797,1303.4185717980029,175.00100855318098,7951.190640864253,5987.364751514294,4.516184371026804,3818.576594427194,21.063744125290704,995.5963711712639,211.34903942895406,33.91140964671257,91.90189605875688,2040.8794186334458,37.498061782919926,3538.9900218140065,23.00877566773572,14757.043134233443,2065.3701570340686,10353.126204591019,43.45326745755124,3505.9443430184965,160.01931188411373,5759.800491050972,11208.281597412002,198.93127494372095,96.55329758560694,15.547674104069683,4856.601953173945,39.75680617191403,DDoS
175.93644792775947,63.74462204802682,142.1808819232183,83.62170865789274,136.83763124041948,19.71151742915431,191.0194943061284,13.253641305255872,43.90989096952331,5.4752521465295,79.09216913139076,93.89777681934574,24.22721197133756,33.866453831982426,131.13030413188008,22.37776490080472,279.7825947584093,150.2052866818913,36.64827090169834,32.98459648869192,56.860230691547095,54.610721975119766,17.076781129124832,8.10115447466589,230.45495890542043,27.579654557673923,116.54943712353294,67.94932743985255,126.57866216776326,140.00948395485332,105.47797935782476,221.99142296941338,0.8241507678701295,100.70715240244354,20.184749511805915,WebAttack
1558.0783131311114,60.795129958999325,20284.121676290495,103.70827460694379,197.2097557410797,24.804168333645634,6399.879069691187,4053.4369708237605,14.333387083838959,2461.86858188929,15633.211216628768,3852.6618054754895,8137.291820107975,23.992576398574855,8330.856812381957,89.85383028212948,212.17927424826541,42.240923804744064,3241.074702300649,197.03394567696714,6120.6631462717705,51.189437570113775,676.5224811903148,697.0471530624706,21180.29390286649,62.72159976605837,3031.285834625387,3641.814418690524,24430.071286467733,1722.0919948718745,83.49280449115275,20.392332101001568,31.266030553611333,220.18367377638762,31.346265927824767,DDoS
2910.8429054809058,281.5177197028536,3954.55432425413,362.2472331445447,12.417979542608345,938.4473967140138,3182.0994381865808,481.82110906356405,255.88571400956073,1261.7555933149044,3399.341102020391,552.1924516194032,2891.8053429720885,10.693839396091752,1846.0418404325396,46.435382888648654,172.98472013594176,38.3642871292465,1851.4177793590368,69.27196375108241,646.4542553958472,58.34724278621389,2859.475711986241,5562.257516976251,563.6941816906551,26.84569744573856,8554.760847180169,2672.0272753445925,2874.303664863479,2654.1883031973307,18.175819730176432,174.6250643765126,189.79312990086913,2998.6695464064146,60.45191819997454,DDoS
108.17993679965663,79.83074806467603,0.27737218244166256,354.98753855693116,38.9826384537671,23.06701373902464,17.552774429672734,71.41492450922556,42.983748625231385,25.102860606377252,189.91528467199117,43.709715059353094,8.390784362792587,167.00884042190899,60.17075673117787,48.85115773327294,93.52466062956634,3.4797974155786027,3.732009099573183,77.3289113220229,137.1713821247206,3.250611355551976,28.08556657659949,217.32572802453905,212.56905108434913,106.53186686308985,115.58094635668714,378.40430933900524,17.613503687625077,95.4825090176785,88.05195757288263,25.549163125357467,86.35814277249987,123.09440741610271,20.92216453230387,Infiltration
2132.576694514329,0.024908276665328688,7276.286734833259,30.12119487055067,39.74100581920423,13.590395332711697,2218.2488521935347,3367.7330609337273,91.0273550348623,4571.626995144445,5250.236076079723,1015.7761681823637,5389.862132369763,142.24454527527246,1969.1838433722494,52.43156652784332,186.87709315995193,133.8156274437128,20565.19512600398,148.4486062602504,76.14304548412994,16.25448043524265,6792.319485859646,447.8816649940609,665.7576606936979,40.6650942347165,5657.045901562025,6480.225508535834,2188.9886929642767,2140.401317259655,2.2238006209810934,154.94028791105302,11.018691602357046,4503.123863435178,38.65139734676106,DoS
3873.864081087848,103.0870357409671,102.93833967229187,147.08751519013106,60.12637636073832,318.0888750983761,4094.851884231451,10172.869641167004,55.901292771926215,6297.203111246904,1321.2551747240989,13367.579878542569,33.796698480452704,44.40397020625988,660.4982404493495,137.77624176763038,30.017573147234405,6.676942977623048,3473.3028689415455,75.01427187681784,3574.479710859459,19.01576580963885,5596.974017961943,4864.046460718885,10273.24812352039,176.45556167774006,15963.229795571258,7517.397215312836,1974.5500495395047,2870.7262394308686,8.385891529973007,284.8567093571019,40.51578069606714,11418.925885037472,203.46292780935852,DoS
67.83852785392375,31.90701544264852,208.4146933939828,23.007054046468443,125.73869291360292,47.181368974937584,0.08941692470467301,63.177593447544346,71.06341961324809,81.09726617688504,160.78703373916295,96.17194797977244,13.926203555683827,150.02762353960398,181.95379477703324,116.86278890379123,465.4204037195367,288.16687080276597,217.12995258822215,229.15114262689232,129.16790051961888,165.18924025079087,28.134473728475285,49.03110725122059,13.391600446990736,12.88768311530121,30.377412538585723,57.004475639815,15.240175399058216,5.763859695906114,117.09222587264559,42.25770909959156,169.45941867427402,72.36189776601327,69.22139598278592,WebAttack
22.54580391640188,481.0607898972427,51.96547602411782,59.347218421736926,1.0033634951969173,274.81676487809284,124.7515796360507,886.2338439502284,26.473642953412156,384.1496886338424,40.95247176594132,195.77769443688805,75.51199130250843,136.0350009174412,28.534899174961105,213.08706133651455,105.79779733934495,0.776044716347799,66.5118799190299,0.7717501265589544,34.5645900129654,346.46529473064027,80.91568146064141,265.06292234830147,290.25460740421653,4.675260938023607,552.2800034893875,97.63235124912391,313.49557142143897,96.6962183633678,85.25863013223778,286.0849630669489,526.9868644125321,160.6884560457194,4.703610386205025,Bruteforce
77.3209990691356,196.85180748134232,31.55452506499243,113.4646273466817,57.20288813255511,20.891499090497064,106.04015179379265,190.50385570127125,26.885051442164375,3.0111075221012755,20.75795767315691,183.63106987776686,43.246149620769735,61.89138453219959,48.13475780863792,220.71059033514442,121.39161296945964,26.45465653075318,128.57986068890895,8.481069411583075,91.85069396762314,31.877651391868632,44.46012874889102,22.902716551363305,58.22944138658374,21.983907514807044,1.9745978650632625,215.9777132212543,158.13461804647042,62.04315278946405,15.772578582618351,39.46852678330826,142.75504625886856,49.55239562708231,156.68968843398918,WebAttack
1306.6075564539885,65.11592262455882,1587.771090257566,8.386197951556367,64.04881610107829,87.94350822173087,19.265143863069124,4068.74449900347,19.60485289051889,1751.7357534830007,4356.366918277304,3453.559914667581,3410.9102656649648,252.4805957881588,8934.472973156153,105.09314303423949,174.71437126908515,11.724365001143402,9032.066911990236,59.74895807213836,4461.457478751713,74.03163686343936,5621.15278372935,3107.0134015156345,3916.9076547766367,67.28741348040063,18186.15594436193,1248.52000817854,2566.802212528573,4226.612734694765,73.8481428244368,20.245820735753636,106.39222503934673,2445.121151171499,3.9660361841500875,DDoS
117.51250384241452,22.78192259407333,57.35763636392127,35.673610344230234,2.220851893666408,15.08682314145571,121.86148446098326,87.11337224738469,46.61717745217841,104.1224981814799,169.10291244467206,162.47696739133298,13.473047139801741,241.21168385405295,17.097745868853032,128.02351133638876,10.490627887772733,22.199771232638263,131.1919066230949,31.56957973506994,30.32975323172175,256.1417805286291,16.45102007981578,89.53025721855978,173.4736049836764,87.53361131355504,49.787622728839786,2.2255422463849546,110.79989371624283,109.49127964131043,82.52222225156032,79.51640035226093,115.9077911143905,15.129576083591282,44.52659445636327,Bot
4975.825822490141,26.48551496367693,2671.0656545560364,91.82154306857761,95.58007925903381,77.59039867791574,296.113365117717,874.3018067844243,161.01734601292415,4476.468454525947,3869.1732296715886,10222.563031612597,2696.2863848633024,60.57824010066473,1065.097669955661,55.43989031357113,57.002200324719055,8.094499117861574,3725.076418925305,19.349091266159576,8223.053548316111,38.95642733521459,3155.941678274508,3989.8875462315787,454.5989308349823,124.04073050304771,8388.710954823115,1668.06609828105,3501.7251206948195,2828.9190886206284,40.27282122100708,62.51736368266225,115.8387763967389,1831.6331511453332,33.94245561990676,DDoS
584.2925979307762,24.732763421098205,80.52735449442358,19.860132453362723,37.462211418102044,400.61276591546954,57.624573209874384,230.11211907517196,96.70258688226755,456.1338599657175,24.457609443473054,68.65872629359923,126.58789524854753,70.73388217540553,192.3970648130562,52.88943749514425,288.7651943087319,55.29500210536157,614.8257871560415,269.38320704103756,212.83022116379934,70.46973380068576,9.473002582853859,102.13616434514252,60.29300045557162,6.270739146661028,195.7282119884868,323.2026365127513,78.89300004589631,9.468649931724181,5.020814521973492,821.3934790543531,507.4809629047882,32.60616731195676,245.27150709547226,Bruteforce
16.357989592482998,70.03627133384825,168.9106367118806,88.43155115504064,71.2052167408443,94.71338739635397,60.8028493226106,236.14383135011897,1.8698880834944727,70.33191668199335,18.318867895351126,45.630087584785194,17.022847548290795,143.11423725888136,59.99606741321387,238.02015655104003,268.41893611743666,180.10309414910694,173.93100469065126,95.94248357500862,71.15617054435303,156.6757444424377,32.26615021325761,112.96417607585738,5.155704628961029,99.64169958464387,30.56094932197466,129.30850030816313,124.2191940780063,92.96841863520291,68.1742503032875,24.60947283022861,91.66750716317489,1.9512169254058354,50.66523772577271,Infiltration
100.0211675238603,23.308499536390308,92.13498338880568,55.3578336629462,123.19976592946385,15.05324159063571,205.98141511189976,70.99941749495628,54.99649765570974,85.52334821635735,220.00412282599822,65.1671061134402,30.463986335448613,173.52808289208198,50.642297153970674,59.85473007621999,186.523594812292,140.38523793488162,32.614776209205324,42.24014755943706,211.79025149887312,13.845866669265094,57.82975215910755,105.01033378791283,67.56622781320122,61.858414465662406,203.3309386905577,63.81404044615707,118.94949178919289,209.7767470204457,8.113767337298224,206.94187728096747,1.2929099580925358,141.04308552217742,110.23035525562292,Infiltration
6570.797355416713,44.3169241388453,14112.665377373822,103.4654082503627,87.82137020865206,26.512004950034314,6235.897159545626,3466.3866139252086,42.48226060197229,5894.37919663078,19374.512547842845,1910.5020129896236,8897.072308765024,41.20152729492842,4133.7796944144675,20.048514025318532,81.23244531684641,94.21067786875146,2926.4808181847347,75.59206300550976,6327.213578137683,53.01623922566813,1727.9276511057312,12467.608637768177,1897.1365405358292,60.64993670946005,5586.423813207222,1147.8680776448443,15826.591104804977,14459.708714148983,327.7311580767258,84.56992906315554,53.238479872055656,19909.582220778415,129.66497846523438,DoS
2283.679225575911,1.5929133498517527,2310.8561412637887,29.80160281602074,86.44578191904239,136.7019654792262,8665.028815816566,5553.8666121568,34.34630432419947,9890.17922944636,12273.879978503164,286.25943891825597,10548.69217376917,101.10809982810429,3244.3128881893635,269.86382321724653,17.345578328939474,90.15081877913407,4271.087058454248,9.377357750828939,3477.9668495258666,29.155557119973064,1487.0866013723657,6778.243571020312,3831.0675640964564,60.05832851125934,18341.95719587586,684.4615745670675,279.3339919704912,13456.729165278724,22.29238136071223,106.37663203426577,222.44893377382132,2970.6475469106385,41.22659039255153,DoS
34.86997162976467,212.63502712099057,81.65941899278178,176.51657773827225,219.39044361498793,28.43688700422169,51.68341627342715,113.94148786505723,116.82701071385723,2.5355029696915863,43.53953314370778,27.522010964682586,11.284481591990124,89.92216504130982,25.351865815589996,94.49891164251525,78.96347181635927,41.05792246176355,33.072458269408,9.873128973349106,4.422387038788486,52.4813573635722,44.35201987614076,51.91620551620346,73.41951256026493,73.4648179722539,176.77054332374513,189.00580061967688,105.21178927418214,13.946349809526726,56.21342802595949,34.606539144322724,23.9705314958564,197.69488560700364,35.443552201635356,Infiltration
162.64797961432507,140.37902856019883,52.83994284249619,164.81073080737823,38.97738754784131,108.97036788319696,197.40320714757485,401.6776597343866,4.581186918076122,77.08278014565806,41.0964254573977,606.1669952877933,60.52742061307283,79.63839686990241,162.25465802077903,37.89816236788214,125.46077687698379,868.5754642878107,28.88792888972792,8.180821563126752,17.41851438882447,177.3769181859331,427.14275155367665,121.52802852094347,156.28467106820332,80.46505744369212,119.65239105485917,405.11788493807506,175.2455181480307,595.0711938884383,285.77660122159335,273.60781296174986,262.1159683398638,271.51593642454725,352.71701600232814,Bruteforce
8082.055001824708,25.925663882028772,2914.801153510011,24.811619325119814,78.60201052906973,160.58507592852146,1965.3806607684435,1162.563654336255,10.698320141044311,1249.4391656267198,13488.531927547378,488.17789072228675,2240.2859857688854,1.552217792780509,6599.2100917932385,20.198706391598048,154.65974536638484,76.04600297337981,5315.13737033733,142.60402558352322,5486.554928983141,202.83491410322608,1502.2565102507524,12560.06420276343,7339.193405502084,31.887512542815617,5781.554901267069,7288.338326980036,3512.4799660394897,3295.323867620481,34.91593900926282,4.664661134478315,108.58156397973437,869.8441963875422,285.10371503723394,DoS
206.05140852065756,161.475083215083,61.695955902374536,21.186751650753624,26.143613785997054,0.05192423599177736,41.04404167693508,3.99443626524574,111.5702181714765,76.09299618122024,31.8449002092261,159.44613097237462,8.744172088036157,126.19916010999248,125.13480133062261,55.89968471043301,217.61930729967406,116.23866424619003,124.49826014037907,333.65625125147346,202.05232268144812,75.00003479656345,3.0729797305451325,0.026487450693963237,196.26802977868866,107.73918482281235,341.94058042367436,90.03720151074008,133.6011617009405,353.0935342373702,119.73620809169377,78.32883470231829,60.928649690484306,204.10461570468215,47.64092372114369,Infiltration
6270.2490303596815,48.692512193223955,673.9565999479526,239.61746512073822,2.260185542205166,225.91206559641407,4183.781137652839,3256.5658736173923,214.9240740461874,5231.1063470582385,21069.773573115952,11066.082410353105,6832.606468475731,85.66259854979262,11074.439573810518,46.012958439922734,8.21992723420621,10.387058038998774,9570.875519064854,63.54689843708247,4995.697570384878,19.28029078651061,2377.033657667019,15764.776147383078,3700.8807169511815,37.80539992877733,350.41243622982813,1723.2588877573032,4676.345153701118,3851.6060511639585,61.74356755546203,204.70451561228123,63.482169520745494,964.6142517510666,35.95517201736784,DDoS
344.2300943377119,202.0542078362558,117.85752641634907,42.597916385329285,251.07202950949792,0.9352921948655909,58.636304664915606,45.05656232262725,0.49975428167244873,184.74972611923715,9.7908509216761,46.2397907458508,40.822427836761776,123.91252088508038,48.605833019986804,32.75796963154096,27.238552149958263,102.43367812941332,21.32176019876574,160.6929884825542,4.185270452072657,51.28463175425383,106.9029197672802,96.79558621158802,82.79319117473383,32.45469538250527,93.76442112650703,181.2785427574406,134.86089301881142,56.974551773010575,81.38837314459421,6.590046307213518,73.81036662866236,4.339208329714766,36.69438924549102,Infiltration
5236.4112441822745,72.93675526806179,3675.7461758153127,61.366216583295675,14.97389051125016,20.789493001082725,8215.13822321476,3760.0690696181423,182.76278902951157,2267.7319295700804,11664.785272844538,3503.875361726144,2358.2793059985406,42.752068044212486,5259.887491288306,2.119526215017306,105.62113330151497,7.285229130419993,6303.273433046703,307.00672389867503,1875.8521009288302,66.76459092600649,12525.670481231267,814.6787919973826,19191.5230322291,210.29705289037076,1881.1985691414486,3772.978244955798,3519.841129696913,9309.998301744085,55.70343763551544,94.30558240330667,13.622185957687243,5876.879818258516,31.96752381889279,DoS
114.66106348515781,99.60542147398155,4854.572319940374,167.5369961442015,114.73931647956057,131.0245319684292,3040.2464915793757,2543.876745405757,96.40924117737718,2207.683595736165,3074.836918735817,4150.215027742817,1657.6275385283227,78.14664336094962,1293.9664971066984,10.517977713332114,35.933913819858766,10.328372569066108,875.1721994075162,172.7342592479847,3470.7928761510425,3.9640845056286746,20250.97042306871,789.4746919536798,2259.7908441943314,13.554210632909125,4839.651044015552,3987.7057810175224,5059.351445840969,2485.0329923675076,401.2168965176815,257.8860526109142,195.28328747674152,478.19156618907067,114.16337184075786,DoS
136.10556584232333,67.31325472887899,154.09400634071224,104.49778946014928,52.48900233476221,9.414238085855029,3.5952506925189103,241.58838723254922,89.11420988962702,532.2542968303625,644.0015069716442,261.0071835655373,172.80212725706085,62.01953795054022,115.80232517515444,162.1056784190645,429.397197166315,202.4456737658309,57.415133079897196,99.77947083219406,652.2585090808001,49.57576148007018,275.39586617639793,33.939806862476296,39.00368053256303,455.30909065797005,121.48473932627401,131.5510191028797,79.4485942597095,94.41157009935156,117.08120513820788,50.63318718826366,43.194321770727846,308.17045217047246,78.78896989773504,Bruteforce
53.432177373608205,54.74964383429337,53.1449754612031,118.01998781483158,336.3089918459107,73.03411060225787,340.09011785458665,19.108702551974414,90.75251203191505,8.583968299214712,88.20862795621997,137.8593293255979,20.54612458279262,28.683500297838048,124.24517960992267,36.010971130122236,2.1762393909721194,123.32258874689724,117.55418658290573,28.00683065856718,266.7964777472732,31.987893177195353,12.154534749577868,49.789108965510245,3.702768495835657,59.099165484425264,94.55553543869294,320.388962946581,252.04377554798168,84.22271397236966,5.828574561395961,75.65043779344474,117.98456172618282,186.86257996129814,245.15589022616834,Bot
205.68254685279874,30.461147461596983,87.30427851210626,18.276824016154254,36.54800927804624,83.98992012713558,22.050464532750684,174.94428677200054,243.48714738175227,21.3897636361725,55.04272671040111,170.25383416210911,162.73401863970014,32.629453396458516,81.94013763068503,12.014607067781427,28.062423953535127,8.085565239755411,407.6920361345914,38.51488415339255,120.76276862864334,60.35906386064425,232.92120046781045,1.3599971728227735,158.35859747517978,77.63340632178364,111.92313387758539,3.0374063454619176,11.21376875833988,298.80684871281795,70.44981165756576,81.2444212348654,213.57925478802747,11.338210274180085,342.03553282970347,WebAttack
11.125521003128265,83.91466375032904,73.76613642761694,143.95002570152025,118.29643086524936,454.82866311198916,426.5987913770388,18.569448390721025,160.37014674585336,12.553101766832581,51.01288214587779,57.815550958711256,1.4807870684037279,140.90859726006636,15.6686977473897,11.920365928059258,117.58995810874407,112.5597937548136,69.38069385070264,186.62119417194802,31.811567805454526,25.620413470655762,32.83887195267417,180.59029471103338,27.862702878481173,115.51799592961834,203.79244122599275,4.846049792525634,52.17079309466769,137.87534487076937,30.61860513387129,17.60481586557342,163.2950345577759,211.40649360399394,16.791494869214922,Infiltration
5769.47770899608,6.289684200137584,841.5247639731049,31.001045314059922,41.84518424986396,491.24645898063903,5727.635838430046,699.7302829459945,43.15530455263887,2267.1619127604877,7896.838468226116,2432.9907656525097,3377.409380091113,209.1152418457536,1680.6516175465486,181.1312571084567,56.435029197507305,29.10293239345727,2969.0560275312473,89.49609107190271,4289.018433767896,66.62409670247736,848.114759678279,12118.979827629168,1874.1104416730798,98.31284299897746,4210.566297930511,1919.310639302977,11100.053550737231,535.4685623188583,55.29018947343731,216.23550674885607,4.611602772384693,10351.599436754612,50.441339250717036,DoS
292.68507498783833,1.673471540075095,300.3967160715225,40.34930452651174,327.1565588526011,13.852091386239222,85.79635297831769,134.19120781136942,139.19603552167615,9.592597615576569,9.073714273451328,96.70649170583818,9.574339446687944,161.0930772460621,187.85452517132734,15.297973842404033,146.58924076322694,4.989334754598986,313.95054634521625,73.74692066503262,131.70142961100657,130.32803947698696,107.11493428939225,89.18529988616169,2.8509617956794018,200.97323559311505,92.25308937733001,28.643419700893325,42.289976083780076,44.91318245804978,6.674772244124226,20.874449345224782,2.027235750288461,89.49664781445047,53.671547591521396,Bot
19.83047390461621,230.81844753548322,9.193843500586182,0.7988495938720422,51.75519676528839,35.75194985371904,55.84310741659443,44.74204328368989,2.5603846869998685,26.09262051971494,108.60282594230746,16.75840410980937,113.25535430527984,43.24930955205784,21.73737659073515,29.410749568047105,15.74224036286056,52.66979691635384,22.13195687077677,95.50495546277638,7.65886236897043,58.56994725976953,30.358216498599006,28.392942439639864,77.18305424658257,7.651653399191838,58.96118660622103,85.12590288428432,45.134265497267265,11.560175099110689,50.249276515871266,72.13371610388192,5.427410778817475,11.113854908920457,55.29013287191464,Normal
94.70660358448588,56.52930487663655,35.19199347368245,142.80359130937182,117.83873862023069,73.63647550138813,91.1996972607628,58.87431680654353,75.23626088142377,14.722900156187324,12.219156293321436,19.248705562537296,114.50264139187351,10.600649926518907,20.19071902041111,18.905079895301814,76.36769937833469,121.11687613844676,190.03264175806834,11.830004319028879,85.33751277463378,43.085142057117004,64.43403340390633,41.54009166569842,41.25004628450456,10.66521040843758,34.843204651127955,146.72055011320185,14.297639417303317,7.959973552195626,36.14097829587688,30.658342613738967,82.27086829504198,39.77202473183655,21.727014636842803,Normal
9.984580903820879,4.50577970662551,124.0104046523947,27.74720494607029,6.81756548050916,15.02682095229528,22.40000047535341,61.97563314267075,50.90786893186028,100.08859338625074,6.551372264060393,82.88034679599444,36.52710109779944,17.921534288522743,12.79105469890102,2.1143566379159022,27.6384581898167,13.108223706533176,26.781708351742097,1.6855684122951395,48.616740170366484,12.000943676439656,9.659572182512678,27.76783101956385,181.99707536214999,5.065256781428508,35.97624674144543,13.323442705442776,0.8151079726080828,26.70417986870548,20.99463365083772,24.16654842338477,305.548468658542,16.204083110150695,7.447455019878528,Normal
4.808313794329854,63.463568432388804,36.98711264694949,96.98531965908916,66.9774808390651,161.36738642876742,55.341529100620846,63.69865979196994,187.10126520228883,57.85728054627862,98.87655990231258,25.323097810432216,142.1435905685487,103.32890052209483,107.33689231990118,112.85756156470018,94.17296784515167,8.113017425012323,36.7182469023376,209.52606198363722,175.21851230898326,171.95762208143367,293.41068357194416,83.85845212259807,77.7312064528853,69.34465795689485,6.725531014673204,73.60446832448162,132.79606685983356,33.001300502135535,223.531488506716,100.5997668594923,119.70669681785053,93.96658287587425,170.56147923117396,Bot
4532.985449645933,230.33478598614764,35.64715111411766,321.2387542156706,52.083093939329714,198.36447382220618,2210.1793079802783,2576.7236525950148,31.00443955008953,2632.5569233641572,2720.683031255678,279.1041326446907,888.0554835943286,4.547833403175125,9526.097097613418,49.92249346885947,45.53418598111358,216.73669305801968,3630.5178247966905,463.4408824110996,7557.606872477999,15.431064305980971,20.102052786598378,912.3234077974578,8993.543566703129,109.99408314322898,692.574670887935,17264.331669500112,2437.2332422261543,1295.4359755292428,90.75067376021467,140.91397755517917,36.01656737322471,4653.2880658542,98.23235576012212,DoS
57.92477548071764,595.659991043607,102.13839561674534,21.2557446229617,127.73257660725162,269.09559349574164,403.64385690324076,208.8244037274827,65.02918477865568,224.75486697954022,204.21401942090878,511.8036844440174,201.35341581833464,135.6370217818649,39.70688747549283,152.5556196531877,61.434064865441265,27.706279938117735,463.2117411760718,91.66872041475904,323.4574112484991,300.80373189386773,91.62493170760328,79.33370593468631,234.9311788147511,4.098792228206554,258.72811753977965,55.57793958183424,40.13709931023479,48.80310917732568,368.71351831767055,442.0440701837097,91.72759918316855,211.1007998500918,1097.69678111588,Bruteforce
106.23756576501427,1015.7284736567211,104.44055908845127,121.26375423249125,194.23073251141093,453.93983478996216,18.473254031220023,143.22148831170577,244.37333977062988,7.678418235609967,82.55632313966575,193.4203096424303,319.821096270962,522.7836284811223,89.36744604001868,317.5067731494188,921.4547064634966,337.2782488058885,258.1257330604507,19.026010450822827,280.7987692226923,2.1182415431560764,0.9491468140864281,283.1607054689198,7.282935064557377,63.91034519575784,383.486090708353,9.225172993192453,27.62747815679574,157.82639004401682,811.3878720542506,226.17432785205307,589.1861865823831,571.929490095262,1001.6029160002432,Bruteforce
2555.92916524649,4.643944085567122,9065.381080805468,152.72623826838577,255.62146021480427,140.77086672591756,809.1364709317602,11600.107115589193,94.4801154010954,13635.126080230986,3094.7359646076393,696.5965303578388,3113.2815646405033,102.62294927419553,3073.450331215839,58.61256604514129,156.81209714967034,338.53513411747304,3251.6846319376514,275.2135813909812,5226.819674400597,111.31304080424928,1210.387651115449,3376.969385591122,1781.8678930734889,50.96032299807742,293.8806148053512,3363.0220170607518,2387.9211600495946,2922.647706587873,22.8673648153474,4.381872720008313,91.01658239763853,455.4577420868036,14.52284981921667,DDoS
834.1033756037208,19.33429899940579,6467.663722657957,228.8075777028605,51.656660124247175,58.18670928336973,201.27246698824288,7774.450946211024,226.13330980916678,7749.303003329744,4352.634863231909,1395.283286411216,6022.299874657234,30.735234528199495,1331.000638691997,54.536136449681926,73.47068238554935,53.43490293893887,1902.1269509008284,149.1204727458543,2213.3731942134236,222.70540014725023,1427.6769212647957,5672.121117588124,0.9033950730600131,115.85244746067937,4324.24477778673,5035.55970745943,13.19201898475277,1662.1640857842021,124.56730750525952,63.919188045390065,97.23931740230815,3070.5537234856993,161.32925029924624,DDoS
5478.079290033154,7.0109155379515355,660.8554416595447,197.31204984461291,22.793345576656993,32.42867557701105,2018.0646791571046,2304.5369699220896,20.979850584889924,3451.3087471924523,9221.041966948478,20404.181391884988,4634.050547357798,139.50707817241664,1211.8888285498876,10.365787400313236,66.78350022832369,301.2487910270665,9084.755237488567,33.59346568398583,1439.2375129133993,64.74899110193208,3196.3222472118496,3593.376452485013,3119.6949351634435,83.83004730028468,11383.276734861263,2163.1387737208015,1488.371752914521,8277.383487692441,108.19664431113183,12.708779830129666,39.42358452169552,5474.04353334979,185.55198248811408,DDoS
3694.6834261216472,82.99182093583705,1286.2790599370253,271.3573037374239,44.64872044049015,8.168581695550012,2984.1285507565353,4432.373110511125,290.27645129394966,1176.999702413456,4879.404818365682,3015.306227812315,573.8000159457017,68.28009706146251,299.7991839079183,135.08889456569412,10.039666533629694,66.61065504523043,2773.345394975876,319.17551661364627,3286.0388940960192,32.58958242941528,5697.438985937159,597.55139811687,2632.876729749429,34.65673828574199,31124.779221697125,1073.990124874668,15272.674364220533,800.8586000621489,49.396440015957175,20.05860466494469,127.69675989503291,8648.425016732459,26.894638146669248,DDoS
303.987607607595,51.66739786321908,434.1542818801714,11.028782820039087,59.02708889250078,805.7410559996059,85.01858002840588,0.5621258137649531,73.60335397639109,93.18791311278672,54.37427554583147,250.23331182701952,153.43255831211732,222.75653142676214,213.49371410149084,2.759835764314672,45.58632919150862,402.0505927336011,431.2378919248489,134.19126038645487,95.27987670940628,106.63475961439299,107.9850862599735,496.6089742163721,4.390238298306418,178.8724892671588,82.76329747854071,416.78714791951865,242.1622053230943,118.13184822167008,251.04972403016296,784.6038062929725,75.55768968704828,212.51004691827382,541.457919400431,Bruteforce
0.46799057307698066,9.90171387808327,1.1309522978684383,4.156188170809032,4.175579815639823,3.036262409343794,7.939902902453227,3.376919115935487,6.254502857531868,5.43000381383805,8.64028882951782,8.19482630895396,2.17947317941783,7.501117946847243,7.9256845809464815,9.191856636953805,9.632176030186528,7.369690011768539,4.499311718977113,2.9297066902936217,8.64662929325098,9.155544887566858,0.9756118244174572,5.543227193401171,1.291942780603641,2.5157971546405697,3.8319613181777634,3.11164215334347,7.159989370657006,0.7896623816337311,6.137735415975708,5.8141452898089705,7.871949832985747,0.9667849415527141,3.32604625203343,PortScan
104.8546255670605,5.7227774607041475,107.56708995090509,16.420018600817386,57.4541460672243,31.98649570099082,66.54597438716408,50.856455069396254,12.286811843893785,11.321619948044525,5.950753405972275,73.86597340818702,8.578679985972782,41.1319505279539,38.44605481329115,44.1818233451896,82.03181868253651,26.975975612082404,48.46171960055731,473.11388566344766,184.2335421934112,256.53102121919085,55.167668165214224,28.517555470090006,71.78727723775128,46.11662220499755,200.22213650195485,220.2128400110444,96.82821805740157,68.01567193360161,54.086401091249044,81.00345118383866,17.06045172976954,239.5231040785215,36.52200243596923,Bot
9627.869507743168,337.9898873196836,5287.308351847355,52.93399617983925,5.976117655992673,0.4374472235881631,1296.4832642163815,2286.655055570824,267.2417231062552,3356.860106008344,4012.2636922663924,4604.94684006607,1103.39271971387,8.63768197782773,1483.3756722506555,235.153982727998,11.58437279350832,31.583161090530215,1884.3505195379294,105.57127382566345,4126.218704635231,105.39047653587058,5029.7599935643275,5000.241706537707,655.0817743465802,384.83471149022705,6753.889700146272,1738.9637256296376,7451.874152686601,11595.870101693157,262.71534421855785,202.63346359133965,64.31063263905686,1590.7878700886345,33.38934007860808,DoS
1.0273863557185148,9.017980302351681,7.43871494258009,1.8120997779621917,7.846603658308698,7.258528126205601,7.284447549159267,3.3528178348960633,5.227408931155287,5.857748050918329,3.769782861185007,5.603988801805411,2.4401640606649835,8.748846879526663,9.603365292107458,3.267329508280227,3.4239758754014127,2.162101230132788,8.647793273290132,1.6336179480360646,7.988588495238007,8.32328638344919,3.1621896655419777,7.7679159400965965,4.52971992241371,3.484526076992056,8.933784212621251,4.53528093687228,0.5522968960946995,6.345214009056576,6.580023254565164,6.346504859365889,3.6031883977761323,6.786148213680994,2.9109431968291943,PortScan
5.5186680737795015,0.5155515248287745,3.944213328522425,6.568286828091608,8.47799078729121,3.58972995611353,8.192721114835667,7.569159561453049,9.293101372302113,9.89430874698758,0.417322561719633,4.374706983247614,7.735601922340698,8.2316656372244,0.8285422296363798,6.065905981880756,8.984525662067743,2.2705907123032865,3.4735907223044338,3.9484795220468705,3.9453775312900055,5.617062692972211,0.6080642534728009,7.791897743523201,1.2287707946892867,8.133159660231614,0.17094361318076956,7.870259810672216,3.5526712008668095,6.558582880659186,1.7917202340015914,5.370096215866286,2.9911136279629167,0.03924667653007474,7.251410148265361,PortScan
38.42031816498166,13.411807714147416,54.68492875664743,204.26279427964516,50.04541369072535,4.30909046326321,16.07246789053539,95.8789237839975,79.81749546755717,11.710887655094297,66.60696648560447,17.110456541916786,97.96773722853384,22.98923047831266,40.81861855575692,40.817341480324906,70.1383304261592,96.6141021883033,46.32268990244596,16.32135572523195,50.235660736596145,147.1552094751007,228.17285599508367,52.714253962754,2.0931567715073656,7.15486458320537,14.691525169165448,57.17816133118926,26.794889405727467,92.9264245994427,104.75229233049137,83.07452732448269,7.738091914682618,40.984731449008954,71.30658983785405,Normal
2.3415327415417133,1.8926451289641888,5.987093424252555,6.0609748667612005,8.308994264353734,5.218371741308783,7.446785157590225,8.890779804608522,1.3353641184799803,7.2096933996530534,3.2793609728040893,2.7806375056042096,9.62982638128307,2.064567632424331,9.145530410658955,8.237164744885588,8.786324538730677,5.859834736904327,5.847058054599941,4.025820834605035,4.009193892776503,8.506671986933931,3.877551610127492,4.866968779777039,9.963928548857732,3.54313857588503,8.225916834856816,2.7719772688584863,0.25073629694204014,5.934278631771159,4.793459778316306,7.866726196444569,0.041525700434353885,0.705603879084068,8.596789148606279,PortScan
46.17188559699079,55.7500907880867,127.0527855988947,10.589519899259628,10.710326993104866,34.75342808437069,107.28335134148278,20.61548433380059,207.57152820835083,11.036670661801809,189.57925858883004,93.96213935990097,116.68638667352218,139.21321411100985,41.12489683751306,44.94126686906352,115.5411869587906,178.30617367768306,15.061481309781788,18.70739826762405,25.06347002536676,47.041303720571165,121.01364546269015,22.610539108770453,83.94502067706345,116.37256871870116,82.44386298304724,35.271662572113684,30.351241386310235,87.83043042180154,135.2468576806296,29.301805098091478,284.56906249304944,64.82821283981217,70.0914517484548,Infiltration
70.37768069669121,256.93133417501343,5.270932497393059,92.53869061986335,45.60756093456467,102.4602136255441,51.638375999234256,58.19332646831773,23.29719810983604,73.85219615860208,74.83384600256278,22.828804034850656,61.81158029803655,54.59254332864034,55.15697358419721,33.37720593701926,4.297665201003935,14.257415869326772,188.69115541460724,33.98512922402353,148.9197533851937,34.85172301462012,47.579671517856156,24.961189573286532,40.41759078566271,118.00623393720977,57.05585400353006,61.347530569455024,75.34541793583959,8.571670349254827,1.40031660812585,47.07720290768919,107.86904382539817,16.14139580838783,215.6508019948281,Normal
2.9890645539354477,88.81466314743682,199.4384508278968,11.541508439604831,62.486354628771124,120.37174949023917,7.975556940542752,1.8387370385419783,9.706003775082557,102.13374126814767,103.08103690501773,179.23928519316036,22.185116185244365,33.85087035946362,30.24601720468933,16.191476143317843,135.99945681353475,85.6501673997603,66.62648358243885,35.01655989927666,26.381342393310504,11.050947385785834,30.965890052522628,252.2037987764013,14.929083922015279,6.87128356430745,3.925945177330057,21.947967813257684,228.24358306169648,10.903509369418728,2.1216362868071754,75.36077205621721,10.623920570285229,61.3549334687142,21.412098238854586,Normal
19.933656579555056,251.4982368096656,60.22621382025455,1.24324399824638,155.22603173869635,47.87485541275489,105.35787776206347,133.66675933181233,37.71117212321872,451.39443152786845,18.380998823244923,344.9262781001897,159.45873981161435,13.868318622385742,0.7534059858575191,25.883382577197956,13.588955573719568,5.399484434334735,134.73135719055637,154.10886603420323,7.1401989942885,14.28660328716697,198.7447090730212,65.62169116010513,219.73042115355926,8.955437867212169,246.64864696318003,43.68010183721639,59.28557464690003,44.87893504663394,0.5692832801145992,14.012843289785357,41.67073528046647,30.82133905766029,131.71666573491393,Infiltration
107.70122843557726,4.621482503816182,150.5381149876917,0.5425366096022145,19.84698318497452,240.25311667775995,125.03972331135145,117.04799851914767,69.68612782705559,121.2087018077201,20.04539030250505,77.03117129390564,44.40174031050028,39.478529777266765,106.69941856934615,28.93451306770929,95.84822980457092,52.372124014056084,494.17006839534537,26.69363051030188,7.315710998838405,221.60187323475816,341.45773094009724,112.47891275285468,4.635982593064092,1.8331384861202382,10.817690417487484,211.71578050449958,352.3095523693106,15.352428938362372,17.489187088620287,21.730382395125908,194.61583201577238,97.95387242418644,92.84585301194755,Bot
51.52377544345082,25.535837091210173,14.013986005725974,3.2511556940216515,6.83985134901825,6.304588809227445,20.991464044567877,2.7086463666593503,130.17850739921462,47.88303496147129,54.32607512001201,8.377362009664708,25.94685944074362,18.97093461340862,13.259814010640584,25.18780178199299,98.35240273058858,91.16778784882715,236.82082064273987,2.9753910906364345,22.622398452182367,12.060599763638805,46.99257145310254,23.524621927060576,95.02687257476205,95.20028883367392,41.89238393681362,9.336168706708275,2.2018339133049425,6.156230021908229,95.78635967585404,48.03240011734521,22.44565722652544,39.80466190294839,22.341827260972373,Normal
131.4989744393083,36.455907154550566,7.764220594159917,2.882936085440999,226.5549188907699,129.046166553015,37.15061345077041,56.16817250624903,183.43603324636234,31.77502439249502,47.92851640185719,117.06045812195597,43.12538439975171,48.783215490619554,278.6966015443843,39.83456323437022,60.40519130410077,88.47627046170516,14.645981056589322,141.20170696132433,8.289507625890701,102.08260399408822,8.28543612862675,300.2618565449698,373.29249013695386,185.79706366675396,30.90526099846978,132.49560897117308,147.65253871378246,66.57761378204341,59.46618626181548,18.52057539313141,173.68647255080566,72.90074979451158,105.25893806032668,Infiltration
15417.307195984664,1.7504618897315058,6547.0051949006465,10.22717552351821,149.82443750651692,22.593611677022125,1905.628412031786,11839.632236100677,133.3105329266389,4997.269466919843,5927.151623898854,3225.5853559889706,1268.654155827699,274.5176179949287,11543.40143316925,181.3559227739073,61.507134439783925,114.33335110809284,612.9351042607703,42.45099762655878,1522.8773645124854,97.99388694511548,282.06393385477156,2401.9759641041182,1780.0192954243887,24.286699833536034,5264.342659531009,1734.0776778632383,8886.845386598981,778.0543304037124,4.981755905690481,33.73169768922221,10.511626723823017,951.6057507090582,261.02174318279674,DoS
105.46645166745598,15.425374697250833,41.95515290799054,24.140347059530022,222.96080272426676,84.05615925040244,249.28864744864637,139.50149961535192,316.60472224179006,122.30756588141514,142.33533183525512,108.71098607511527,48.119875356336806,39.84452310900923,116.13637784449115,24.6731967759035,2.665318465895359,5.532063354419457,17.16954880090452,3.5408539981964764,36.34239810916073,134.96834739134766,239.08031308735102,7.211839261386648,66.09992207597543,16.825022793108037,23.677754237154286,245.45845053977305,30.703875264116455,9.886105504130217,28.98908446194169,120.78358427578328,177.74256605937498,23.4401805790617,221.15304843384567,WebAttack
37.17510309214785,47.84241096911563,134.7847190345704,522.7453614911572,114.32835155431091,98.52187445314682,137.44423611629344,191.58751651752843,93.74992755693206,120.38019249879028,73.68298182242896,66.20982047441831,31.277788491443488,49.985510682159,198.59910778001486,82.86599295282888,14.617356645542637,63.977156649492784,224.11819466145312,27.11509457447802,133.41564146090624,349.57909823462774,45.45926620481008,64.80076985876877,155.60494464399,23.791625474061718,171.1259946153598,41.838320782860826,0.2757569681160576,369.41783826375485,56.74186551231855,72.60940564833867,27.871680724744895,39.98797372661063,78.53878099129604,WebAttack
10566.427384852637,31.8796431401135,2441.1818493122814,85.89096755453436,209.93592701102983,40.930389950368365,3224.7940790838047,39.52382014945473,31.442029340470445,16388.9212051092,5547.962885691907,16670.880835861455,8797.34666510087,234.30173883914694,1406.897713834946,575.8552530921437,61.64317655537885,112.89791089240883,9168.63275851034,130.57079311488604,548.7602901969873,80.97606319114536,15419.475100012798,15168.155875415114,6071.826811643481,65.20577469994532,4396.58634425383,1664.2850077943613,1288.2672212340813,8728.47461834517,29.788238258961204,98.60601085528987,361.21458003878047,5422.756561684615,122.35554816262476,DDoS
53.889247490509916,862.3331318576602,161.98828874046305,187.94618138383444,4.919688405643755,548.9665690177526,128.2568847056399,47.575731079305015,74.27233850140203,359.51342676554236,660.4778399564049,152.8525800169119,48.88381562608771,30.999615275633975,1.5227855970718331,104.05890457767211,588.3235592870941,252.85762374894517,51.38601743977239,183.65730868498397,107.87930244449345,135.8724630254781,216.11375484275618,37.52782162158386,290.6050370890722,712.8478534446875,4.984474486450143,237.9099634787334,200.99147640476298,19.06674220788373,172.31674272397842,76.9972920382228,353.22333394655624,302.690244005709,754.0286253564852,Bruteforce
7.2521765274493415,2.2451479543464115,9.075858638684684,8.328164938698006,2.5251904756100307,8.0150025293073,1.9134751562751728,0.24861012795855064,9.61120605556533,7.613506643922655,4.8902341701045025,8.432094186501768,0.7582133971997962,7.396824379760043,9.563257341391642,8.185906860311619,4.316757106582731,3.4631092662406218,8.924159132333745,2.9150705003575994,9.374481816230134,3.1984949580913002,1.250148121720992,2.358898720643461,5.194832853708698,1.3110603773368246,3.799571557972079,9.058556494464275,0.9388764264635441,6.1454422463548495,4.037646323269303,6.474548524099921,4.896080900387169,8.767050371250509,4.02498262043019,PortScan
4.372711513192941,6.846382456814136,1.493643471875905,2.9936571986536817,0.800599406170831,6.182064035467874,7.082378125391857,5.196867457791816,4.44432088196857,8.477016957434929,4.191857503313983,4.417696385413368,5.773280977186239,7.038494239145373,7.770305485216379,0.40819968938534457,8.51156576541999,4.513218438892959,9.0587246712319,5.363432060547057,4.758331052862882,1.953864462339705,4.6960412486761705,4.929296626987384,8.944782867139368,8.870861739387651,4.86414666658902,8.675673644596026,8.543907356601725,9.483850740012622,3.61603313951121,2.12228134253201,9.439244883421317,5.8486134738520965,4.666575997905765,PortScan
5092.907484316284,325.17684016727446,4205.931507460728,172.04248968106782,313.5155478122904,242.69532008293234,7912.935991349755,6896.199265205441,91.1125224295173,4485.165146375341,1056.423543556768,3870.083831908418,3229.798431168281,63.19007232021742,186.92080989970188,41.51946454197055,116.91073269648327,50.65010969806808,3916.685406324018,29.367395746528004,1556.9490014785206,9.238081972373537,5903.701591504504,125.4808777248855,1179.5863067710447,18.980135736665417,2956.8927418837325,1301.3687083515465,9446.333595094004,2507.7250265573884,45.98790772291865,76.86237298697426,67.95494889783492,517.7461965213282,195.7616705794375,DDoS
1124.3922733404027,361.7267996265924,4430.6792035807775,80.91099577882092,105.46737868027567,144.55952647488022,1450.5476936506534,6247.21398202476,195.36778979027082,1277.9980490842058,6408.166628880301,2939.4925523989796,3620.966104508862,37.275676943871716,2101.1564920507653,25.72797997312801,18.570633573539332,120.97179406906847,3376.397331182369,5.546031738443396,2228.7550521661815,91.97492105708535,2025.5567611511976,14414.082975659347,8224.232164920668,222.76774433058932,6918.735243798258,3464.8824212953155,4993.556780904807,5270.584976122479,51.122521280973096,37.50197237965027,26.132285746089284,9142.131675041062,45.12290487585379,DoS
424.28144719731574,191.76495011267824,332.0012297858091,140.16375622240122,27.946432524575698,0.085807326253345,137.21015292041022,166.3650743178916,75.87357834949677,158.51254263986337,306.43543074578076,113.10065658397659,249.66826227576612,622.7677531077862,352.6283385712219,98.33516663289844,52.063871441768875,161.09736272170275,398.7040531862244,221.9496922856823,539.6334130197984,571.3957465085236,133.20179979365003,306.101797011157,134.87343538930523,0.39580601641209867,1122.1797639933345,181.38228396712174,130.79282645932108,18.184661723994562,59.669197257492634,64.50501852636458,246.15777201013285,424.3852549595913,15.118521713580485,Bruteforce
1668.6529169828518,84.78633685107356,6857.972387261837,110.5255750626447,11.526500138570709,3.2297454461956003,12019.546595174808,2935.935032093371,48.24283606904867,1792.1159128826919,2090.9526104125284,1962.840013465089,6582.98123420713,43.20402032084473,5827.823936581904,55.56107034992785,112.82342940892943,141.15860173432523,9429.103311864495,308.1206244237747,8113.02181394528,229.09700640424825,1100.3555449579535,1982.1579018640919,490.7304365649897,10.763139816206452,4997.297008340823,926.9022993351508,2943.8483919785895,5729.983232781159,108.69529102056426,7.304944252447713,2.1708053541042545,1754.5479907444428,289.52015625161624,DDoS
154.47786725170369,168.72067818533276,316.12891007721635,57.28816645771049,201.6840945586464,146.78097820760274,187.970320831808,101.24129838899987,21.46660003336826,441.4311691733609,171.7357263417924,92.45609501904075,252.03508570087482,45.177199603699556,585.5190282953386,20.948182527428553,165.51820838245519,606.9227413186442,612.4329160893606,58.24079962523597,12.181302990402681,108.4173329751246,41.26109708464342,121.26688550682847,46.111902810024866,6.806611710693241,59.00847826139747,634.1996628127501,26.437192948679574,65.94340831150144,107.68479511142289,258.02442713834256,369.8355515717026,169.9718713621378,601.1114226628661,Bruteforce
1.423559265211779,39.74136029541482,25.13372651049486,58.16207288720447,1.6228241004394466,38.03746600964633,17.25226803466063,115.27715665349456,12.936835090039962,59.24024452654761,69.09273573343006,18.74920997546153,28.203282467040886,191.50994970625018,34.387034349463505,43.23942621173414,56.921991451642576,33.06364069991422,13.520378040783326,53.52306361989155,119.21540207974681,58.185853921552535,88.20524093984939,31.947670721024984,127.4345908864695,5.770412415725928,57.19365644895159,1.2242237019802482,20.877478988353715,59.81102227820073,118.35238811829478,24.83669588975798,17.412098121390283,11.426765594685904,23.400475596670084,Normal
2981.764734751941,8.477738065587841,2902.856329347265,51.81085658877953,62.076573990467786,240.2311273610938,966.9311013357942,6082.929769422241,75.88589028583371,2928.2935712943963,17770.499851438453,8100.522364641307,14554.018309361341,216.16020991780294,4971.009945462884,72.7684805525811,281.01787744306375,57.47583627162399,6754.6461740210425,126.25589891675367,1148.121400062073,14.750661289273411,1814.6198051918266,8028.1201321365725,12172.119782796251,1.210421690033011,4612.097891206976,4652.047181651636,11018.703790179738,3600.614453306809,432.60414609252933,75.82765283565985,427.07521709594556,348.75011328168114,64.3297645905312,DoS
5.359111639678382,221.04808141521687,188.42502850878344,38.80760973752167,264.57433934279885,24.859294517895737,21.615827438505484,161.5878634483152,114.9780414861922,43.64218411365483,217.42865089303857,172.9552117670986,27.641035216145948,178.96586647406508,98.55278511983076,57.828366345698214,162.26871028581448,1.966705261392253,20.915105766317545,79.17345657375282,80.55639495975659,81.61502236264472,42.01490495341672,69.46124480948025,224.39091293842083,27.858172007271136,42.92076440916544,49.11012835535332,102.62358011382835,44.07026907818546,9.262240446864702,15.289710185533536,37.38619820894421,52.41879241082222,444.75210404049494,Infiltration
3315.620331419461,121.72658810036164,8686.077499462193,18.85303858194115,47.898712841213616,56.36189227544083,708.524723370657,1868.1368189619834,18.114071867445904,9981.712481822668,4654.737966701886,2399.4864921107596,14688.797517036894,24.169380947598654,2156.525380157297,209.5745512434144,10.842914263866602,200.38875088665867,1818.5965325045634,33.747555789561865,1930.4573509618447,28.74133444317475,2351.812130546865,4459.492540531115,2072.9198771931315,190.5190452098625,1502.1848944053522,2811.977109098066,306.0841116165345,5989.478795075538,77.16535637626735,142.42054005369326,15.647503665712282,541.4433304013629,158.659059319298,DDoS
87.11527589867927,29.02723543601318,91.32669248007225,307.36043884410503,22.86227579314759,17.991635120702647,135.36453176605602,22.31599226457539,204.23407202127697,47.03931627677424,47.02008810920312,217.73180325033286,17.430150607092006,47.637585132843675,86.818248885372,221.01326089763313,126.58733013612937,8.462932736325653,6.108339416586539,56.020256349525134,134.20022661473072,132.58223415926093,3.00804437888979,86.76504417250786,157.27849907424812,18.245341746988974,97.75132519339397,7.73267334064272,35.98642735526102,34.09580282343532,150.1755487327185,67.99138062875012,132.51504687643111,39.38622641743566,313.6694699770623,WebAttack
44.089380713789126,6.218804700238861,2.7530450877684585,198.67059219509142,243.77910236787272,67.43714967528942,95.60847431970656,3.7824280952088833,116.93137213493972,112.46710789017789,79.15914772464234,183.5890231788146,227.74991079335476,171.03335195040856,145.8865539976722,21.90313216714757,211.27496580957364,12.897904890835246,4.515399068767406,57.20276542028097,217.10139359227662,69.48824429958387,32.11667390162557,67.60688009816955,6.025906358751914,87.53611326700808,59.79089896202484,89.12150854898373,3.8399033075487927,291.98350930910755,53.42192713793958,42.52338159281693,15.463858359764782,45.33687696633496,193.00521712233777,WebAttack
58.094752818667104,5.8775067374850245,16.54053994881312,4.8248225429092875,26.285348124304765,31.93546839984428,125.06478871893106,25.146421386402913,23.802278678010385,7.367923630041171,19.40591356694536,36.4078851940132,33.22466929675236,35.08712091405935,7.736495186576599,15.908346972681601,94.55739517959788,18.899336457142038,1.2894702066247816,107.62870001785079,16.360892205736235,43.556069820675745,37.320794974962126,112.04838107186133,228.89200311688046,27.632693174749384,68.56427918798208,51.72687750604328,64.49328456776794,18.940883216666784,276.80307518803505,11.345741382799082,56.20797064433507,14.72293983509938,17.979963591686086,Normal
5.658254632674838,4.119879322274719,4.158923294694048,3.0794668944264902,3.712475339219875,1.8407459638331203,2.705838356695484,5.422729174299503,5.222918499207767,9.059274147293806,8.325399186736215,0.07101429114474977,2.29763914573474,8.876951918392281,3.147532286992285,4.77705649765036,6.74984926071048,5.433571460472769,0.04867970757393425,2.065634654577695,1.0043967341061433,1.676452573516256,1.4736869285085208,6.227788165949936,4.065646328184878,0.6655128227044216,0.8229042576012879,9.503564005012548,1.5476196998877811,2.538401050930866,5.7429492621417335,1.871058436700237,1.9752939244031298,0.7258765858552696,9.808211468183533,PortScan
11.758176516850495,45.20401285169775,24.101279711808285,83.54435385313599,49.13645653828863,72.5875286922172,23.48151832508594,141.27212289743784,32.575316289363826,20.145327135047943,113.36620587963947,100.03254462595781,29.279462621523216,60.955605403876845,107.92652948842981,139.69625168716064,47.256529286535006,0.41161045547693215,13.95604781232896,10.169323460770654,8.061861858244907,16.453103482829015,297.2518902490176,18.910887553378334,9.27341346393949,12.38944300569418,98.945526780789,266.01632675028463,36.82635419583151,131.90414109517516,23.50079576602313,215.33246491920437,80.98966545242538,15.392050354946035,13.38060612412649,WebAttack
396.18091604084105,239.3455393694923,31.008600774250805,247.7384502954234,163.4100808999335,177.74361544787706,168.5755962282246,335.8091555438002,417.6763579872449,3.0366044412922983,93.09320374020535,191.60883723510682,330.1421105090643,187.87640712840627,687.5410994117091,263.3432544027213,54.259421988177735,314.6212383303834,207.72106474732954,112.47690265893533,28.90937952808066,18.69246248927588,37.96586473785201,103.57443854940792,231.67353053761693,377.9768625144266,34.959962170524165,13.434190183640998,63.52258314742255,295.48961109524174,29.353096284283502,278.2713732195639,273.8610528805802,327.46615570597555,76.41142832271412,Bruteforce
33.421447154056196,211.20237288623636,268.53326660803026,2.3823551761404542,3.7666363644193783,58.07536432874711,64.02416551996484,99.72564230361922,108.87311807206086,57.452954979531626,17.89849509776863,2.778909257460759,11.277642487160202,79.52434876002181,128.06151349842494,36.643835648465554,17.298362380591684,1.8968465084982011,26.77041313348445,86.99748726189543,2.086951881793415,52.93930329142286,6.942629967313055,27.97837877534303,18.168526419622328,10.30011371765505,21.251248826224302,38.46971040220642,4.072734628163556,11.204963819278865,14.061379878479329,1.8359221960910297,15.288368529500126,17.92483717475849,20.060437765858882,Normal
1767.7211234235367,151.79341499996852,1011.397522761901,9.193906489900803,375.6175481388475,1.9852183855314773,670.3607281456598,814.4222635964676,11.989517231581303,16700.992545738623,5149.847709949178,11588.541034988355,8506.76953502436,63.92849666012819,13424.654567957537,24.732916793823513,260.41380297505157,46.76980824679174,873.0785248822256,136.5331729908645,26902.683338086,67.02773061957451,679.6479138233898,635.5413857570011,2991.3728184976617,240.50491353527897,6625.823155495926,7518.741316132122,12381.856702989073,4588.154709947904,161.952842036798,49.14744841013746,23.888007140317153,13670.194733200391,47.324546583338936,DoS
167.8347981183336,94.49384916142432,90.26469716744043,42.638057785182525,94.12769332180565,30.057309035386393,5.740919648231426,76.74768266722369,9.857169584195338,56.84168080891395,2.2065830647604168,95.4130115354649,37.84524884358723,13.263766132093192,53.495891554000885,50.35338103751883,147.48646909230766,252.19546436348946,140.86289895993582,12.748181660361062,26.794842353316977,633.9373012638374,52.19490936613419,50.914636135386495,168.30643679250102,162.39206492625783,14.009547542324405,90.1904759905109,12.446919796071603,181.76458038230678,7.8537064636869065,76.73615507599061,207.96989175153388,58.276451962949714,124.28665969009384,Bot
136.35916944417178,19.845045626777406,8.701675144358013,94.78285095186084,93.04764855431866,316.93409561845255,10.92940673075264,43.297464095746975,239.07875633931957,85.77094480442958,143.2970738794135,10.971735978464944,2.117117614017127,65.5777105449011,36.29968041462679,108.96971433091636,162.63811210683858,248.44739146367831,256.49803204636237,120.36300287704637,9.172055495867859,38.02674280227228,78.72077730478908,280.3418172289445,1.5634322959363327,157.79296882159747,31.312406101621388,15.62387304535298,12.335337583939607,52.5577739975536,246.1503430300294,121.48526426737376,185.56467674867372,93.84555443611798,69.28919986181918,Bot
3705.2166655138785,1.5336669788590938,3548.1672407826104,27.009315879255624,22.899695076773792,36.63789277847981,1144.5723118297806,1600.7082238190037,34.881939421481405,6779.371756854502,1022.813990139955,4526.8654018256875,8298.111911753982,112.61215332921972,13452.947160617956,75.28185889214978,463.76628311014247,33.36425876928907,3088.2791718695985,263.914806764855,180.98628226003444,14.320923086301656,149.09840886837952,16588.053105663297,4529.842863995716,1.367335272917602,312.12355323931666,2489.064391855937,4569.907348032292,1857.920329904996,83.5361339481729,87.70148886621747,169.00797130595532,3036.747555745849,5.003653675825123,DoS
107.95909884203397,178.5895155204189,87.0122633843445,87.27447307861233,720.5969934838762,248.17756200938072,6.609410058704624,18.92073841668139,44.76026296927789,42.53572271517946,19.64758365201012,110.79607599692838,55.551997355561646,217.03833741171223,43.616270654458816,74.57981519280207,54.72366041689236,106.28024568126351,28.888197846914455,176.8403764785807,341.99963486368887,6.912304642099401,0.4359581924965882,53.19560581576251,77.29515042351876,129.70679204649142,53.41757564132747,62.261721317775965,92.95600205411057,50.31142494589464,341.3975466276809,6.669109856791261,12.030629933427976,74.59412612641837,30.96879754609264,Bot
64.55474731144027,43.55140764803458,20.552844767363954,46.18673103582966,27.29930936352842,91.88585513355336,44.83275047154503,11.648864609761395,203.9968945617797,37.18237813432116,26.601205227804947,0.15671128168218817,9.604547131082034,13.27666058227408,6.595117682458983,0.5387597409571435,63.79955311336428,37.97488610603693,37.659734116910506,22.178404270446826,22.35751530812377,118.4484484438733,8.107114267020862,116.40750524574221,58.75458097335655,40.45272283218676,12.683512308353636,40.23216132962697,45.32007085869335,16.562494782396993,17.955409990730345,3.1014896352320793,24.773348049121754,4.9750270088048065,19.479758755523466,Normal
7277.3039277683,15.593152816044892,10774.644265620396,163.92205262344598,41.88537328983818,67.34554177797105,804.5207186857907,12255.502656653316,64.68203068119766,2301.2255725331133,9808.177067497061,2627.211789930159,430.79095551818415,95.01818871576045,1409.4176249779941,93.21799579109508,68.5967144280276,7.860311491152768,10510.277185711266,87.18172620882422,7031.602768684737,448.16176842321784,3920.7591877677146,636.4176032443996,11354.902403862257,237.11998485481968,1287.698623873323,2471.549600789132,1675.978738995818,1306.413894777565,206.45014589308582,20.710325981918416,77.0712018839271,1689.9044216643044,66.5727934400832,DoS
3237.78765523642,32.108445068353944,1175.5533814974922,466.69851080334456,64.03797481466789,131.86776609431112,13783.849798156069,4296.122108789745,45.542298754616866,14536.27882668792,3908.8783214439836,6204.246097092164,3271.245493290271,138.535903535019,2442.0346774441705,128.00893366886743,207.95219946999822,85.43135805413075,14529.732197118701,22.82134158508384,14760.199741072716,123.36665227897188,46.14537800970018,4076.4019102552134,427.31488237034404,11.375034454750246,375.88202592160496,7729.9509691823605,8294.393163780584,2689.9949267650572,59.08326893116838,152.78551620402894,23.701409578852854,224.9620759727308,28.510565952555016,DDoS
3117.4871588054807,247.29368571913062,26245.557685830205,11.290998776557926,100.93105150931423,16.976765810280924,5285.576663948202,2471.1140939906177,266.630942664839,402.9100691314816,2000.0727469648734,4202.873166325182,2216.8525851319123,66.72649884444039,1016.7762454256841,169.39205333449075,180.7759751094838,7.02687647172077,5644.572957865008,71.36884347976083,2861.0049024162904,124.8415234640011,12029.963857611521,4601.739390801557,615.1876794963526,6.151922006890518,4785.00618582374,3846.949905761282,1815.4113994373606,1380.5449147455622,52.56258229783257,15.358052544143657,47.003432280621084,1282.530550042554,20.427895150420877,DDoS
226.16313882446235,69.05187362717655,71.98206886836314,355.9038688691247,221.0198580198504,167.46202746863094,8.753548506508372,190.4202083163344,65.32682611119472,417.87407874800186,46.44281334303722,363.14521940799096,306.5742535152759,371.41760347988975,546.3283441032779,145.6373786935312,350.7602158541713,424.61565058435076,334.45264389760956,76.98523110125926,98.05067480312913,530.0046838443772,194.90976986541995,418.1731739918136,43.272450838037656,131.85343706444272,196.9392415680629,345.9644560224196,139.93827596565106,167.0821474260539,182.74758034879085,122.25371889241221,177.7617682412005,84.03093411199818,202.46926047443102,Bruteforce
174.3900768618504,4.8137910394528,159.58331708821686,319.7499779896182,488.0988544317685,13.725708062338365,1061.960346820372,154.24509142224798,14.371518106332617,258.7569847358262,398.06208479027174,71.78264920668353,52.034433766583454,84.84999398063997,190.7006677840378,69.6597218099949,22.549311731262403,94.72020946911779,64.00762995996814,160.91158053127845,335.330155435349,104.58310021806203,461.32457297763744,212.49521474571463,129.93321760561975,242.09679144329712,340.224634585531,204.76598098053506,19.97172217849626,5.742419976687088,320.50609323125155,22.208676212163024,155.58294081080865,19.838283044521447,488.88453479794674,Bruteforce
3101.9737229100374,53.771516339258106,2328.0411018538707,41.04674187405076,37.932551860007365,235.41755196743273,8272.664950777347,4119.822494009958,57.3526269241435,5484.799896964615,7373.419297799332,413.8519070607237,1540.840289021642,175.61821783816794,4573.499338665494,43.47908648891228,208.94897941180278,37.54966944845344,46.316874846080836,28.34869342348394,11072.612406600312,36.685844995680455,3673.179749007301,2033.6174823380013,5941.3449348602235,93.42755999117678,791.8875715872455,547.9364855718258,4417.372302544777,299.0601580806312,228.02188308481317,99.39070041911995,533.8516610764215,10838.192701914517,112.34122024046529,DoS
81.60022071185065,45.06700358297919,0.78829217967178,32.234260282850826,75.06439265447874,16.960727526917687,30.157052135829097,2.308145310271993,100.79763522440193,25.64514594695058,14.177563857978267,71.26103626833262,8.149054556277916,13.811484980887295,4.560524183274679,194.01026139997558,12.084770409582395,17.643624473091602,87.81832115194112,65.37964347575425,120.23735284867882,51.28454719250155,38.43533105936704,23.59705455658053,51.40397291248291,2.594193221690991,3.1721314565516376,9.264943603400615,54.10138224206488,36.17679822475861,203.35725284877938,38.90106448247088,45.485750226051366,47.2474429462938,90.97116077748154,Normal
1033.029078457782,51.81659005648325,13451.05578738017,89.1015725660018,16.212823829865602,108.52747984193437,550.2886008245727,5014.923498033562,26.538182399985256,525.1813683950488,3326.084013607319,4429.041986074959,503.43946297746066,67.07978593879054,2681.4050757964496,41.56223005911041,165.04296982384935,65.7707837916041,2174.7974556643458,9.88159920139244,193.95163971224744,130.8486135011261,2006.9798460560917,8298.71772707955,71.92643064973159,277.46219812083956,2902.1736485908773,2369.7880000538185,5173.534321190499,2994.127404626279,837.7588657938456,68.55108033664307,136.22550410417068,2097.6841609777284,129.2396935430502,DoS
1445.9766395437155,91.03189611782085,18745.73090329188,36.302683830767904,224.74548509247145,203.5201683205546,2802.512320171172,2819.858200876624,9.889087875317868,881.0707170741294,334.29907605725407,20294.131495100282,6743.655817685911,42.78405605217564,2149.074275533029,104.99125482579605,316.16053396193433,82.69249750357389,1775.1325181220689,123.90177735053949,1930.7458575182031,307.8729081152114,2396.4335258074784,688.32697534398,3450.3924729041614,108.60331104137427,3480.734726161188,2576.794298250651,2820.747530964638,3356.5866906991587,127.03166657164205,3.5825169611191776,128.56577115871767,891.0083444615465,7.0933130652806025,DDoS
64.94832956587051,191.052822805125,87.38966817446266,19.253205351189155,28.727671919631646,35.469387215677166,32.82961617475508,16.797260365638195,14.959076685669153,99.55151116294228,79.94961824353423,198.5359866759109,65.559416200668,65.30763046526658,85.1012411605964,213.04624890746192,16.423469133514132,15.402186291732031,1.4626920030682848,89.3569191686959,72.81720730511002,121.3493969667933,19.877624471984852,54.92869468900543,95.12950836919036,3.0529748303176594,15.93471407992164,81.13033099135876,30.680491163877644,83.45552387060181,81.24717668201525,37.005356976564705,44.69873799468121,34.34639685784321,223.2845787941189,Normal
41.198115550929664,306.46325745246406,124.21498848321313,153.5074775977059,21.45019479740751,172.9212845265239,58.175635746942,14.901169086566288,102.54369749495982,15.951028369563408,60.40566423633349,13.191132654207827,78.81753493628295,22.59917566624879,24.100840124726478,16.22502681932845,4.221378712363364,13.397094213059802,149.03050170036695,47.19313241125632,178.8617388311651,267.02796198161593,289.45284297439287,7.30051637028123,78.33571464261075,10.691795275063146,212.4727422441563,151.8314170438841,44.873375924903044,49.161746698257716,81.20400230898666,117.20239711645422,185.95182341477167,11.58344953873488,82.36994434461519,Bot
30.84674536007807,195.62512207543725,19.294076711985024,89.09223666967745,136.7339294029362,89.36508527931927,29.498621203113483,68.54763583018371,15.378785365254815,72.99300655344625,80.89916916603289,69.59673606864747,78.9118627315593,28.198955222214284,337.7213071065148,129.23983291438304,96.98732302802803,108.42615929578743,47.77165240255663,258.28744774896325,15.27881518594574,4.268530219726196,111.19372347809573,87.07960253513686,39.56568165675644,396.2830412031903,124.58896503446317,72.31987491259162,156.69282435444302,17.687568809559686,41.70089965648804,22.26903598552063,23.535298510788884,150.9461525967443,63.25113686485066,Bot
6223.178920711123,48.55455517740918,21378.27027188533,83.1929168728193,3.2290644626567824,67.46674184055931,7714.094788385048,1092.7646135648513,63.10755042205602,265.62108345403135,5115.465594639356,1331.257020391843,314.3872355634853,170.09998691643023,17141.521775136196,646.1544351503825,22.561507067011004,166.66632077523715,3880.818507843789,24.325103282980137,5873.441439383739,164.53100434438403,7211.0408670285915,1042.3855117512344,10278.943986055247,55.79864426332626,427.2191917027886,19.152955956186496,868.8984035215402,2971.0560915941487,142.5996953388249,15.167509194110925,268.2187164882482,137.48835349593048,132.30391861533658,DoS
152.1444307357529,147.9656014523139,126.22983756937907,159.84869139050394,85.64581754034714,20.411441921098408,71.23933867048802,23.680156254305594,95.90464169338654,11.834336016566398,84.31887395837161,15.744675604733278,88.75455608412751,409.7857616792868,114.7857696988376,36.70952590290263,27.249446756283657,54.08296628375938,71.522902358782,92.99109665580735,29.102498835830527,100.34186723243852,18.301887262441593,259.95575775027834,131.091379570722,64.8000733783299,114.54891248020591,16.954823727864618,195.56407570571,231.4548901015669,21.589808363530306,3.843310779360022,43.79836410321647,110.70841740857682,358.22933140317133,Bot
2269.0423188889904,103.92963531697393,6346.404292146863,531.526653439936,207.93830738572404,13.541338535348196,483.2101020063035,8334.10732895532,47.02357417793277,85.96049030616814,5531.197456671768,7410.068038103318,933.2416701836576,83.09667163521358,7104.413952434556,22.020554129484562,12.338740444122026,24.861125338920704,5891.226066680954,2.692590782011291,3886.597769722058,49.62799103877528,3381.377737039919,874.1830199354507,2192.898977881602,62.36855181739538,198.21595947322953,421.9324779813471,14821.797347576909,119.00414707387955,175.85408984746508,97.06829991675635,1.0098619174051042,1246.7442502790952,247.78450039502258,DoS
229.1420266810229,355.7361083483276,40.00116364691323,30.565218977039244,122.29358787368466,7.534705904492965,324.7596177769721,34.80139006273825,36.059186996575136,36.89350149695193,50.52348778615664,11.56064908950034,216.92372360044453,276.16639389438575,61.476758827810954,7.969534593843469,190.87123083942038,2.634837742272229,0.2097489566204154,19.00325577791377,308.99358674451554,110.39391982589737,31.93990683801884,224.27039920466072,102.42847459003615,7.096563439842442,19.261012275690664,106.49397648413021,26.21941709984196,31.410395339429897,52.44065784203362,3.4497668382239914,39.81403027055171,32.13337035320746,59.11120364725063,WebAttack
311.1798092304818,128.68434273221646,279.56887578735297,88.79000366311733,12.772894921669161,5.6285023210393,111.42872311836791,78.70913058576727,346.2945597625632,330.9001903324937,297.3906860941068,100.31953742146138,106.08721444994029,51.10357736294269,134.30877300648052,81.14928438205132,32.71385232081027,71.69613502188236,50.5477813790746,60.650913159802954,13.194014660632256,59.9142542936687,15.216750572822482,73.28731628771648,13.899186937889027,105.85585994143558,62.77659984740625,125.60362008955568,74.65125656331753,119.27357185033767,38.12987572037657,52.17510985905041,35.302875678300865,17.640508374631917,6.527103311297609,Infiltration
172.44845517390013,231.91198951433267,112.50850743431269,228.88405115778673,175.85151878524522,67.20301126983675,399.58413957521594,54.75870451439749,43.341503653178464,31.733704724763673,156.0324566565582,168.76971677060868,75.38837565639666,111.72706427754409,0.7776038520672455,5.6313282676436724,182.53510214659158,25.486997641746605,134.82024777210563,27.9290845296712,103.78595063997567,93.61437498593111,85.28507310678583,42.13113263670581,277.4564559398565,21.012664835388314,8.755226716216551,65.01970335582476,18.136820126191207,95.01151048880872,205.80415683339544,18.902410662436175,166.8825455977462,44.664121587894876,11.928567022665536,WebAttack
225.85653112762262,56.6617455382573,71.9137333670291,1.4070263719360443,431.53095399093735,109.45128359152017,73.63889364118033,16.595815255313898,134.5951886568684,18.595449222745053,28.531629228965084,10.11898129188698,34.93632288795625,12.664935310468477,71.98779324508206,142.01751274460065,231.10676835443655,80.23004027677297,17.14889578149296,52.08408034257127,52.798955815280415,55.468102945284194,276.2071463064451,42.10084397014748,168.57735614934052,72.38338974037978,206.55288323480073,100.07460333579094,246.01297709894357,64.47436840903784,92.65171577170554,271.49133124533347,16.370193642609856,83.46667728244383,117.35605288645172,WebAttack
199.2578243277165,28.175645568560796,18.02186616062655,71.40448128014923,15.572994743314919,345.54007544338674,121.12889223009053,36.654920592848875,39.71571531213153,183.82701518709305,38.07534572257508,78.13072945647625,206.56181239911038,71.31976495207604,73.84613640126709,37.18257344148959,89.71815259933412,90.41302749426308,394.46043623503243,150.39927935830698,128.44015581311743,7.989036309237981,121.06880834115607,22.922151734430926,101.33910213453225,5.759306655504472,13.081037609247437,219.82439910742391,66.17676293065094,76.43726160949636,199.04450457226326,171.61881679488226,107.66442685890864,52.48638469967197,98.88856641496773,Infiltration
6248.745306730055,25.53497282544206,9746.678711910385,4.009356075196145,132.29636098652156,207.68918494827045,8532.987093628957,8598.056194806577,395.66873788630517,3759.536773195542,2125.512368487992,1377.8052944534932,199.3741247536192,52.549385524587066,23.455228537349093,105.43512090730715,85.94961097980217,142.805754278858,1352.3991476742553,179.04740700118128,1921.8723198126067,442.62989904207143,5810.813056892363,133.28103642935397,200.4080653927546,28.157207169137894,696.7305797591359,1206.1498828630233,1422.3871076574696,9553.109532679011,5.871627792368528,87.91492496469183,155.0386094990911,397.8059789792071,5.984967247974679,DDoS
5173.981655985901,207.9914698172152,5209.694781829677,273.77377059792815,28.252800019258423,21.141537859346517,766.8514815853138,7359.7634768587395,224.0757876126688,5251.257170229523,294.6361228919551,1223.4818067616573,121.49249229883941,350.86230640137074,1974.2664300544495,10.062539191281044,96.78158807594414,25.40261903922297,14053.275750268083,96.97140911577769,5431.636087375908,75.80733379578348,771.3580923226501,392.58844335620984,2480.789484840981,247.6375687307647,52.218465731482276,18801.74853143808,4438.368913249437,1353.3365367949805,113.86341996143167,31.309669606222073,9.538004353043977,2380.2463679837124,26.676279888278977,DoS
60.950722462371374,165.0971034831198,91.33894934445144,40.343592782226274,77.21695423804698,221.02719322882245,23.498296504122816,84.06963856587221,341.64110248421184,116.13013956840412,61.7310142251805,41.18972491170233,1.8921751423422475,113.53933112624392,157.6023104959368,125.8007967667893,13.357435711243888,52.153358934546304,88.36227876536127,110.7781450372927,93.27897136623305,52.25779163320975,15.222625129102333,73.40431932322666,61.176691752198224,130.46127932095388,245.22049757067475,126.992293391749,18.431442114720372,3.6125476818904536,141.58837508259893,45.688206486862235,21.60063090748628,110.77743483545052,9.49304349109524,WebAttack
142.02599679773283,2.986577936737136,26.360895517808324,110.49518278261543,9.369547251121926,140.8862582247276,52.731466429322836,86.55641762253755,91.41087440108483,99.05420940110207,216.32050531264088,9.062027061991769,224.14695181598634,2.2574752394355775,71.6433948406617,30.84713399913252,30.744226223409722,48.52388751525885,57.33386472052528,207.6973404419943,249.474663353931,314.1020016396096,356.666591283154,188.89247345267276,38.59247688120765,12.159494688034407,300.87183800253337,63.12432289563908,293.68073427021926,0.3886247009371265,119.38913140378769,10.775373411317698,18.701206168177904,52.04350930913368,10.386059358076212,WebAttack
1882.2283175082596,138.60412819345822,217.08356057806904,129.1192280054406,20.12465208382766,5.899342569258182,526.5693004920793,6207.139072864098,11.574177466818492,2035.2412566900189,7817.362960021126,2883.9622557626953,162.23279028258474,22.110420403902694,1472.3763515772432,65.7614558648586,333.6192229252623,66.87292576682616,4289.341127594817,62.2367943815035,878.4338117661276,59.55160984315636,35937.32420915355,4542.293074664748,8519.234084254125,76.80548151653612,18990.93744629299,979.843416140381,2361.7947804906435,3532.095475063615,27.793563595591902,49.57565703906972,177.32874814342284,7495.691403728519,68.00948194333398,DDoS
181.98851764564952,142.42499402341005,526.0979428569494,174.86022639138255,658.7846333874688,401.44611754819897,111.2938961388872,108.76535974873866,282.4933119306575,342.30721032875226,155.62381550133733,2.7820866064014895,224.56446638978426,346.05745172376714,31.085650604450183,320.53365042768525,90.98560903042907,74.2345896345922,160.90919524279926,285.2542152201151,99.8214937889197,113.20261835781116,182.2866612819435,640.9381584252768,69.20533649223955,43.21929621462795,178.04567152660547,118.08284576122854,89.19453084433428,284.0694199139645,191.5840476801308,37.26254654149508,750.6571546138289,303.56016858690754,25.222626714049973,Bruteforce
4979.382666105558,6.426942178986499,9319.745042432402,71.39819146347746,14.919059374291486,88.31574900358115,2463.0624637628493,4017.070417103516,217.5156618224903,8803.051663074144,8510.303083390903,9635.235163639367,2272.2573367559653,399.03583880085705,2765.985628840757,495.75217661055245,44.0147120368762,23.569376012622623,3629.377313851923,0.14168141096879383,4308.461865202591,191.59715017004365,239.90361786645622,9338.296202518022,4219.941762913477,46.2393038318354,13342.857645579055,139.19460853321613,4841.55093593262,3174.5533893586207,99.58114491286658,207.24198509657703,130.870596523703,1148.729572539962,23.787629056902286,DoS
3862.156671821695,15.25688751730889,3181.0351835418137,36.15351663973927,60.21290997119328,131.8130039895967,7991.221472668142,552.2114737954605,199.66611439415857,581.4891276258788,4857.052782014729,8343.796877841414,4228.422351932181,189.48987268934204,1699.992772217527,185.95926806984474,61.019994818692695,94.01418104560783,9240.470880809084,36.670946416727816,6493.388106789586,29.58762876072079,4185.051978446056,2447.5820575580624,1847.0669360064308,261.69894457322897,2548.1111965795412,1731.5713297486036,564.2809183642584,10527.660942899252,107.5265946602747,106.81974938451762,4.447994302649398,594.1544197996207,191.87680589898753,DoS
18.60350940111288,114.24078211889554,141.74534661483918,95.0886444852336,118.73516130319895,101.8852425371325,109.19559509921228,225.46826014947735,282.3469049743452,66.23573405622959,9.074493750219544,140.3734305097929,84.61935860813983,244.0466587112093,104.44733859758098,14.026962492330494,104.92073828040776,57.244470943731784,11.513613942953059,27.385011012661455,347.60395931951956,40.292725961688866,25.809087289367337,44.41059758014889,206.73543748199154,108.88361765727501,19.77050893960188,0.8129422833034009,43.80235155679937,15.062695079852467,206.74620819983383,10.658819619678695,68.42425902103935,101.75274673718269,287.00053938568243,Bot
2172.497499579192,57.031783455857706,1601.7551528413542,68.96107268028469,108.27799826315405,52.596214341781575,8131.033952122103,1805.6981468693923,4.595018393869893,12946.095087809608,8468.879297066776,4309.307639250582,1008.0557982459896,23.453311636253318,6563.420748016213,419.2337778912796,119.3056098111877,154.5167855200705,1417.3366650861121,133.5243864918517,2219.2786615979126,198.2239580553959,5380.641146956047,2359.586064354464,4887.963302220509,37.25493190389459,768.0475204538805,9868.172832140177,4926.594757416517,1423.6438508235,18.354943823896793,79.80065377918186,5.445235159434496,1113.7769844900436,42.33095655491142,DDoS
211.42955445320925,54.53443688232169,80.18448465141019,137.21042561939663,239.92588935231078,62.718280134588845,38.74157804353708,41.73032322800127,103.72551411097328,167.4970850424522,275.323303500152,141.00298939426432,68.69914199471717,137.75235587457774,96.86133015926993,12.034270131979506,392.62067109473037,30.584229610081003,48.31797898957114,66.52493919354,127.05954057062559,20.58710411709318,16.796736528373653,47.045321524932156,187.49291678376943,14.058849663473286,44.84166474887263,21.800797733690196,81.73660627722626,247.4555468724126,49.09748141300108,55.04582555887516,47.68261249300021,35.90798286555458,104.11378595490271,Infiltration
3211.914802323931,26.578950717214315,101.3816870765894,56.72726547702257,73.03697721253968,13.165031284647977,8083.957839129761,1925.0609518174208,72.24350395728094,8987.745409570307,3130.049466734009,6307.619301235429,8687.252152124605,76.62871810555431,1394.3158386003172,2.395459275519928,79.72180679536446,141.15558198605999,6779.271026031371,341.76675548159085,6075.979834610948,82.88012570817898,284.55315656655335,6775.364227271126,7663.75356358494,56.825737351557216,772.0185321755512,5676.017846044442,5803.893637300236,3493.118808999857,45.90687873087417,37.28433443308127,18.479523534967335,3997.6659254355973,3.833675824974957,DDoS
215.50058816726164,68.5946549596739,11.850336902967697,98.35364304738697,27.533161989021636,241.0007023051127,46.53893041446648,1.675486225846676,216.2658203958461,51.91500283501911,69.81850780084756,17.002717497027014,143.3089636395739,6.097983055304498,128.20017731823117,92.45819493584031,5.812203095109444,165.87303609186986,142.3961642332139,66.51767316341792,112.93710574296014,34.987154173561414,229.61526534856088,164.78097464377493,11.025412993089788,10.498848836397892,156.0581541282861,287.8194537359341,39.161840484825504,150.2935505418278,16.736032326077773,63.65558546105174,95.40833378169796,81.1236698754711,44.19524577493218,WebAttack
0.20755515349490272,3.014617540659584,6.763893883851917,1.7477788614024037,3.322770165198751,0.3144160122980366,1.1242249713100771,2.259252279613866,1.26176894408496,4.720599426608848,1.2694747576923826,3.0518203274449873,7.235683146945461,6.538527394976348,3.829990823081414,9.310880573252051,7.8722254898111945,6.071765576567863,4.367787020933898,0.6003617908569581,4.128527323264794,5.452662504366936,9.910175143294474,9.516063069240625,1.1221157996998654,9.792661415838639,7.546176298564561,6.819356566773892,9.035609664286016,3.2505547746244448,3.993028234965632,8.709469515282928,1.039913007299147,7.091598472198466,8.09822190492638,PortScan
34.14654183727239,94.30622291499276,132.6484536790783,30.297372781040337,3.2828314215853083,152.53125015515565,82.24770132868446,74.42414852901426,390.62669551204624,295.3945688768715,26.66313676149064,250.35950067756906,130.66949353231718,28.174888133017244,55.182497773217264,223.0724777764785,144.6228048243598,15.589116117289143,404.8321206721381,46.8778592339425,53.773546783598725,124.12815480494181,172.19731181653387,9.14400572344001,40.60353181155861,352.96875487621594,413.74552848483665,68.19987341438579,40.69749490808711,23.01263389165891,149.52955802224275,44.73185509547902,184.8509314777795,0.6244741624228427,162.67516787700833,WebAttack
13.87243570755988,174.83656665880676,254.54621631025796,7.159210915096516,38.20102994750687,141.11069588470068,30.312717197755767,33.70631133394911,150.384153677123,146.36733707900785,11.325640760639862,48.34610938107232,50.39278464776745,14.739979914921772,32.23823971283559,3.2794392237647787,33.139126995127974,58.82323230818594,40.42212480795556,151.9153956476258,155.0809276823182,82.740875609274,36.3457232530444,4.25760178169631,14.450914781792667,147.9232199953437,7.9004065403160695,4.192620252828026,49.81726349102588,185.00956041747102,113.2571764129779,173.329173391068,43.64544850032628,64.87477916317077,53.281318705581995,Bot
2837.1954892043454,218.23358982031476,2701.223890760541,69.21423053963161,33.75535966934393,165.60904947024602,8133.624682514422,4622.424442402511,12.528506759503898,1486.9005456162188,673.5646254806225,9858.224907456322,5520.902664879226,119.56657525176404,21077.493244231286,105.04336689563227,3.7546596725314094,81.72453771286298,4811.1312612699085,166.0678564690369,6489.50718628236,26.428103609374716,2366.392232324269,572.2262994067274,503.8792046279438,75.34700111165787,2654.870164952565,883.8583363760908,2166.6268294734978,3946.3562079237795,34.892479730119355,107.29533254200871,232.31571189171157,18499.73321110525,10.374195974592935,DoS
77.3895114537233,1.8852872893239823,9.49714291203723,2.40883972515975,220.7435769408216,50.55784410214089,18.09202889091137,73.434619794529,74.48861741384091,22.78925625797531,57.784316203491024,154.1882300867221,85.64499226698517,167.7192080152019,80.28721275430279,27.849893002846848,101.49446789714942,183.2410141627862,15.695476891255874,42.89014412884761,101.20838973538486,108.0220518407016,97.51893633918317,28.30574928569304,500.54898037580006,88.41312056056253,305.6758060303677,81.35393340079612,4.207898350080943,146.77457111693616,44.10823568448733,215.01928804682154,49.477901875923514,37.45202508818317,11.94284430246758,Infiltration
276.64252453662056,298.9738257988984,21.643488074308358,9.701569701586427,294.7777943763412,242.43324043719366,414.84377282985776,142.77509940301152,10.64085438612493,94.6836273407895,75.29067898660004,174.90763009246285,21.55465348706431,19.03217470684048,85.00236175702385,13.104078779180789,14.275767089630046,231.48736207027775,273.4043185508959,206.59254867160737,130.90143343683437,39.33428096112614,40.32558585333503,187.26447841874588,350.0729887639664,0.5002047323879265,483.72523469974266,21.236933681464215,176.474356414799,24.100432664019003,45.30717709182667,103.13549093645815,27.828164654729925,243.24899444205244,15.432006373855414,Bot
151.444303601965,100.26822732478544,6.039918559122616,204.4977699901964,87.8111198493217,590.0255439750591,64.17826915906771,279.15616991479067,152.7597633218592,439.94784879844434,48.60470832195177,22.0189074432047,32.197268186518656,19.531839269033398,208.60883331100973,74.34181151129121,337.482741128235,150.03850946382795,540.1908053326629,83.00140205743145,50.040321461973114,243.7314737841666,0.04346031496643834,687.8652577372287,3.272782938335478,169.31356546525492,206.9517600817518,344.2223128545618,71.23838407116828,122.95675370120249,55.08288763596808,24.7927964534609,279.5990130752385,224.8665073483191,505.27497412248437,Bruteforce
80.13679683511037,46.429359112168896,10.149369052230936,313.4334885477151,43.59929007452611,4.067988824495878,17.99914518791213,106.87218220266304,120.2804336472476,13.103598235340577,127.68928225311329,31.119135154907767,37.975663115284476,316.86201586883374,110.2877626556809,469.0787092406854,75.53869775664754,257.02138749914036,45.50763223512519,55.61690303318567,23.14702955229872,169.10165512469143,79.30015153231814,332.10052638608636,49.237364117833344,31.592001582483014,53.245189630633085,152.70844020120606,205.41139765270978,62.64477619850407,91.98382180677352,6.964799095171738,44.90885767252021,25.498880152632896,344.3491742787841,WebAttack
80.90493991521322,205.66943771045243,17.345352884348003,6.339347520030622,797.8725810027855,11.2902953040905,184.59934444587722,379.92060312183605,98.21704765653466,2.995591316171231,230.90885156675628,25.8060490931086,34.12516404335411,145.80057458181943,147.51180827909255,631.8333029555794,12.743717210612465,100.8923465609294,554.2706340241193,21.736499672354565,330.9866593235851,27.612929365875683,123.91293653947982,215.31008176771982,53.422045323113124,46.87493303711206,147.37095823004282,68.12334731075977,343.86844496388267,223.88502372361233,3.286355386071434,56.443714379590745,87.20228173548368,45.52335874588454,358.3362848786077,Bruteforce
326.1073152918411,53.57391116714657,105.15804862594602,249.73083506616595,82.2161370710895,316.5643781201695,13.343244112260713,56.41138469433471,4.839264824620193,261.30726614544045,103.35658591733076,174.19974340687313,17.86746493825523,168.89042118004102,63.2391239575734,210.88048483664448,69.5338356761984,95.86301380792334,103.03221278072947,1117.189606963007,394.85945127046585,3.713243496098826,81.73700507363573,434.18613369802284,171.95877978128468,256.20836612070195,49.22175242315343,18.545125277476448,58.523006694278955,635.0217881479712,163.9983339733901,108.06051193355285,199.04237978647936,226.33788385284467,227.56198648569367,Bruteforce
7.486168748873475,485.59929234641504,98.29161918936228,11.303427055702315,14.083926263648427,131.56346634103573,837.1243539011614,66.88282732678624,22.201240489163524,452.4649764329954,101.02286825186442,29.258152759227833,75.89845993353842,70.98372625858111,123.85344271379633,94.63715413182516,273.1411696448315,163.57543264793662,44.35905330294018,254.89941110549816,32.28746895497931,52.029427732017865,4.977961464678428,133.09143248466373,87.2246138178167,135.30017082499538,333.6066829856962,49.83816545132025,141.86278676721042,107.95526527414087,223.979360788339,291.65906665259433,215.37920333310035,65.9563382527345,22.098301809395874,Bot
165.79667812348714,92.3267845249423,143.7199890788888,4.212384911132431,84.03004246574898,25.683019262565175,75.09024596415796,82.40626698040671,41.903511139502186,130.04760918275414,188.30821290576475,10.014542385895679,2.2406712445549903,208.5809638410871,77.70604572280222,71.39250442733825,355.3475012425276,35.34526764459885,67.15459823156458,117.58969286887744,30.096115485707468,65.1047393857425,137.79303110484375,73.06818656565032,116.17182126546479,170.84602043096396,10.60597400346516,267.6394332932105,164.3092988024592,11.589636379231857,70.1471807686936,15.189121933571778,208.02515254340145,99.0746847505221,13.903478608483216,WebAttack
1194.5606716230427,123.43973706545826,12250.026587368606,7.148754911331499,42.29852952109022,5.672513053145925,8337.257368652208,5837.622142250326,21.498398009294924,4052.981062259257,2181.838454562934,1345.8718112124056,4979.435945357367,24.842540650954938,2186.0247772546913,23.18927789512022,93.52761518199235,27.010009807327624,1948.8886497494868,64.04765038061801,1549.055198749143,45.00412943580436,18731.471555822638,2735.713584479245,1965.8776106386965,80.50788293187414,6871.151966644319,4648.243842164761,9636.592569359598,6106.618993931009,28.982971177095994,37.74437471319786,10.76434180597046,6766.573503911048,5.661705681538937,DDoS
46.856891575242045,33.83859526487627,2.1833729585404287,165.04872222782592,77.7036233520886,48.4581975534556,110.23765807319035,17.68824389814657,209.84268553029443,83.8166171938168,201.00191893914482,2.450454973728629,18.743470188592365,11.243440345237849,26.15158928687633,123.40423133830298,12.404521142312678,308.76199647249496,96.96360501310969,154.35511418833596,313.73805851644534,43.30120966494755,121.94130429609235,7.913639224301797,5.569308336980799,66.84624167933951,105.02926459417475,123.87028357054804,198.52729083845324,167.76665217619993,87.75390699819955,64.3066298074794,48.79809951338696,0.6098960570052577,114.79111146716299,Bot
18.963420625308444,4.218365806826897,11.047186961179825,133.5684776831721,12.136895875100153,1.6466171536490346,11.508042793523583,13.568497264695868,51.66051272408172,25.64948872656993,136.40927203921518,111.51942289800054,29.612037213383136,87.50788663002675,100.92733968720925,33.94211272145197,2.8354382746463096,29.63397060728997,1.8706292423003292,163.3327596263107,29.826482302515807,49.000157587566164,94.64634981228484,71.28343135140648,0.33967795568791614,42.73119799354817,24.48865862163705,185.86043057172506,72.13629927791912,2.153054875429449,37.248278403826355,21.97063199544706,44.81557665347182,5.442823910505168,24.655786196300046,Normal
103.7949881382485,191.05117115015915,1289.09720425816,85.02207330233644,188.4769725554892,549.5404242169376,139.05376490192364,127.60979900169825,81.79682945438506,182.44361798323504,52.574701948878996,126.00237437105955,91.43084112277123,305.7874652814445,143.54103608564262,63.17738557513947,186.97366560984284,125.69862967470252,77.37644548061215,21.595168092571278,206.66138722511045,439.555495949911,33.45119981581386,89.19898070052078,184.62842468250724,29.96833541228841,20.038765590199876,6.847719801565921,2.982520746272032,13.851216624303817,63.74092223091745,265.79606895548045,270.1338789618395,132.4501749131898,319.4799550972566,Bruteforce
136.27521484290287,23.05828160438378,130.6972082598626,76.09091491615739,109.75967970874989,103.54655793580201,167.7000958406692,151.23695119880992,71.15437420126263,75.11993319312303,92.53047025512929,76.79308786027912,85.5242051811199,3.220314065010095,15.938477992727881,52.30830806598122,110.69986743826097,7.465311370640092,92.76937540752525,1.3302750566966215,66.3226083687299,106.04801581769303,21.493977701177847,6.224980920553783,119.43242266739544,207.76602800408193,3.05954427680627,19.993792919688943,36.45710646223013,191.2496526433714,15.658857649906697,114.87180300499216,23.85592909409434,153.19726740058212,222.25767462473974,WebAttack
39.785917974226074,116.66191088663176,40.62426120825868,95.81683314198997,64.01115222707529,60.02810550498718,287.325589005893,214.4853703503543,95.3948051495801,119.29052278988188,14.797011828346168,46.35036252834786,130.26945329151135,102.30112053546674,23.67152775389045,310.5843486156627,3.8379567235808305,111.33637835813221,9.642762351956186,245.72988384743968,8.657917667941769,155.1659864300225,18.107526003791552,454.0530969020728,57.8086279466838,117.42867978840941,97.93892003039166,66.98924827212848,144.20299110524232,74.00127454521052,274.0602707773658,6.104591366930608,535.8865474175313,82.78405508420566,29.48392790153039,Bot
9804.101663367375,51.365471651884,8259.034765215029,316.45741869704244,3.4390145705576423,91.9615780720631,7367.20618081159,942.0501172855425,108.58961979682798,1872.606942718111,5185.410650195893,1291.249116962471,11835.729762108314,287.99736800906214,633.5445933636231,222.78880737763788,70.57598799510262,16.688739954357928,1299.4628676869202,238.31266064784614,5170.004555747184,10.502315985080472,4039.4407024695515,7002.753969938026,3336.9658969590764,33.46030759815017,12556.442019813463,19882.591455079037,3447.539594375833,3966.163258895735,24.48324396237778,146.21125504262932,91.49101760656313,688.9708775360201,82.25883639809103,DDoS
36.75187332755751,14.622834225240522,7.493962840404119,30.116800071356504,71.21571957452973,11.772602519891041,18.35648996802432,12.135437477252445,54.04914263781112,26.087545740268652,15.680342029183244,294.7168775975548,78.69373446021987,21.737650687367697,78.50021441905646,193.8094330015516,3.4455864693351677,32.019145458879265,19.396811440565305,56.841442714508396,132.80513751268913,55.49957298642274,79.66856456298468,53.495310108797455,74.88170311675205,49.00661090465917,7.371276992876876,44.20039038639236,0.9047099475245765,1.2275229203627027,92.66443315481375,0.5767089134705213,10.912342976124515,1.8297339917444082,68.66528431356026,Normal
175.23828243275236,10.185080090896433,2652.632704025527,23.38184668353355,29.444307496926424,57.61149080803383,17854.470783214263,6343.656157371726,0.5125680731133134,2529.8712588414287,4576.046729671946,1673.4389103044412,14498.670122639116,119.3360223379788,920.9662070545869,3.9906481743772835,46.149841185503455,166.85276776323096,4606.1800157582575,14.21649103062779,14355.884082530536,6.840899213868331,3915.086883174929,4477.499526906649,14649.291708119797,31.209914902134557,5085.304307629298,1811.3677024624535,4196.088832454596,234.4518176827584,104.62497556194401,4.259759896809327,54.617454169366134,1031.6031565713706,179.93465656965228,DDoS
2.4951153933732817,4.496000766882757,6.858977223863066,4.1135886482315716,6.849545724663589,7.387255658551947,7.537119144787656,5.691779270650833,1.8438797972503207,7.005596936531125,8.192810588683626,0.9428883842967029,8.959659733259635,9.413006918195755,6.682359397910362,1.110648837095134,6.53690795411102,3.560684086417323,3.03645567446446,0.36764010481514453,7.248340866032845,5.666799315569369,4.50793097767491,3.8868840931760573,4.118522225909932,4.530946549508384,4.77488613001066,0.9768060121670552,3.803210051412208,0.6403668911253979,7.759308992711487,5.222394460744498,7.995151866005379,4.293200014140588,1.5309837404971893,PortScan
197.62473421190512,276.0574557612354,1934.8263033403457,6.025519823865706,292.28197320759875,26.116706008369817,4109.4836253654385,5699.291379917531,33.90203974085471,9123.965827348607,5253.624117253579,4954.66653843212,4822.36668092332,78.37268910990358,7607.590801613151,19.850513144820113,60.21988064045713,55.16334663666063,3112.7546871135723,135.37500106761485,5367.290415298182,67.89879262974073,4141.657855613795,7217.922709037909,12283.873448085476,28.82653753178397,8368.144192999907,2296.5036403719478,9894.670519497395,5144.55299617465,29.723699773800615,110.89909227432591,52.29026415483542,1841.7524229155545,95.25304066929573,DoS
11.407652730217936,101.67600805012569,91.17739634385718,304.1960771607034,100.05276923044333,46.15025335830028,172.28654730181012,54.33471619199655,53.83465862855543,74.2698074598063,7.0781526244413415,78.09663450949617,146.88703562725763,49.21287737781622,38.24887446473791,7.962087428241642,32.13120591482896,10.785993854101957,70.56283420454986,206.47075838899994,21.58137504714029,88.38706079928053,15.567488429423848,18.467845339611205,324.72629589687926,52.73987080479876,126.8410827330891,188.88842257316668,43.59078659770163,137.10954051529157,69.89541806235154,1.128935715819619,46.990303661164916,146.00554990086158,99.43337716488078,WebAttack
57.852217983388364,0.45113361773117316,45.51562835376332,5.016756204303875,108.14372875689071,197.60614637829153,83.26741262375964,25.542390205658737,257.0937993134178,106.29553831063126,7.65128567639666,21.146295755074256,126.72136558772526,21.837279964978016,68.50459321210111,46.105796865449214,33.64206059064223,12.287267662987787,116.35624485260487,94.95687006964985,202.4624121722378,26.998212884725664,4.563574806316881,228.27502622784283,91.41790100320588,0.3967721364646993,440.842926771685,208.7924487499104,42.33710667575052,90.35484902530384,31.467234407314354,26.905082726435168,53.44505667066699,33.9642249607868,37.57638958588051,Bot
17002.541235808498,26.767590616418207,252.06137468371313,95.42941085232238,24.574675951115783,149.45771702872995,7894.438300530923,7196.999907913712,28.2371238200411,9921.007556085246,10823.469990547703,13731.289307149065,6756.150837867522,155.48081365914385,212.09591224081083,327.82449132556377,54.86307000488853,120.99369814797231,3255.6033345690184,43.79901776388072,15793.414696608621,48.507033271344305,1628.945208644008,3669.5511743703705,444.5090235826396,7.651113596474972,3674.577434081497,4680.517615532576,9420.531303175312,3130.184840033244,83.77281432416643,219.58354292559164,229.35726117094296,1230.4042137847798,85.89899403564843,DoS
130.26206349717958,336.97465847719286,21.983876752303804,38.85865001129037,29.539528824356648,211.4307293883789,5.319427152026369,240.554027038792,79.78472573380574,209.21431264832967,55.761380202815836,93.07221505601089,29.892338610424744,66.18741431551442,129.0579703656165,142.06725271829436,48.42469571556326,93.63140252073713,15.37425655902409,564.2537143104488,54.41475774084721,144.8749388980984,19.87848775040535,9.658287542267463,8.970297058674584,101.01147738590994,34.936294711548584,39.71092137010459,41.215600185065675,172.21513330593706,4.56047703148316,25.10175092518418,51.84228144176268,234.91595282294102,38.817260790214725,WebAttack
14202.498519166118,474.8365315005497,3919.0120567626864,64.96201079385109,157.14681552838968,142.60662391593138,1783.1026157260408,3590.051310682686,46.510823870933585,7118.971030302866,1952.0305336946276,18843.55804032424,18522.79014145907,8.91634303553249,633.0642364339647,132.54099020705138,14.095308022684613,217.89144521327154,3972.099496364506,42.507680090762214,906.482739498079,60.25498822633693,4229.445414757139,4172.598141726942,7335.453223579936,15.924637628815821,4230.3102499072365,660.7670410796097,1956.9866528687035,1774.229131606391,24.40665344962435,16.836527176832693,1.0325954209278783,9417.044591582282,66.01425341800152,DoS
244.42897462473647,639.4462167057994,21.842301145763017,39.169802824796314,93.48613757129051,44.16853365847567,104.6458473076711,17.52865907481864,303.52978217391177,241.35680128877019,128.33658195117098,569.5004948473775,1042.1685027961848,107.64443452784438,555.8633290570792,116.4059909099731,337.9686916347487,357.2440871618559,87.65886304283708,218.0272248322891,97.76335614015669,292.4325907095609,105.63380071140914,32.3628452795154,359.5503537245821,293.8329639890023,345.3165431109181,261.7990704004043,347.4153337211059,48.57941128853835,304.9427617751094,52.55444246973116,200.28096007233574,208.5802156485108,85.6371245864067,Bruteforce
213.62226139611556,4.455900863637831,86.37888716345893,138.7604386873926,19.302035152803764,107.13551616665565,98.13020125763887,277.052783779379,120.88610185105937,132.7596287993678,7.690257363393593,26.168635672629314,71.38315786369955,98.40520468158776,36.50670806696498,113.6836402841779,65.25587141624865,166.24258408676118,121.27400348072963,120.62927542693436,78.93390306538309,411.5202888873682,51.98812896042112,53.19387804426216,82.06420265403389,75.8247145546697,11.417055393152738,54.70657979348065,63.29810143254638,263.58979020271477,1.0527489875104623,110.84403253866908,164.8684673419847,76.38615638808967,146.13193032017557,WebAttack
74.05897403542603,94.88272264060595,87.70671894608219,276.56841239447937,61.382464467722706,44.41189103902696,189.0083053615304,20.03717363724859,252.56582771682793,50.51310968584861,41.36391573406195,127.42508580439507,58.19632010848926,1.1810615647718983,152.86798304242987,43.917540271435534,65.7692785902624,78.06698650034751,14.189748633069321,30.45650387609431,282.1227691728677,98.51374941401099,80.89376340688914,46.121103033127795,92.45357271421273,23.867926780896855,37.74607579577809,272.76298050637155,15.495854989471985,21.16468038613141,12.38218188855446,10.732411762006043,8.3426823565506,56.56767547387255,37.825305610475844,WebAttack
2431.077612343426,237.71373543770574,976.0289647515891,21.55288059864638,44.545018662129706,107.29784298542067,93.53422124487378,918.0414552228189,166.65948757895748,4260.663845120688,1054.3682673249682,6274.43419000259,609.0248277856655,115.97366873602581,2230.8999105865546,246.2420700074856,28.897140356234637,46.77606822220214,2451.3600491747475,11.07081397676045,1091.0269010797765,51.30511007742547,1155.87620729928,1995.3712817713672,12723.94045002316,67.30649898106788,2363.243308848424,2693.9152975083953,166.05420217530227,5325.42577942687,21.158828888914716,401.0776150173081,2.772044260374154,7660.478746295911,257.2999789030731,DoS
166.24256006302613,46.757621124347644,13.932611283325366,380.78474335693267,71.90012954076985,24.15308888245367,69.90717431260018,76.28466614441754,170.26131446219634,12.44077837840094,42.207692719720825,23.946550682652827,100.57634651209997,42.76988401667822,71.08227318955939,47.83585284855042,38.94355207901061,99.39811182307274,20.06401359833529,41.35019449071633,57.781917071349966,70.2838485327541,41.121776054606116,101.49165218212512,116.16807247707169,316.71865392172845,21.069788011372335,350.729603876757,38.32150615018165,38.069643377195334,2.4344935624665127,64.2668260020552,18.670964640889522,115.73743166038241,6.4229360801596425,WebAttack
101.046984724226,50.14629629970132,24.329251664189528,137.67652459932086,214.08836436965822,266.98869648623617,30.201064738126792,102.57996836638182,51.33034307296984,171.1928419781258,22.071446393145226,5.894648486036846,36.091409729027966,7.066036428257613,47.1103699122514,48.788000817795016,11.338919217881529,308.7230276836423,30.218033310326742,119.67678266668554,20.07205727296027,50.876695618346766,9.024371368445662,11.784197096271168,1.1151235811089237,161.53670617131965,35.525473593827655,69.26325182679285,86.89464897285845,17.981302991879268,293.314696914455,54.66443604323945,7.537522939116161,10.804393129987426,49.63333049646248,Bot
4502.953440330599,309.8647254328577,3969.3062173086587,164.61936098191424,58.73672481839105,96.73815502987337,7271.701577578176,7036.378874701841,136.02111429263198,2614.155429000145,4477.502987685877,4281.575339340065,1393.1901232124867,321.71537697271765,603.0271586955676,78.8037766614845,173.4687389604307,5.640456740452428,882.1854792948852,175.69343156335427,3442.74312814744,84.09196136174099,5733.234949552195,470.7703149125096,8247.340243482093,25.599318139371025,6185.292993737638,7062.548778939546,12012.275518950191,713.6542140761285,15.921405801480123,155.0517375690952,82.29009766588149,624.5639148196182,41.78699597751623,DoS
48.85952545702926,77.18462585927713,147.52918229159079,48.497228022318154,69.37780248311209,141.17740894445708,20.052894313666933,55.77802332207359,36.9761313580701,6.864869201579918,11.282469917243866,14.982243975034166,11.48616527376313,170.10408205556493,10.605236126381387,67.26013768350634,6.483631152890508,125.97528477452929,129.19331938888985,179.64137942918182,70.7408198545939,39.62282541261231,123.08239531324115,106.69399264988608,39.24482684379106,41.80655757673241,61.935824839460665,7.145987427247072,8.788619184951935,13.909308692099206,4.801782566696669,87.41300775811212,77.13349934806287,12.325068954777667,13.505817264736608,Normal
8622.55984842597,43.913751570713636,596.6564294037437,156.14615514272361,19.80438410551634,66.39181243225572,76.81296919050122,1290.4233141484838,171.4631410188322,2262.9040077275536,8090.3428819364135,8101.223155908831,8130.464134604507,121.98940152487638,1019.8613634607782,76.19559758507484,120.91638201484056,213.8264545145511,7466.33521725367,160.89535081375033,6906.359301277718,22.59176200536807,2165.4988285123527,3157.42228705289,3477.441315408888,65.69705581832173,1288.4010316119854,9238.945248856699,2013.0974099578125,1534.0376060395886,33.788025248872245,118.82904072616869,105.68876812871093,2763.560738921308,136.99137538921659,DDoS
1517.0663161043256,114.12392031172504,863.7540571203829,85.15069832325204,149.03305089975052,691.253685531835,3527.348479201506,16646.90103636963,197.82967611288498,6146.852335446394,2868.035455046321,9922.133075999478,12852.860143007516,49.30589258628202,4274.482435748068,102.99173998578728,309.84701969583057,69.56818039487335,5444.633972163409,419.73588429715016,11543.440802918567,17.20664116263956,5347.038478717189,14720.959359790495,3398.4014905604463,116.03352068708932,14980.562293053821,4342.667145727898,8301.405274709392,625.9152136933498,104.9377210554083,24.789071748324517,124.000796999635,1821.6208155833028,23.0540643194009,DDoS
60.08571735824945,4.4062094904207525,53.23924394545898,202.06597061556158,324.982505923348,86.1280269857176,108.861599542799,114.5557858979212,35.726931667625635,92.52849788310763,11.123374813380517,9.10719155191539,305.6804486084842,175.44989079306714,31.872441049872265,8.837316473634791,14.580506504687248,96.8267643905918,81.73990982428747,241.03850015757922,8.13225267041741,18.69568856471818,204.8081326652862,85.19863729032171,2.298130130901904,28.7387538598535,55.97862215819398,10.100467909996842,21.56960115248266,265.7610707494922,53.70980451859857,97.84198250518284,96.66711779424915,31.42923956056488,132.98322056286437,Infiltration
117.49521759710677,49.368137395400844,7.834431152606501,44.22605530630243,15.324507180096559,148.0162088556983,4.824698695228183,250.57483998090393,3.8776432524287308,70.40422958438933,29.13391144600742,70.51014671147085,8.041400808815482,82.98043756662913,14.66061708069684,27.273972514326932,65.29550775921831,56.21101910219096,36.060145407890566,5.213372138841927,38.753389750353236,95.1753783727691,11.573952749185517,20.57908046235739,46.90782558655731,0.18013462587337967,56.89406583794775,120.53917556663667,6.4511277040787585,18.10599206072577,0.0528964688711088,0.528451909926327,8.106668534400214,13.372780669037333,22.998236518506616,Normal
128.5634363765209,31.66585934596765,339.5207197583034,17.61743726720737,750.7431307488391,155.76803078935168,287.4944364683127,232.06912661716567,140.60062615648752,122.86701114864644,169.88968311390667,61.0096417061972,219.55580503991365,39.7949238484793,45.85479250599405,214.0369963436935,402.8131654215629,354.45635327532074,28.988947236197284,80.04644051677349,664.9767988852611,278.98135046702794,411.4377088430926,161.27088537706558,501.77997179931975,34.53344583230674,94.35840478979313,372.21357209470693,81.5284982324705,132.60163333617461,83.98452921236019,61.905111261148306,379.4188780640468,115.10125951836723,176.74029741376347,Bruteforce
8.629696229142612,2.784998757875123,13.039163726021169,0.4395618734232335,78.67254043185058,10.17508152454204,0.13540092881640234,108.14207791417026,9.766485191922069,7.519146418480735,61.49780039530333,7.657157710756299,31.411037846095187,55.792316974470765,21.869404227062354,12.524317950473815,64.57694602152,30.454181674502816,120.10377623868278,7.413814977463138,33.25764007264439,39.85375815455428,65.8368213018856,3.417392166465648,36.86059537294486,40.87717301058051,6.963079098608437,0.65440537057965,2.9810183503297574,14.94955859273336,151.73541134397985,7.947505954419253,205.5566619699084,137.49728645763352,75.89946757747377,Normal
32.00970503827006,2.9555619518799956,6.346357004945763,103.90725579103695,98.77167384913795,62.750104837944335,2.8519845115547433,91.28246627457102,64.91810908900739,38.59886799700757,93.75858675042281,12.164551579224291,88.29528963317773,28.98119241469368,6.09231758135346,115.70035709386879,40.174421261039036,39.70491863190931,10.017808814832353,36.98463796045852,24.887365618872078,50.3493632566702,133.1056699320208,26.87765121811906,54.59643938907024,88.06378979259114,12.399793405256462,10.040272962008803,118.16614553135348,346.8653971602225,104.34930789121073,59.920529012986826,0.30351107347590517,23.766967376828337,6.992984891880556,Normal
77.25670788689531,25.485966370939174,8.50651882579846,13.556026414404625,59.08085573616272,85.00376050062796,113.5166144686714,28.746811065877587,80.6114711861162,169.10528917124984,16.864948039938312,6.186000248932242,77.40206579700252,62.96024389283588,20.664379999129782,56.94982220890942,321.01617334079936,8.602309943173674,23.140364962007872,83.68412771159066,556.6917098294648,15.276888666481947,39.1023814153555,189.70324971974105,34.70078543115556,9.521860278958146,173.01313313049008,37.276907165594544,1.3442371703109557,105.13641284749345,74.92107006168222,2.9194115696768352,109.74281241071138,180.16427463583065,188.13896465778953,WebAttack
0.8223344225894569,9.029480546018064,2.228292776816679,9.23318028251675,6.306798176588683,4.119202455925465,4.364511234943712,5.627886450437494,8.438728661336246,8.369225170336822,4.14903056904124,8.490272393880993,4.719541053644446,4.175509276826447,2.432534300651661,8.27930017014388,6.200635377891292,4.31117806648916,6.623766534785473,8.610119888920778,1.978238356196943,3.924420690003169,3.803003925486613,0.7602185984940879,3.3406825457697833,7.6179300421266225,2.5334014009459294,8.109150382401175,9.55253564405487,2.2397045798853776,4.096662945280494,1.3133403825134249,6.9214408211247145,4.821999802956415,5.88711275601967,PortScan
1715.6518207718955,13.915431468021872,1356.7638941404484,161.28068929608403,39.13827247149684,60.67431818513951,1771.3750755947317,6209.901412360734,118.15884419284744,809.017462401787,1592.3101735083287,84.46316932633094,4840.529952221567,195.3812332817268,8376.157136665244,96.62618519814743,89.77676568876075,408.836410592674,429.73001611162,30.390478377050766,7929.042029861043,141.73697987948157,3921.520472894902,2119.758184874824,5358.274098458267,123.41190695043476,2083.534031616532,5873.390621023802,4058.76397135882,4658.031578541493,49.70051336790606,140.0121590621245,86.1215419481482,1048.7200444240098,62.55411365548923,DoS
19.69947770732418,33.790875250580704,37.015429240117896,8.356592176580428,17.04225588282105,32.835939478590134,17.707630843753588,32.11352731010319,9.434500491077719,8.395375108572956,78.17593278646243,44.46577559125239,8.878860871320496,36.70363980137043,46.824887156194436,22.234346932060024,2.6316014670829366,4.760146661568164,4.291437778533166,135.90698892917683,4.662200092814161,71.40462064427282,46.60966382520416,142.86810363013745,84.10937306872776,38.13317080894265,61.23568161559503,4.345865142088918,35.04342608930527,5.126681222018013,67.21671317123979,5.360782629912757,32.63991449214924,15.3977473967633,13.304811221892862,Normal
192.0725043216623,53.815416660087386,5.090047224034025,246.57997789346427,28.58253213291661,20.1251815584429,331.831358213746,67.12878127638614,167.22290672220424,170.04862871160321,232.58370941445006,20.09565985929262,48.02466343804729,5.552483531494618,98.00955970214476,366.55096986724925,92.89273610993712,98.23576811645913,153.41173498353936,73.74309862344755,57.71082832214765,79.60855751218601,32.03117591888712,33.43618385516447,55.12426865223999,64.19230758790574,140.93081680872416,68.94132036292679,236.6295306099799,104.18135263014119,171.70187463029828,28.198926980472837,95.82829420982543,347.751585977856,3.164888115043603,Infiltration
6.901359022785854,3.058784239274882,6.943978134841691,7.428847432309108,7.142298730480774,9.14437332941912,9.54485663355453,1.4686060563378633,3.205871213494662,7.876666966378284,7.81803147991412,0.7094304245982275,9.62037091238831,8.562045729686018,8.992041721574598,2.0438479503124807,5.009199653053141,4.4054221066646315,3.6029869615624777,2.2735514674139026,1.3960656391403548,8.705084267703846,5.30435647630857,6.0082662100706585,2.616011618276479,9.350530812584859,9.363766489348357,6.714500906046408,3.2055298314683833,2.328441707447152,5.952713227818793,8.328790927604286,9.669838002189794,0.6819040477933214,3.3419650580714535,PortScan
56.90167562995727,11.025689648802969,95.75652037916129,6.525367890546625,130.93782482907545,87.62062874404357,2.7525939884620083,68.69278186961289,11.62698574484291,427.76000215438364,125.55121624509536,115.69886012419892,46.537131820547344,72.34346466265015,233.75665710464463,4.069810301356508,181.2055208945196,9.568160102032623,150.72797105013342,49.20307989798551,1.5601625427494508,50.767922891997486,9.745272862140345,27.504375295077832,41.393347264766696,28.472101299005704,160.46423843374833,172.91362584993254,10.928443768821257,7.996028674625694,11.419186889504019,45.745069944238345,9.730625416277352,47.79707678843702,76.53207283135333,WebAttack
5775.139431894112,46.59318570656647,7257.066803647021,7.153659164674282,154.87427091845322,44.27105104311748,47.9554023254154,4041.2407585401043,101.5379265390784,3873.3423274756383,221.76905332775576,6920.270973795325,1340.1604062372194,73.29490271775569,3068.6189793564286,94.10496276721733,32.625624168350924,2.7832773408833775,1414.221170523013,18.90423557654656,6479.888217218853,135.38416097850933,1452.0012968378728,3935.017234987673,4810.112333034603,79.39955636589508,20249.97608764933,6328.019567044894,17849.55089576599,3369.763772601457,4.630602629418214,50.092652443043995,72.94449714019873,14462.02277655752,110.37053346756265,DDoS
203.74420026326445,60.14159351363851,2597.581360656058,122.34816906881443,199.02039146859053,91.49009034053698,18208.80132838484,13492.39203667348,96.43213591014828,3293.749133350633,1512.8504221553703,102.93009295363093,4164.384130398715,187.87525007780337,804.1186104136885,60.93703935361046,6.9811718437461465,182.83531145622635,6892.990358152912,7.789095763870145,21.567500828843453,22.847928592247037,11012.945195254946,14432.424660343819,2046.0520902824592,120.8222756917358,6884.9109277292755,3744.2434881577415,1613.2066565554924,934.975799270827,76.62761723989485,64.4732998164726,16.28870719253698,10715.094661978621,4.493586403854555,DoS
5.084285081477706,1.3013705359215888,4.903065910859396,1.1473084655374288,5.8312987201077195,4.273937576123172,7.8337100340781785,4.184769774626929,6.305954190574616,0.5899237004080693,7.10018461695337,9.574337821619482,4.4777873178260865,0.09849057121969151,6.036466558076576,1.451772747875063,4.67968469968395,0.3245565215705648,4.428116398441722,8.744858554695167,1.353867585374926,4.983257230217197,2.538720745845844,2.6103064389107224,6.433030860933874,7.4827721546723485,8.732853572716655,2.7824620433362446,0.7077623685520162,4.422821921947639,5.84591270821079,7.395805872893769,7.560716873516688,8.636172245285067,0.31164263459427577,PortScan
11.535974876791915,75.77624785495722,86.48478803200346,402.814111497343,569.7364674987155,31.777493955171458,137.6253218158874,262.47926858525045,83.58930857168882,151.96850007255466,52.070583706579555,290.90698469365094,284.0620851257979,112.57058954860663,86.04529985455551,61.74438184762898,14.866945700634155,162.17208415550667,415.85054520841015,25.970728302218088,105.50381684334428,426.60556936650966,336.4915451072768,259.2877948909439,3.1880216191152875,224.75953833810283,70.83568842757352,286.6075689763294,50.383223809430476,0.6454550668601438,140.3021537466766,68.13953394500679,176.05679789529196,65.26820920081762,299.19900976146334,Bruteforce
2.688945114379946,6.095385840156124,3.431577679631066,6.564037147125029,5.916265413624162,9.977665226215088,3.1095599007540886,3.498073736878471,1.987675510460507,4.639081721435215,8.37360211840828,2.10998035627001,9.614098277203464,0.1315728279463102,8.051487301469052,6.916257417973615,9.05253473998943,5.218125114796617,6.809643664063887,0.49424062033852745,3.9435519477869563,7.706995567230701,1.0898168635308025,7.823974029589774,3.082733188006329,3.52989107959269,6.473748579373649,0.7816397251941354,6.246261010526961,9.137239250720532,0.9376427778132679,2.52997295081781,0.1368148880722042,5.17989997140969,7.309601999119122,PortScan
60.75550197324723,122.07402170031905,81.70506125777526,47.28894847748788,116.12940700620543,39.19866754257464,598.6119887573346,32.79917820749023,179.12793103289573,378.0240870182332,281.3827761604266,101.37875136108383,261.330365441001,102.192096114655,81.0160984382528,68.4745908968472,33.79394516141756,150.77511398679246,188.23748971646376,120.93613929304306,53.88089119964755,49.65250244564914,2.4681641889662433,210.50492353469576,580.4264075837996,241.82552408160296,362.6946393942213,64.05574846154907,199.19644332984646,2.1572101645215875,162.59048756610574,611.4219526153585,96.6820055504688,100.60064323935836,126.39889030245119,Bruteforce
88.22894068614085,470.4082810664605,3.4408142033928795,72.35358225891936,317.7155323887442,0.870304484221815,106.48825772414376,43.237585157693495,29.05368002573937,135.60412268751108,62.60701817458615,85.09696314457507,0.0188057948990471,78.23048658369672,7.984178838946035,65.78421687190502,8.967724119396323,110.06023163828911,18.928559692505747,2.716376020222765,170.59218359186033,24.432511781639057,0.8100205556217781,119.5757266282028,74.59296764200471,94.47920735434874,205.35911621277,20.24754213557374,28.311975193469124,137.4850272803849,45.29219981368565,29.417240421678454,167.5229240980966,43.21258616441405,41.66795489962802,Bot
209.02560080848022,109.04445619733845,26.08747088002333,344.5960023709122,140.1578961543754,32.968006140938385,74.0248450604249,102.83770674318018,62.390426470839586,178.68448276012816,92.05740471980502,49.22174614191267,110.5326310649251,219.99749402976536,8.444815674472059,22.003235583761146,125.49417274719146,166.1059296697471,47.94599139676109,26.23429831285141,483.1952435040483,43.05665133713576,16.76897384893993,108.08293835799228,98.77544070403259,14.880567272876505,96.84917017247395,4.754303297623286,99.13763955457893,33.356946321371424,43.90161307163203,38.78109893120458,75.94412178430157,148.5204084902426,87.52559326100474,Bot
16722.437560018516,245.97742809123577,512.9843618606199,179.18316382143485,134.29779105096873,15.418748271870317,1012.8929470011279,2344.9327548407837,123.61198149290465,6042.556644840855,407.6634523495003,3446.8572155538845,2144.8323905683283,6.267857789330645,7497.412967321397,6.201836167993116,180.10694935751877,133.96545210744034,5367.65725108837,63.52998088946637,13738.150596197756,51.06397235474108,996.9887533872419,1464.5263820931489,67.91489956166068,211.6301281387218,3763.089984532416,18722.310427742763,5171.671637954108,7754.525548235594,98.56637483988334,199.44801190300282,28.955152291223467,813.0501157122304,8.553450860602737,DoS
44.27188856212559,327.26942901819245,103.71778347558028,117.21278171902073,331.60251415202254,98.29976295251515,36.00989135375422,0.7919559735210706,78.87704089300603,130.80693739563523,31.789801870989574,47.11744020299638,1.1021991077346,113.77758880557292,414.1943478958858,4.691328996482241,140.75084872451268,12.482310579457815,124.46130372394812,54.5642435839941,370.30642822611856,124.56526946265703,353.6102955176086,124.68711630243274,159.77038086315892,3.995564198681222,224.37880754558518,401.7713417105826,258.76335759273525,30.21996878846074,151.2150092821257,349.4739984818609,145.96637618417535,100.68770915523916,147.60717464511868,Infiltration
1493.743311546056,15.568990662034862,568.8446624318909,68.03358069947424,28.758573104165524,100.1661115523181,8063.968509358682,12108.61016958952,60.066415828733454,1565.959449273862,3946.0271153443773,3606.586843256269,13413.257607967027,159.33168540942992,1097.1238164292197,185.35179127090663,27.779495034431108,124.79784428362206,4774.8078043246705,100.18545597421449,874.2005392225161,54.58991335024959,3814.810213422294,6622.3324539164305,10391.408185118327,4.88399677295545,949.1636866796003,2528.5093081017408,877.6491751433883,7937.788935249463,217.93332967564854,178.9726397189219,19.364360555900596,4201.070657049817,97.02293035146047,DoS
78.5447759744554,22.06413605771135,26.513119695040967,156.20626497332714,236.38478035554388,35.81822475332508,50.18436765703329,0.4705638346180289,11.418116424682962,120.08145795494065,400.76852861423265,92.41010416367344,80.29452333949236,149.868972184531,34.11838335503043,79.15295205528949,49.213951383417694,48.07615506537001,20.50011585737139,58.555400892556605,71.97892775737003,192.0317047089335,304.45282011447586,9.32515390897091,12.016531878152502,177.1921333005112,82.68793226292567,141.12629610928843,10.08210676871946,16.922062015369914,81.91315921502061,56.9178994011725,60.7824216891573,226.39666267238968,136.82516507868183,Bot
41.390059059565445,50.496764181389544,11.106429734563434,236.7189922133594,127.94674363450767,12.375607741798667,13.464120048658328,102.2320429516436,22.301366661132693,5.718909443626603,72.29164956625928,64.58807998450999,29.75866962878498,199.1515273428321,16.00997672175087,62.47020096226555,96.79399496136432,21.30814500217099,9.277795349020161,104.64913019660351,100.4780624579192,15.913258886604876,68.09180423442439,0.27217765455703097,22.085465692035363,27.48428597275608,79.59051718200134,5.272923894877572,68.51301321920835,4.037381221520755,38.71248143351389,11.107539959417458,5.230665767169725,37.974283271863015,14.735576104012019,Normal
749.2676945169792,26.109637513945614,2641.1633425605896,637.2002296667224,0.3634557698009342,42.64988119402888,7917.969181859024,4642.9912153258065,61.54506348592365,764.1938023293799,343.0988751555403,11995.170979845092,6206.141692708949,17.760982584040867,2229.234466533706,173.60268683498705,101.0029806270608,133.27366585688478,4639.606411062234,69.22319614618927,340.595845166078,7.712379417561531,13373.051335830854,7900.069042426203,369.32906262900246,120.87080094156175,2329.1252178537934,816.85674768969,1582.848435174457,11477.14681027738,112.48083216437288,0.7255105676930107,128.2319466987042,18.475689399806438,221.80892978724435,DDoS
6.392642722559218,5.753568677713025,7.812391032915333,7.725784091884652,8.702560242183786,6.93195802933642,3.5587436397066163,5.246805399571225,4.906000235170839,1.0786685564271514,8.117430929517397,9.128538558292874,9.844088907381552,2.4796766019083325,0.9564019470487306,1.1104185173805814,8.04296973339073,6.317416849572367,7.561201441448971,9.051964034886817,2.2626925889403493,3.6408531347465587,7.92371096944494,2.5939189667190043,5.060408568982818,4.434506733226903,5.953051607603993,9.882028696195297,1.037150064501765,4.846423835078236,9.589868121848948,3.4787687762801323,7.405973109183801,9.292704247540591,2.4060742331264606,PortScan
11223.211342500108,21.202341731885653,11588.685154113487,115.22440086351813,67.0506487883633,3.722698456887852,5449.436028879536,5073.576247994508,7.288855318449159,14083.496742723388,2614.489170984228,68.93493079979702,3867.5976382130384,107.12135391909365,9311.456820863816,147.03999210280938,104.03295697942208,35.0916482772637,41.908232735076496,31.66830798072239,2160.728951132637,44.09469099963983,5709.005831578622,19698.913311348966,1294.6507638624466,699.4216965184905,10752.36134955282,621.3282028354475,10112.699976289696,1879.314406569981,117.11154740752521,99.97224552660361,232.33042698155705,7855.490128197383,68.61450427255164,DoS
83.73655199344888,2.8257050024162393,16.643294944124452,46.46961841928966,8.65287454787359,7.307328634475958,71.35664991825708,38.4488343858739,41.82107347202932,47.174953162279145,64.91652743640485,45.08308941901836,66.09394880313714,141.3646812532724,71.99925633233205,20.883235714305954,14.52796156333726,105.65776893882335,24.978575548065383,101.64111976040537,3.9706421105668688,53.999778079417894,25.76219929544835,12.060094091599808,52.585902883064605,8.725445805568228,25.765333514941087,21.87662425262543,120.1167404519508,64.06678044162443,110.0264047198573,69.988782261401,8.884402348901546,31.674146430835265,4.075523982234855,Normal
2173.9148391515428,136.86602676053982,5316.644296047451,205.0965036172775,70.17658495295306,28.278748327021507,1301.3473302862794,1788.18695791105,204.6943922738968,6734.320681799465,2154.100790344392,9189.700172068482,952.7742857883293,263.24926188569157,550.3747698926626,216.9656434205826,28.84729458002874,136.6782976264917,494.0061111288834,38.95256562728632,978.8974824832237,233.8219743601499,1096.2395157052783,2390.7715272671053,426.33589359551945,75.32623453955124,24385.16060926298,1886.5690768082115,22862.08043298674,4700.926553752043,41.2649416115482,128.54609887337773,4.754099961481907,7277.587719680882,79.83801521295348,DoS
293.2227229300241,32.89276506220489,184.00317094349532,267.67353075382573,91.3832291900163,6.073131373360541,222.11091085864396,410.5499567056596,54.67560176202072,47.08477653450364,19.932363350619887,158.63660588573137,93.58642294050479,13.34006693085213,28.64561008395236,36.26820299406761,0.29597371716768495,78.47882713241468,10.413305720681862,106.49508873341374,41.01163125360446,26.56451517852112,65.10233751678958,5.943596667097314,24.679593036016517,14.537527795969815,208.22905267604338,188.78293528521135,42.688069257696355,6.810082395803503,128.9689126159423,60.178854557361625,36.227921553422306,20.27702562513124,31.149900699324025,Infiltration
16247.06676963957,78.45853966111005,1632.6671908302878,33.151486340531356,78.78615706430816,108.8649798680233,1296.7450746881432,4437.964002150081,260.1884471827801,1351.0479429264747,3945.234004947798,2754.902664494868,6357.790853190025,65.38413549065713,4546.625937327226,21.651107636284426,58.683346882241395,14.330002624570193,1740.281693928307,21.508170406386647,16823.54698746577,19.592332342750783,1528.7384735278065,703.087559352676,2459.6291572754803,22.355678923179788,13047.268291704837,748.4680303315215,5356.054553090562,5829.142344095139,115.76568304941274,78.42364438326088,236.44544529300688,3979.1049040290404,71.07764810503424,DDoS
3090.603249031909,22.56153602382439,15660.805882374374,503.5415771674726,267.71710641320993,115.2006137690944,965.161158540823,16259.02622184692,26.077749239476837,6823.68000652007,2655.9010834791807,469.0647311686659,4041.295886631673,56.39322972322552,5.466845742496443,69.80518027635712,120.42773461679299,74.33754956383096,1252.7824004673837,90.333161862357,2970.4881692546496,62.18392411213617,7896.910959396084,2306.666313019663,1718.7616126935964,72.28267267834569,2689.5202077683944,342.25124671815183,2428.6320419774183,13426.55298647126,208.23796069103676,376.5008421139923,116.55408748306857,17541.418933327364,54.10462800161533,DDoS
240.42086039659947,233.61896558244536,238.4760999874255,27.97942898515832,8.643739969837702,145.26605157061508,140.99606942575736,312.42959565494976,7.92941971835091,104.65608465431644,7.043630679780821,108.90236280239596,173.13273528838081,38.68948245899113,123.15856626615727,15.37732538262267,9.157726739019154,31.517920213239286,90.1199275370158,41.29853297384894,124.73859498136241,22.35763722123204,183.79702641444624,122.70858632142591,65.57961539630006,41.70867063118167,45.331968929826566,7.707714705565475,17.963225437455378,68.53204516042503,38.868023615982125,126.42068575651064,70.84906274161253,23.792995429801636,46.10883362574712,Bot
3437.9371871415447,28.475124110907444,4856.157109229758,0.668234359681957,43.55062312381264,14.39196332346945,1480.5855608848437,13.679525843920326,46.329233973830426,6136.197943913836,2381.048162141534,744.6537163716383,7601.385862752678,105.18478261047565,5912.173642315901,5.6295332613173095,97.39904779497687,52.575016391617716,5797.254268675531,279.65609612654816,5657.62744269983,42.00587999936896,597.5183065729409,3090.9164847245534,457.56670843589797,72.57535583898444,1047.2781718238753,1025.5234684728564,892.6846382839301,8412.590492156885,155.41682500589596,73.3039332856735,77.49388625613169,18709.680130172823,192.48630865364765,DDoS
9.415818099747607,0.5163004468297163,57.00896998339767,26.142638925266787,18.914440978354495,46.474857770610726,72.41010727551905,259.7999726858822,164.41857393274688,150.81110067797184,153.0209176317599,109.87739367686251,20.33049952042004,62.175356384871606,108.04550725159676,16.483412675734932,234.32522640941258,193.4927496995851,237.4344477141543,28.377490555482737,206.00935496293437,16.30051151788062,215.3304987385652,244.26283185880652,88.93481709962646,127.03103736441423,313.8586807731706,272.5358579737556,59.978947281808246,69.27727297006723,121.02256459008241,232.67796976073697,84.39062147803877,14.390343705603675,31.48712620363578,WebAttack
4684.010258681644,207.9021226283518,5164.4921340462615,291.4941753847763,31.01774249611723,156.86180868557489,5505.118685624042,23301.163781239928,15.888830491255904,2785.2610301196983,5401.284266261417,3346.5399427930665,304.99410350583787,40.33220924359975,3351.0987808775035,37.1543340927164,80.81624226066701,108.71918138660988,3758.600762458953,50.094312315698076,3074.7931952998797,193.4342113842297,10584.727970972755,1147.0233287539127,6141.799619563887,3.3748653511103957,5550.027205095183,1664.5417424672573,2725.401239176846,68.83349838356442,33.32793822957145,56.239713038005014,4.666497796037359,3322.9912727548144,98.98933041525699,DoS
140.26896570564276,12.184540287687867,32.896695548881574,10.3047994024644,33.57088135103412,36.5095286799988,94.64865160387805,45.46390673214737,2.0034823205346712,1.6594119869010846,202.20326027147334,13.255847496845547,13.797857679131823,105.27659040098658,12.314583352836978,2.2378644855551872,74.51313293885991,105.8590092961704,8.179692444345948,22.911027754595377,52.213996916247154,18.488522971789408,64.15941163166693,27.775260817259777,14.883356070596692,44.87615689012403,301.80949819518565,44.63498634992793,61.874804924916646,3.5780075126403736,14.402367563378672,111.81074761811314,26.63890773071318,10.353972283036432,23.43772899281915,Normal
37.651533018661624,20.454891179088925,59.80727160782834,8.285648321548244,46.16041814296972,67.1483827001051,57.90193770591118,29.42271988186855,68.60123863785968,25.80022101538973,4.1704225334710525,20.700282666717882,27.38544968490248,0.7068255359091821,30.46703713763411,3.145770046452559,83.26920730884522,1.799856936477299,27.0524938509194,49.04843492057929,95.78442802940476,20.681645378235956,28.288690070601806,12.945472107947117,53.20329134454778,13.228915455715914,50.35692914036807,47.57537444757317,116.56969321201869,32.800140894885374,16.297692884487827,16.939372032871795,182.4169005139155,17.369066550352183,52.07880338341669,Normal
16.662820201870467,233.90721725585527,61.434379875462476,54.65400226423542,370.8945352398939,434.70880707381275,126.29427467090287,178.61342908042184,608.1307992881301,91.68436189678329,355.7378770629141,236.99147266815098,539.2382742992248,46.09615645529502,294.2234336104943,30.942515387791218,293.41376113091815,69.36611997382913,10.318031069727974,315.48035986462185,9.504367120005925,334.0724751239702,38.28058460108852,148.763488288712,5.884896904866013,13.961009822381312,52.706922313119875,80.20372134508243,34.498376416700935,21.38855803015725,27.415695747222607,119.37343909298701,10.662030231706844,431.48820432786226,441.81130123671835,Bruteforce
2008.2844489675774,33.830903529984056,4001.88646721978,20.623584191714155,206.1154803314761,26.313135297147568,7409.8594781839065,472.0768556976023,139.07973668990252,2752.8728413555336,1079.3885988277284,16536.103579793573,2438.9023017608874,40.40284926021276,6200.5521465801985,98.35993216009048,90.855792719729,207.6053690704831,5526.358353319711,52.44658096620055,4062.2005458123735,20.150726976153532,5948.021998271374,3373.6591789541276,2387.46770044545,137.37476206137467,15814.225963520703,5902.883839670536,1742.1112075357591,2546.9391444441108,197.48816998087446,38.81662805411002,99.93648009473426,2849.3632459578776,11.026768949119326,DoS
41.24181493347957,117.03336755582663,44.02010324436706,23.277100348734397,126.1450325972594,82.23292540768455,15.400310983540146,121.51220722875775,16.314056158107995,4.516791070606151,98.23809494009413,24.461881868477906,86.17228287084262,634.8892842695398,300.6131544219953,26.95461220194895,35.62742955899518,118.46361838828965,0.497553675257572,86.79867930546976,30.783757670194994,99.15399802048294,113.71277991468034,108.66620684887323,4.878093066386765,13.368088610685064,204.58198762647356,15.016968461362323,63.72475873558216,182.1699819268219,2.202328026106425,21.437863692727717,108.03999308763912,13.26199087891354,80.51821675130411,Bot
5.099977392795029,9.670930713904468,0.36213551459882143,0.5451025804354759,4.273624852491787,1.5784931760293985,2.1650835290690296,1.50082534193827,6.9236894644739335,4.212685075173994,8.34174733195335,2.503842881127172,6.23426400566589,2.1344182857911322,0.14484178878052645,6.889183817702281,1.4551993145066888,6.938106553068391,6.9067143272546,6.681440142349153,5.919597678065241,8.849222742930335,0.7563666157079929,9.31819002144043,0.6596935361291312,4.953233628047701,9.232329805122292,2.68929281192013,8.379045617097141,5.931891411101856,8.61185743121695,0.4856736762739444,5.559413500296731,1.8865107172885853,0.1806854566059335,PortScan
1951.533980823928,103.52382625037271,747.9479028959431,42.599926143759006,95.98852722911856,198.69738993319217,38.59199154970565,7145.3280619552515,30.75948021744514,9986.238074988809,1231.8555208019704,5495.401599055312,5857.072237659055,113.53262834172196,5324.248207190938,142.98618619982895,156.8811257734554,118.15744074915521,3962.514215823225,45.93079100533509,2823.7007492807293,6.044967669539474,1941.4530866273874,4416.168498345611,5170.121432012826,175.27122490736983,588.0558371438644,10414.073715913848,2530.8879455953797,1925.4571003897217,87.10817602485511,303.38609805270363,47.30291858963496,5062.449581744686,241.05634279933645,DoS
18.473467817274265,28.108381349095314,10.48201731353431,236.6313549438865,9.165021352630026,295.42636780565573,48.17324836693878,152.48226276695604,132.47364848383003,92.78832097498906,54.540896883571236,88.25783704484998,36.69833138999717,104.4044021330204,0.6720925121012683,6.504472759418735,10.656546609954923,17.201785468115496,26.204575493105907,171.75216767343096,356.1206367400397,19.799655705688956,6.7094417236607224,22.067919113966624,113.70013652256515,169.901489539218,50.42083097766207,46.71093566817839,86.41812771365953,120.8007392258794,76.49960157506392,2.7698819692654313,374.61030358871466,47.89818824830816,59.03201288791006,Bot
122.08326500046081,133.67391682992294,137.39028383162537,104.63799997032446,31.826609401121154,4.7428274114268225,18.46537199188842,508.23427669093985,19.02391458676363,216.04147332589955,81.29703891340286,87.65084201988851,209.31356456300682,69.3732604743564,119.58075986725079,26.70020021711732,51.26885045276961,42.02454477106069,4.372537947421957,93.96833524921291,226.7303996606355,20.487442225712133,80.45502527099734,66.70366991114737,36.37175782060769,24.046287353906443,69.01192973476508,110.70906833149294,17.81529392472757,1.672311856967535,60.74945270347853,91.60388008450388,10.937778402711002,183.0693619980784,162.33829433772,WebAttack
543.2403634252337,119.53093730864282,152.2948452305428,159.81773791261836,100.28313906860863,88.8928746176321,201.28856583785222,399.0689989993396,278.1128405614773,41.291981495632136,446.95678201421146,248.71208187288877,434.4105212914979,85.52330444673521,445.30218751029,46.13434774111324,324.3946948115198,123.21239883533521,0.9922003804336691,537.023911129191,457.2298543305573,46.94042779671201,73.90859444707615,288.454517308049,285.8114641586063,262.38559277393375,15.047062201078704,45.05450294048077,26.286767490590268,142.81615596707914,5.067281368995315,26.142867698002938,178.59605712356895,31.395995791566122,257.6615666080765,Bruteforce
0.9588529854445393,2.5763196351723847,3.315515258067554,7.076964407615751,5.968520172905838,9.468235670118219,1.4552268164116378,9.38626320287963,2.2015041888009956,3.4346700863726842,0.34579248910882265,2.965273827285604,1.9970671720532662,2.172511608673473,5.722038347324371,7.8078720193266715,7.449573120141713,8.291477780826593,7.313359663734036,9.765055894652503,0.18473382517667836,9.878960836656095,4.098286456048075,4.778041576399699,5.773500257328434,0.0852327017583876,1.817099831463257,4.459705888790223,7.695173257391974,8.700880905675215,1.4773358024972616,2.629865572749579,6.073703862539567,3.6098305168378153,2.9791312391588476,PortScan
5.834959317524904,4.884607856374945,0.42486710556746576,9.890946934323674,3.2716725068930175,3.9927963725822635,5.135610272695041,8.80369947672179,7.991195964579685,2.0555014616259726,7.164463082037104,8.745647113776261,7.142639160704183,1.3918432361060395,5.388985026149104,8.385579349920798,1.95617082024379,5.3853729418539515,6.6955048846020295,6.3536998120744395,1.06604038583617,2.7745582063501564,5.521328600067168,2.0876320275635782,3.3371205006083624,4.15076344901062,0.13624001302289468,5.1042294764764495,9.94756563178566,4.082678414954001,2.7429839163034253,2.5299538669242985,5.151744312631681,4.560104381839808,8.619851510555609,PortScan
140.31157366253356,15.34314361779375,101.93665009956771,146.27250037471444,115.26320209756922,190.75988224598427,61.09316283832194,252.99905299622313,240.6752209396676,43.236861056781116,413.5143852751559,95.3675138685211,345.76547312387305,144.98400189803746,15.286937268575807,33.38487826140624,566.6603010852571,120.88333496223105,268.2363704342341,148.5658266962661,77.35380913225706,458.67072105096173,90.72796945396924,206.09274318502574,30.495033486421196,51.87170688434942,678.3449581309782,362.15851884372313,668.0355694292476,551.3135754880944,257.685205719062,318.03249348037144,466.1786899349633,76.91107368214253,47.76268853224584,Bruteforce
264.5602201456699,279.98905442518765,25.523984531330175,44.92734619627225,7.206228974295812,165.46432208650387,74.87657588846915,126.52158681296659,108.90585005723943,138.65895344197037,62.99386025146602,29.7046683197077,59.446573942132154,17.57453495596951,422.8623694811964,55.78857566351404,32.96247861875972,45.03203083058447,47.820281529043775,70.74101831605459,71.11377066744119,35.75239295177721,72.22405896571067,408.68730813449093,13.047386016787529,21.355209657066354,359.3633436019824,172.50598746823715,340.0196295909466,124.6089314359924,208.7987774165292,9.037010316967379,199.4054970442241,83.12437989372718,217.05261721729303,Bot
124.74977672613915,64.26497132647239,113.05857134486659,26.270231873425143,183.03377570843523,72.94272640470896,117.05775312800886,522.4228077359054,69.12981224572641,64.25398143454404,76.30891437521596,42.31289953161109,85.48619316102427,7.302673610041734,193.8550695976294,447.06285370135043,67.87236374675781,1.137534371188546,34.21571301760102,1.1222259215393926,16.6709829683024,236.0986998432077,50.33292578356636,67.00595120990708,81.31015506809588,23.64518518389436,190.52114296007358,99.08190067937943,103.88321141627341,74.65666726908475,122.41449528575363,53.679964065252506,149.9468114685078,82.64416367053965,4.831339643892048,Bot
13311.20095271269,42.58158757591361,8026.270508146023,219.2012139687668,233.2323501851948,91.99488359282356,4098.874724514118,2622.8161623694677,18.568700349668593,6739.235664273167,5721.627810168606,2152.2850256371903,326.2902852735347,9.837054326186303,3077.6090024389573,68.05816933283205,93.26579080511812,28.0490049542059,9092.350657230902,60.74980380871271,2827.2977472194307,94.60311270147297,5026.330528846117,8351.560856477967,393.67303840203004,111.02959819263118,4177.727207946583,12471.461565503312,2610.3732740146907,5440.269134328102,222.32581130771706,228.54065885933252,64.94628124611933,446.1911004828514,77.79562214017008,DDoS
49.5359397707257,25.49920480460176,51.995149822073394,114.4682943598433,147.2648194558681,34.4371594161543,4.481120954823295,26.88500255232873,74.71260972088294,228.79863304261252,9.514639088510792,36.99180791453315,47.26693856719847,11.009213545462769,0.22387603131165412,291.7154524739525,415.03778128637754,32.83056554958015,157.75314093051986,20.162570405164814,301.43209940212193,383.22597914268863,26.07200674971491,101.8044068586791,168.24296402448937,13.189833360450201,401.0586495588318,3.0288097141002615,139.7537075746937,246.8189264409536,96.55635784699737,455.0073359963708,122.9608830736977,20.561837590365794,381.55971110916187,WebAttack
2391.1980013636985,68.39110597910133,6670.679802270303,122.71307512744971,153.92504676944353,137.0969975262307,1201.3705312562242,19809.251051682248,31.10308566177178,4394.959972612797,4884.862601618956,9436.29177453279,9606.023687886398,58.3766144257625,5686.098649256624,7.594033633122852,22.791722563388515,9.314163424930962,3165.8327677612588,161.47167874049447,2034.3954102555758,104.24848441407218,2363.212305960034,9659.35189888183,8095.6253757949535,222.57885776785153,1146.92613206457,1597.2958084436884,272.76506338206,676.6284788499677,28.211976148760115,190.7051240222923,137.05733959454972,3268.939846726543,123.22030803544352,DDoS
6.096623308122815,1.2934062272607505,8.141396215565335,3.7263972554917935,6.130719878072383,4.65653219680042,4.683230706586526,7.785804705451254,1.103488665065403,0.7479021979808564,1.010583034551975,9.953001385018341,9.271481292566442,7.005534759137309,4.475458119363861,0.8507121069022161,8.208956917783976,1.8944259951663511,2.7284204866975017,8.407919420444495,2.5733440709693345,8.445764890080142,7.859385631940372,8.372902407707585,6.74291201976771,3.5212582160049575,6.5316787496858355,8.29107716096859,7.494195568002464,8.620280604987334,9.83530977034138,6.901452673702103,9.281272054047301,2.7177780511094296,9.734827408473073,PortScan
3165.0907117494385,267.90438093165955,5098.252309127317,124.92948202066074,268.9995044407576,157.28414521536135,13211.196682227308,537.3378673986509,69.4043620792935,5685.004663253916,5977.669765937309,2719.8876049034125,12045.822530619282,90.19602757866166,3967.983115858764,162.48830539545295,16.38495584528517,26.678985221004808,2768.8758389703207,72.64060234854807,6005.1262253458135,113.58874056853769,3473.5123509854247,2775.482494924118,1189.2109974952684,70.53146621442949,1927.7926990345804,1002.9909285797785,217.20974120099856,4396.820025688174,194.06008003566387,166.10191026050137,143.31426452146457,4124.436234638712,205.58826190254814,DoS
43.318285585957355,125.88950414072318,206.40025498443518,247.86520434221734,75.60111807427504,42.51815665430789,45.77730262569607,159.51124413402027,5.189994582026632,11.65751525076749,2.530484575461939,124.15389839719376,5.35425377052869,13.685549536499694,138.40898043568242,4.443013659093642,27.453617636656052,26.993525477264647,389.09466081573527,25.122481609102554,26.960769584044534,3.7716379565014337,120.76341920434372,172.5629478400325,60.79518157224233,38.46130123966517,15.568853623486229,12.095847417136179,36.615433812435974,238.83013744074776,4.475370308895838,317.5859422761848,6.612738209584604,468.51852904266974,5.845721618487557,Infiltration
1.770068292225333,9.183291856078199,9.822364219526404,2.7730399378303394,2.773870044514392,6.103048971685336,0.7618168642350209,5.953154699502337,9.68689090219964,2.96952870842758,7.427450445140544,5.2490074266906195,2.873113315550937,4.124787475680377,5.51081938487321,7.615908430547176,5.407949943862343,9.25140286071245,1.1694870767134669,9.576976763311864,5.506514143367966,3.918152480942889,0.7605106423231234,2.962482180956587,4.379345220911519,9.370667113616342,7.5642533239103305,0.5904494274596528,3.2789345071531995,4.914323170491,8.500851722171872,7.7642748804424,2.161377171142851,0.5045956374039218,1.3237539511535457,PortScan
341.8919860536537,314.67970796890046,1351.7107253253332,67.90883251531778,8.015412407818385,55.20565228542672,4038.096790558395,5448.344209085154,178.91088511357353,481.7094808574384,76.84529368345197,3790.961125235116,2241.622245422451,289.38653423965764,5609.315947974719,23.020336676294455,20.739658950107952,209.1295543802072,340.511743682632,133.3600713687378,14101.636072273775,42.18230953733318,7451.7646279894925,11850.792399892243,7591.475897687516,72.86761298364243,4591.192837596883,8171.713082956927,8694.570221614582,4087.6969090318325,15.362716055697692,402.7157633146353,26.604048696908322,799.8857922475072,84.67815892602908,DoS
650.1517639186559,56.97127222230605,5604.3616511354985,66.8563801845369,31.389590646830136,130.00938527596514,14662.920016883847,981.7297310527641,135.95715387965416,81.13041739510244,336.81600313276107,7464.546819190077,220.2175325732913,5.1361812044015975,2005.2685351509756,135.25507234565458,0.48136760793811956,144.92829200903083,16042.334766842416,51.34394300923438,6058.658257594024,297.22739700713413,375.65884996167773,7134.462854335685,760.8401198995496,97.45534984007355,3377.537314432715,858.8097872150421,864.9566333217352,10025.548030249125,28.983996247569273,117.00731137232287,10.275242597283711,8419.938767000936,48.50451267794895,DDoS
9.318391190356682,7.827104879848178,5.1802316723419235,4.769342870790823,0.3183968017058614,0.1859936708065968,6.394688851748313,2.754025144629489,3.0709536276173353,8.07065657233495,1.1127138914431478,2.838346282521319,6.850385736247738,0.305662261169114,5.197892172528623,0.85460922278071,7.616567818180858,6.345824456654288,6.085519464397286,2.2128505568061763,7.2469869986749105,3.0167915463033976,5.70814786812443,0.9202974758742832,0.9608651881807295,1.9399023011316707,2.160050613673441,1.2643242343667038,1.1824844804107892,8.79031002906361,5.54633397414084,6.22177025389934,2.8782176451057486,0.5548736932794474,9.682737338557164,PortScan
118.55928949163533,166.39213749011222,24.960082741064372,20.41341332771657,233.23751034267036,110.78933362961618,114.24105775053019,14.463558006310578,185.08605565040685,163.4792007239114,5.231678578179181,19.986434790586557,154.0547797109448,14.51379076143289,59.65360315065924,27.495493040139046,135.21998891298605,141.3996392559952,172.01135413098422,269.0002593218901,96.49830774977617,8.189693442513791,390.7890788764604,171.22225431476173,95.31368602522046,170.26160458124724,50.3931693830369,85.53753711925447,239.84490791949042,201.2429501028374,566.0604180287494,68.9704446835132,169.90026140123598,137.66541917502065,9.763711119719286,Bruteforce
29.12711947537714,229.32186330584176,7.962079871260616,72.32424803561354,305.29757983647687,38.17147830183881,168.1624388437709,37.165088177117426,312.5240105240283,15.014759556199445,52.976770856628576,71.93520033818542,136.8041996040159,85.75951860348901,153.52335075435388,15.307723904881948,159.54774485315642,245.87809397891704,143.43231656478287,38.51944546516976,22.776898220800128,31.720491778634212,12.784685825878897,109.41584168288729,79.77316115687806,79.88434936635606,96.83758116861374,229.12366026720906,6.831941379507203,50.943935620989556,24.75426286686221,124.21841580225512,212.39532534145562,33.89215599094161,62.72588363533767,Bot
6765.870632547033,18.857626856593768,1352.113485145657,42.41476989781992,93.53916697559032,96.49650165657194,4203.936532716326,3304.027291223906,271.39996564740994,2699.4486773897415,192.80641628243268,1571.442370267462,2154.4051079651563,6.624142092614773,4800.534448257094,105.27153061043033,96.93795338563363,78.03018701448732,743.3640563646685,86.35970471208961,1279.497773731103,274.47816353149807,1431.3047366933188,439.949045828197,2958.9580384658393,19.132730354066087,14847.87209939991,7188.802031854172,11548.558276132517,9272.372801551248,11.862959593142545,59.91794552974119,4.497342314887737,3178.4276895397156,159.8046153474103,DoS
393.3455946088767,890.5349256484303,96.97842072562737,145.24484869485798,203.42924586961945,274.8491371332658,261.08528952346865,18.67130986132851,0.08789590740761238,198.60541162151614,32.01306192573451,83.89362675964516,178.16514787730137,31.263054308962584,337.99371358722624,170.87441248242277,12.870329134439002,3.077504484765329,68.50059019833935,79.26459034090317,178.83528360202857,33.5592701129862,157.9556633993799,148.77947247542895,126.80142526769565,530.6351096766995,157.42371516865305,0.3565341647344625,186.99545619181563,22.95764837820469,83.89661486087425,100.45460853655676,95.91109708902448,48.807976470911186,283.77998801007914,Bruteforce
104.94349039502018,126.02608712359557,104.61841305652703,106.99492313737531,35.7673802826055,14.760949189398808,47.53105030616269,20.477797331935207,48.2128879360743,57.66215260902974,197.17347910562395,5.00939283041396,128.72799513510603,259.7749134926154,165.46874483162912,250.60160915061337,59.35396548444968,33.81367458478266,52.29362318139095,101.442456564689,170.9500478619254,6.445584501793132,88.1410264216955,11.118324886373843,30.1032128869977,55.752311004998425,236.04112596365573,63.61232705283707,84.21720473460277,83.28128884498402,12.090885997010705,152.53413590538582,37.33143008949923,55.81359513522139,265.995318676506,WebAttack
245.87665526562984,125.67120364419331,208.38927831554562,331.3944891973478,135.23128876859488,134.6207603469925,35.15505356305366,5.175378964429301,64.28049987756886,146.2986205369262,290.90679882017935,134.63227691730893,558.0796060187844,195.6439885964868,352.90334621987785,1128.7124042075927,470.03451718678457,597.2942067633933,106.74506623967117,35.03582475819002,86.58962346684382,16.9778847395584,24.595977405211176,4.502926837678939,0.29333646957880455,463.2939196252276,696.8214720378469,223.88533086566724,172.27729552118086,135.3230126174075,728.2482435365719,77.67088927106893,304.2900868701492,54.790897411717054,55.999996031875355,Bruteforce
74.80523910891071,139.91332097568792,55.79957125361288,163.4531949852753,47.72121925158617,89.78567848487803,17.98692125269323,201.9680159553464,236.6133149238183,21.951359671600905,145.19858206851612,21.048437913311588,32.797380209645375,42.75199362648846,80.94611098727941,78.98267258312896,121.88815920813478,60.7616142664085,393.9089886176833,320.7319539003772,88.34719425781074,39.60810840713479,8.156095141552296,12.611937914987436,98.69260545389375,31.066657147742344,320.93094760893035,66.20861078036698,134.6871432601696,10.474558273234603,106.79118971632946,15.024675600959823,58.030855524653546,13.979781077828049,20.277775764192114,WebAttack
11.77897367828909,220.29485167075654,205.3706531732992,144.32159779138948,51.04286318127886,144.93280607162916,342.14437124603484,61.282132656129676,279.4207081222114,110.91293467554637,396.0124117742644,170.69911154589454,310.19338574904214,539.4754879772893,100.92885033561475,200.98027702555558,631.216327093048,991.9637482065227,147.59942997462656,510.84718217044394,81.45833703790315,91.70357336915245,493.8736397590228,177.4585196120401,318.8619421092162,82.5485645830836,292.74045767106384,343.10972903427813,88.21651287894488,128.70285106378992,72.85908589855798,390.2340509258363,215.51597000900503,32.598919467805636,557.390848950195,Bruteforce
3433.912115640759,85.35831745662256,14586.815198323713,109.6620572804931,135.57370943359942,43.92908419555959,4482.503643872587,3941.4425790946284,191.47401853749753,1569.1109880553372,2113.9700113516883,337.42180316556994,2977.5958639602754,403.1067587311314,7003.564091874975,54.76339783623022,5.861264190457368,27.513178216644253,1584.8996384990219,237.91954660622898,112.77165880835567,68.59816432844744,1000.2336267382576,1120.9046837563478,28292.103230778317,25.19866234799003,8807.893026220874,12208.107303891384,3986.2654510093894,30296.917034194976,56.48179419458705,40.31470274368067,28.168589958021723,2356.558618383848,97.06880616942266,DoS
3.5107438849379924,8.135484753723121,9.479050031187747,2.419981018286259,8.891460991330488,7.157068360986861,5.869554995298499,1.3039061201259283,4.109502119095817,9.953525048766297,6.483514064756344,5.916834003655664,0.35617225029563104,3.2088833359549254,4.88155790019693,6.416648320090699,8.571159383749903,4.580684923197362,2.7445345765635745,2.8128211763816235,1.3781091635603437,1.4553879604314834,3.0531869070705286,7.66584569080056,4.132206411764134,8.595668150883249,9.491531624721643,0.7542014913187245,7.1082287496772025,0.8526588675993407,0.7172816110251268,2.757692515537248,1.016025582660487,6.629718247466718,7.1611956398940055,PortScan
9.175244846405516,7.656371320847125,66.45356838464372,455.77923545412216,7.093355339020592,168.58862233778055,157.40491215261574,31.645028232854845,35.80453581495481,215.5385859909061,93.5014113980907,504.94200209195765,146.25650543095753,306.2992845386495,104.8652563990517,87.93721927035307,131.3026729593137,57.54372091086978,116.42511173787284,16.049320655546932,130.9422509807108,46.45813828004508,34.322462697722,28.596565154095572,80.01992246023703,307.17167884456813,33.21217104172353,67.62416429698965,117.72849126922398,43.05987636968977,1.934847051535027,35.198256161348276,77.93482163312066,51.70010632865058,9.291756346488894,Infiltration
640.3127167689787,242.62286988642109,374.92932637925946,38.15309980745685,19.696398410185374,283.86034746990555,4246.795831899304,3598.469532128545,27.246474708056052,252.7352205028613,6125.713323728976,5060.9056552735865,35981.510243222045,45.94503320015571,5891.8927462078145,44.216444813452895,82.36986103332552,104.91847610439305,4302.301627674633,127.2301205019659,12801.26405208989,56.933381756651734,950.5237015822482,3870.9703102325784,5289.325922774047,28.38532088826763,2474.5620447104197,6196.01924612475,4324.545439976138,6072.7662052888245,11.224447612008737,87.58544426173759,91.50784553239443,7007.35741418497,46.763195733498186,DoS
78.4346014519418,32.12588229081283,332.02565522048826,202.22850316036673,243.96169926948298,111.73850201442185,104.45390857234767,119.06492960598491,18.020801694386183,93.74649369911914,19.058148269313172,29.752505524544986,39.53283577961515,144.70984179097866,71.94056791195422,71.83940296088751,107.68424326889728,71.36552441768934,126.04133598653084,7.709913280019022,50.90781765421425,74.59211128395408,11.668817537442422,61.45254649806736,62.671320609712225,122.92836742638089,39.38408870195394,109.7373147118126,136.7211240499975,117.96963830205935,32.028857617747235,130.59534723410096,120.14198172146135,39.002175742046,26.61183136767172,Bot
5.537861530415526,4.32092518859628,7.854358662802758,3.5182777636043374,9.210610167681825,0.7416337298797981,7.204073384860646,9.289779793323515,5.531622082205802,8.78678296964503,6.918311865247455,0.14529334785205572,6.712446444139886,6.565616595264343,0.00027464833659673893,4.091607277062152,0.3879941706190748,2.929987974973789,9.865824789393582,9.402841832108733,6.848592718425573,3.6685208653165002,3.9645192998835332,0.38214687320596075,3.3828491818593953,7.843845313912499,5.193529536745302,4.766777760588807,0.9109792065722688,9.190004771393834,2.830732194045358,3.829028098591966,3.3070985269559836,3.2873410250500945,5.9932395475105995,PortScan
1049.8410508476686,122.91471784311202,6128.390761331305,159.3656101289945,74.23243135277745,2.8514423229519803,100.87112572046154,10710.65613922051,229.5500296226139,9708.7691100719,4429.765500324078,8507.008109523947,994.3104529526692,26.41344174880568,2076.736953444531,133.05423226634196,71.84970757679704,150.71371172757026,2367.0989331401447,148.60779899949134,6037.088831295858,222.90726761215942,2346.2529660628643,5641.038886450646,11539.07920800733,185.14297250004122,434.5316960959009,8844.069308508586,11102.180077206936,2036.8345891102738,75.87231403257344,46.18971329402425,131.77656507954168,13206.968617950391,53.62331633329324,DoS
40.57446983203607,280.4227814122686,23.421586950617982,614.9906175048823,219.0423166168748,397.85270011639653,38.357897510893004,81.39598161457212,334.344136939257,119.89878424045004,807.6822000550454,265.6974311497285,897.2479345002104,55.2936977857333,545.8675570907299,30.988680420158122,359.0825507351542,172.35406096761758,5.367759791756127,3.0413878008004036,250.1672803336538,47.46755090557672,40.79761561935643,572.5602301549529,30.552545700483936,109.37687763008374,70.42578159765056,328.13635731338064,411.8992058849095,114.77957834361854,271.250541399302,41.60400918299185,477.48088511823204,10.820422830592193,362.5332739792521,Bruteforce
35.468583973479376,180.2230624343694,0.4782995250368403,58.38131382783467,102.87073169950287,210.8359166909353,441.6440804317489,4.189881287389176,113.82410190807298,33.14577343447804,253.1986862193318,151.90843511568633,76.65864068398285,34.215057890716814,209.11219871485005,95.79429763324711,271.54073993446747,158.0651527565039,82.30470699921801,401.36743550228726,207.13438245268577,273.4681388222975,147.89142614700822,182.68254216869678,177.12243309492567,106.17019361844872,71.1840179809944,416.3968721043948,77.80474078114486,25.530259491871494,103.2243646433074,201.141636411344,339.20665278296946,159.87837716458282,277.54942590394097,Bruteforce
3.284375780481489,0.15150637152770652,6.165903867649148,4.734913669758898,3.7328264888672913,2.114147837903455,8.913900837105073,2.378938243847719,9.209244947063276,2.1726398257461907,9.714260078425479,4.198491417078593,5.3271740080253345,2.988105141298474,9.391808942142738,2.8257084784548416,7.302118162937509,0.2049083432000387,5.587187419884564,7.415755786973687,4.708732621648245,6.433171153403107,7.6805688434998025,5.002380002727829,2.1809198550270836,3.967720123153203,7.3077900783940315,2.710919379481912,6.320346252002455,1.4829198641657837,9.302932331895933,6.029831251904035,4.682705906070476,8.115230363768482,7.971710521964113,PortScan
9.342913549143807,47.42403116205895,3.3111301538972904,8.044381645832658,46.28096165536768,34.590096982835945,102.68297751162069,29.30571097116544,31.043186416841063,45.720349888301385,3.7811572021550153,102.08257275640872,132.05605970971564,352.65091051523905,150.82275989375523,37.50401321338611,147.71461815738934,503.5771123943473,24.33512909748435,316.27438485234046,43.32365922342151,5.9439893588093895,6.867311997460641,20.800924294243085,110.88222850849183,124.60882641768507,116.69153218627861,50.13737901772634,81.74978736916984,122.06214696031368,76.18702506039915,59.881281931155414,27.486022187348713,48.19867165471142,145.75248696230136,Bot
25.807766241772313,72.56314685094026,174.01524261073376,59.39790966367635,21.396904940876034,112.9833905758812,6.444666164049736,19.991032798545255,16.796545204753514,226.67300366089802,6.8037478032853285,9.35007916535171,46.793808798503896,176.56038427280367,185.8817765403931,23.97151897239956,33.238377130171514,57.173363037873095,69.14607119474316,49.16158713051884,76.06285923989603,50.23310732908636,25.51082691881781,227.09910298870471,363.2260187780265,21.670081533767284,35.75867915666277,74.93375096347513,6.237753102908393,50.48256652064772,65.52597925255958,296.49681667889797,42.34384518566776,20.65576151281945,348.4206259262262,WebAttack
76.54576789689888,54.180085049502004,7.323947143133089,10.119826281638248,86.40798456658088,125.52726623194046,238.0324898137495,165.21762156430907,328.013188330009,3.2713276944837046,351.1118521810781,95.86750300621078,90.11192062050105,43.325203038839774,116.95961861723583,301.6646317804343,104.38570884049476,29.968105994048333,105.69893131665931,73.24356692650082,38.282774386912536,79.8441346044577,55.458465845788666,30.52399862351667,4.8612676597407,15.954100997395562,197.29502899606095,57.294790750865424,34.94145510442411,78.69076552935333,112.87243507395117,99.65683694165186,33.25685771253755,494.6317786427061,33.09712002095489,Infiltration
5.6972535433861555,8.001755353878355,2.373265526225431,6.431906851980128,4.276379687037649,6.627313606283617,0.32106277052689647,3.1295298754855216,3.0732759718652214,4.186731879444606,1.1453799389247432,4.366189496722647,5.414982487679131,0.26658889980550327,3.009150828360206,1.772911960267669,9.721626672628119,1.3021621463054678,6.274154415704354,4.0185302881680265,2.8733126961331634,8.54075641617274,6.640871796430153,6.203019733680948,0.9365758301953309,2.589693005001422,2.764922397495452,4.34379751489997,9.214681140506002,4.036526972509532,3.2802101166674813,0.7093685944401151,3.8495788346769553,0.5235756763634902,3.6520445977609475,PortScan
500.1977868859617,83.461210804591,170.36359991213186,319.0132837039257,89.69358426496188,394.7447333574087,240.56344192619764,160.61542747197208,138.0891913976712,372.72662274892934,273.54038621093054,129.5431725284893,83.38066349428395,95.97348461089817,196.69338676733074,5.449364438188953,35.340873500889366,548.7711120982618,305.9031190144365,281.6174681228354,155.3111634529545,63.49124541619131,180.20951762808096,7.306320545800124,138.85430438425402,2.7702262584166153,94.07669944352884,843.7220981890291,78.72028457118402,235.07543915520452,102.80402143219666,7.926074502649308,1.1644084819183438,32.408563524955355,50.47829842177117,Bruteforce
433.39646733384285,177.59969423218604,12.928149126100738,13.577016810654099,39.354878422045175,350.24371074721677,89.7653927834829,88.37073409775446,178.2048768557624,123.02070254719115,118.93040152244421,191.85185945174803,84.81574141559746,131.97792034464445,49.70783630396143,75.35131948183019,97.19384834165157,50.204314377042195,172.43759090523685,238.19787431602117,18.388567004717192,183.90915818964174,6.844792223653762,23.550525043008346,84.70768229246325,193.15159434751118,365.3951236768931,104.27876649564567,5.917302368286433,152.61631353275845,23.17415201187388,25.171590298375353,9.454489032434779,66.24894017454707,40.33513839588033,Bot
72.44923647695485,16.690042248043927,58.65951165535406,122.14923592628948,119.57259297171589,83.52624678583983,117.41550169756285,93.03606227782029,83.14035394775591,31.554794440089257,126.04982653650352,70.03125252018454,146.87612581314804,113.40193203968877,3.6529458134504673,58.95120409880158,45.01941385207831,32.18603877957145,84.81554918153338,28.431810360064503,16.64631122018856,16.97258549066495,19.619544106044273,81.45532063069642,272.531619680524,38.66484852964466,169.39987693752713,19.4767552723181,40.82881722773933,168.25223929951127,117.38107755306477,120.12766440963549,146.18447881563662,278.18420029688485,107.28701828126643,Bot
55.181608640649046,1.1619306669936438,52.33169723721043,206.9585791778104,98.28092562444048,11.949819390298925,47.345694298869226,26.610393863654057,2.0003747108597785,33.560324396673586,74.69996668124075,89.3053475262701,19.59989066562045,11.11596246167048,10.94533431848115,155.9876939000739,68.81414417171109,121.2298042400769,12.792372687579611,28.376315075072394,4.240423503340185,2.04125249833101,78.74995646690893,0.6863599983003782,10.657331504073397,5.951502135219967,27.315054166206064,52.55164366230968,159.37373841094532,10.209456456112434,41.658452135830714,14.826010027615608,68.83612967367829,10.009203674298918,0.641236563778814,Normal
723.4496501380246,8.80102781447051,2395.299316028037,21.29703131642892,248.33212725789102,235.265197132572,11787.93960575932,8528.874323458273,37.759482722270775,2071.5473365659973,5008.797008537189,885.6847081238611,1871.766449711861,22.06407410363918,4341.227022802457,128.14775016389913,34.967025259747906,4.315582960419596,2222.176142444669,47.111386853781966,26833.7402084954,49.30696676485798,843.9439580497493,1432.6528915460312,5985.608223719827,98.49724769510632,8116.080589148729,2340.9177840173306,8468.0703228238,3160.0936106772597,201.04295128056222,253.61818866454317,442.9682569058629,1363.6697547525396,8.7089637725929,DoS
114.14082623326132,61.985905908319936,342.8361764373657,50.658223758414955,138.76345219296223,261.78175713829705,118.42050796071133,20.65486330797351,24.028239542439202,15.557991329333278,102.43001461977592,79.3637816060542,81.30563034471739,126.23675494811462,13.974392176134524,146.40851267019016,1.3233103650951403,0.40668277000550185,27.69367236401918,13.011281114856683,35.802659638967874,217.54910547226265,331.28973605120774,19.261060030629146,78.51041195930334,133.05064080780193,14.639429256918627,36.97728255620484,82.59571376303867,2.44549347369869,64.73812640976234,16.238598321299648,53.495801806039,0.978670820136464,45.79846177270986,Infiltration
6.392447418472676,3.986521502578392,3.857468665904947,5.471905906718321,2.533680635626009,4.228456067297884,2.850401090952581,5.154662027485144,5.4660237389890645,8.46809260405801,2.5117715824338847,9.047249305912056,5.35268347312451,7.268334812219761,6.116715784881674,8.290388639245956,6.631396755433537,0.1107353185786164,3.902752901698554,9.383642265379184,4.514525961430934,8.28384639718301,8.689598012714413,3.325779605642123,8.577247090353898,3.774349956428016,0.25360429009973817,6.944074812433981,8.202892817239913,4.516075155339631,1.7340936239339855,6.152847821956042,7.3825680388975865,6.548169522915708,3.5579264012817213,PortScan
152.56367211234345,284.34999066376577,113.50448921894629,2.212092514676043,29.5143035864282,43.106437095983985,53.0961262273823,88.48595583789482,105.02373281015116,370.3509339621369,82.92888242437749,36.56912967027028,10.525620324574891,74.56996853670778,65.4744409600912,53.068369795637416,177.57157319364342,41.70349006130267,1.8457937376312874,34.00770889832842,185.642450897825,27.26096456653059,106.99075902035187,35.705194870421195,141.27408418929454,14.35789193427362,170.18763298762525,59.372924629544464,267.49145724825235,161.3052908426412,63.16027931588023,47.74268389780511,33.80316302289646,518.4974032816924,11.62389811921552,WebAttack
2764.1537729277998,82.57993071282404,5828.370642013845,21.583624500994436,6.628777747732018,18.264104863676987,3312.6999853886914,1312.946546473568,186.6750337371999,1803.2932584088207,5520.3757497148445,8128.135589443408,2858.6721251155013,45.838440013702034,183.07921565937886,185.92687120176132,47.46495220890002,68.00475690792886,1115.3087110836113,121.49283621756746,1776.9332794709553,121.92188622902253,4.2974668271315535,4101.098176139639,11291.010298212153,60.499246894953274,7167.801761195569,4737.35069280167,2551.156540950532,4535.086305292524,111.1118808918548,204.95322074546758,53.24383768367319,4749.520210477709,14.14251944664184,DoS
14220.650169190314,193.5209413749966,3003.4698976971235,50.22995258349759,48.1441569030447,96.46123850112824,13700.640451999485,1593.208270477688,129.9544677410843,3980.532594663076,3883.281464848152,13045.973905218489,10682.03591374254,120.63664152672291,2454.176511651344,76.71924422580086,2.014176895490929,115.26575852526794,10831.31563855643,57.673017311987394,8446.944124377202,11.463628397101003,6135.198308341878,1060.9127192238093,237.11550547540486,42.78391373791265,3420.3553988611397,3267.543511044174,12697.950641024167,2941.8016681597514,17.92986051102655,32.331771299599964,80.61776543875393,4748.975883917491,14.645649128836238,DoS
14.969827111294467,216.43733969694213,54.58600656217983,71.5390610986731,36.03466399372039,69.20967292832879,34.96700966390588,5.667469495911899,199.40324107357864,18.72101107595205,38.44134802023876,194.41702979611532,109.60869399056874,87.20654709677088,217.2490721051354,17.88476755556013,66.81552119612088,62.94945688072223,349.3208751592593,172.61542250989993,22.05695372751137,16.722592346169925,46.310749885616055,21.899739932817084,46.76633652753174,11.304010767710931,89.84176796720938,22.32461563048766,24.413618682185334,401.097298534929,169.26858457772897,214.06711778523206,6.558347318663054,30.56665532716318,46.79161747140154,Bot
248.4056170095294,54.1772885946759,23.982459672387005,32.79782918965781,70.78232356567092,47.98089205660027,14.292297233732185,90.30750225251941,53.21348458943529,219.22166431106206,43.272080706919006,94.39738652704904,115.78997572636102,172.98687510658525,203.98015205756624,20.85879745829232,240.05080374739748,103.93628879893232,66.95742673424735,100.09762814951068,15.698379086257777,58.74365428996365,65.09707326862795,9.34742554003293,70.19194196617455,41.131495808524065,10.758847102419022,10.4694866763587,21.763143030588328,4.443996274301159,66.42629040266166,8.494242435345535,14.634357384582517,18.869131981738583,182.67433551171683,Infiltration
18.458598708222564,256.2382714081749,27.83246831213243,76.02219721607206,11.28125224215047,61.98034948607819,115.28984658547361,18.368070316637326,11.019623142625775,125.98770826548238,157.95111722954064,95.30335971525983,254.68862346680334,72.39873068914491,109.74364167150186,31.141501776446496,22.159490831957378,151.5835695174027,49.23484400186612,13.574821131230996,39.40085534158987,46.43504226881801,120.82519491222787,246.49956157971187,11.167549812686655,399.4341644237631,329.1977556581026,45.855717377038346,158.05206497041303,81.3848279006648,22.286042659604746,53.5910578483187,15.908558658474842,56.58928598199458,74.40220919566966,Infiltration
108.57797898082337,39.115210282558785,3.8589778428542525,14.254036020449028,9.848362978144008,17.716108047529243,56.37113896109138,8.989879365169788,0.48184894945209794,131.73661589239381,7.407943609793084,18.105737570617716,12.337180604666106,37.659932788020086,16.774438631607016,30.61470419637179,4.178181609807343,40.84949904303682,10.764516592502835,22.502821554165127,30.14111816957925,23.64433918380478,36.82014075306585,91.78217358711834,17.98208728899523,44.302628764639756,36.22598635328551,55.28978040733842,8.751186720192676,33.79042492948726,7.459165034227339,48.56966349515343,8.63111827352468,11.110981485325965,22.875499336650506,Normal
1.5977204154063507,6.72313902652216,6.50715230868677,0.47079585032858584,8.994013458171588,3.352392414826968,4.2877974749202945,5.137813955414087,9.1201923640852,1.7048987056315623,3.6868979429489723,5.0134050616942964,9.918987264530285,4.397510471240603,3.9853781218297266,9.350268106136651,6.614948612931775,1.635742615854262,1.7580186154420363,6.44452685783485,4.670553461500734,0.08968056723479889,4.48592081010249,9.396953103328828,7.47378885380207,5.58602509136427,1.9519611543825233,3.356400611075072,9.966392831370744,6.59053663055349,2.7628757706442784,7.379908372744368,0.9136487132046722,3.70582372053357,2.291308216582908,PortScan
398.4083013454078,80.85144432139644,12619.927977616408,9.548158576210469,90.27439657231135,286.01584987294234,8664.55514951805,1757.7200606838735,160.7277957844488,1125.767759790812,14566.399723530243,56.202057577575246,3320.196502677517,23.230274665971987,4136.331059991939,2.0269467813625193,40.172370498362206,119.90302430597038,326.1455518553901,527.8637380309573,3927.0267245264968,6.867029504744732,1536.1306488178475,7591.85161545178,466.418820376331,129.93650429262422,5090.411916088121,805.5128351071141,9735.77160208679,9645.79704982762,29.558849455260678,91.99968814759178,100.10629143408427,2443.933670061527,10.236273377474337,DDoS
37.866250979568356,24.7564953577259,11.552891593701435,120.06922995926293,3.3416359726418765,123.38496576949464,126.38885610153085,30.41576351445881,2.1675482627252847,129.59888200576287,116.30788733464377,15.508830770546735,13.641136525970435,28.34976423558778,2.4826360644521217,8.637394124968223,150.20132760979712,29.08881930842243,46.53652086039464,29.13292938655786,4.152902609041577,30.92052654312964,4.488131628015742,56.75478552243599,209.27963692889935,20.05567668849915,8.556184593617099,45.41961135242614,124.46238721618401,21.73034266028678,120.92980195683936,2.537273852765606,256.75764766891007,30.4707765904079,55.13956697889542,Normal
96.05452081751808,76.22537718709917,53.55360068978767,13.688776017063505,190.6319231166993,227.23992484141556,97.28139777100193,63.68899362492312,7.905928155981186,114.0172052594401,275.29462032605255,66.4414607705125,49.64157513750339,11.585737078323897,56.991722572769824,32.39783601824564,5.2867676943425925,19.970349745420666,28.02987809781931,88.55042274411616,28.384678517240218,28.46533077885874,102.66559161476864,124.28705316576132,103.63855039401362,229.0971322784253,268.69262031883295,82.26873543449018,140.69154152059406,175.58131994899918,321.345196679315,41.671535960726416,5.588998273510581,37.42384732903278,42.212855995100796,WebAttack
3651.498642028575,38.47323404406032,2241.021442931116,259.3640015111284,26.014899528665087,24.80126003382821,8862.13671020183,2406.6877055126456,288.378893554743,16171.109682224636,1163.4228294548438,6994.24936590418,668.1263646094462,115.889791519137,9706.396633595172,68.05014396817826,27.866825356208853,15.810441374771923,2994.0381812257788,21.37834797512958,4398.156337845473,64.51062102837078,7849.151423984926,6284.071582964959,4741.06496778725,42.70234343732176,13084.030188121751,9493.9367190337,10225.849043306025,737.2858834646137,2.8188393353264143,134.71649308147587,41.88857225083923,2155.993277586979,12.682014148195334,DDoS
12297.059688032836,98.14793811920181,7879.034444596068,122.26748046421652,20.541405977585562,28.619016038914086,1902.1248584859927,4629.310793319645,189.89418738679328,5065.215987525049,3084.7357464797865,1062.220111559105,3170.315631152971,274.1915860702053,5153.086829226217,35.537428348890735,130.87980331913977,13.283740279679035,5758.264522668225,21.569152821107462,56.36461047795535,74.6757629851229,6788.47555084286,6915.635608826878,9075.637529086129,67.08966645485455,2536.322226533187,5522.826322794736,9507.144977690994,983.4387432792455,152.44701297930726,238.05312158116493,165.38663914584956,2210.5175573454358,147.39749839770957,DoS
9.1631612795291,156.51677617411653,296.89813186746267,468.0000888817452,20.42355742271639,26.775946547603574,55.87446058310207,437.0959981241195,94.47639619841678,201.0695654975627,54.62224005795827,215.53032749244738,1.9828724782054405,153.7866931779059,25.66162720819444,557.3763193554615,50.297161379087484,20.386385720085535,377.4516130863401,21.06544685458564,77.85641295689696,558.5165216224019,122.28560319012811,321.0986357720719,18.948226841625043,67.82839877104985,359.4051198832402,32.49089823835617,36.74956097470831,32.81195670597337,1034.9705068313735,194.2904980039664,48.97417200200901,260.6834851507729,95.23825416031289,Bruteforce
0.10111619475885049,40.67764281307058,45.80782476439046,49.28927383467519,18.74803044973895,41.12483038134355,36.7133829231387,8.01201738619973,21.271528344864862,32.8731284525792,24.96633995073367,29.742614055727685,29.097946208226034,22.09971113209205,71.82452237634135,50.085490138412624,3.369479691244233,23.67691940673136,31.326434734843684,164.7715841548636,38.88779323675667,31.38015039338583,93.9202124156289,36.37348956819536,94.2228708975295,47.146831343503095,29.68850551566384,186.85735639181232,55.93844580950241,54.57393351247299,3.369008205236306,4.350026417394341,221.0812198753908,26.85697807516181,6.677455171007218,Normal
0.6840251816600695,4.149186621504757,7.209866160477622,3.8167914691701466,9.97659347632437,2.353850609709076,4.96364286234698,6.739292805223791,5.4786268546785095,0.3907312192589274,5.136661869979653,9.664271691633402,4.066638831653392,1.161788787195881,0.21258406665039975,4.122648190590806,1.8529681861517155,8.346987466546977,9.52257473619786,9.405300726720325,3.7452953413504932,4.547570608068896,3.150797280486106,1.2905245659036924,5.590388023329278,1.8620525252626685,0.5940819754695192,8.494333258146025,7.9851599208529525,9.262824224757654,3.2740576742886107,8.707205453573744,3.984519300239401,0.7277942765194712,4.578411048706304,PortScan
3361.62621225856,4.411866233377667,5406.222763970762,66.0553182145592,21.521875652035963,48.04564930500061,30464.935412066905,14018.198882007011,291.66941141226,4732.980249294154,2428.7355560855344,2042.3895087067147,57.0584999563898,182.73384800761315,493.5213176922948,60.791790191991254,236.95068230324034,65.85009048731726,86.66852474396694,212.59346879683366,568.70147503266,105.7890656861689,1105.8187061249928,2730.222051721502,1879.391147741214,63.499664087251496,859.5378865685196,2190.383892898248,3858.1115956052813,2339.5817706742955,18.51591811909125,210.5324149668683,258.347968516564,13630.806276716965,25.901635278625207,DDoS
3207.6604633994502,61.83028303572797,3922.3354139028943,100.30901342506236,19.27247760216262,169.9774382217256,6286.199451856607,3621.0242794792603,7.17126357214444,1557.0889150852777,14934.440060267478,3370.7159513112906,10381.632022885451,32.90892489201766,5067.48200307998,52.77215057217091,70.97962831909271,163.11645975985434,6151.034436000407,67.71149801999128,23665.897962475723,90.44171900057215,2725.5753922718363,13567.902008142055,4190.971493849624,39.16129561520953,15285.047496518158,1626.3269519402554,1746.3036778128526,1691.5500545134605,6.6854312869615535,12.867531042348467,16.165383471178902,417.06474455778374,58.968642604834876,DDoS
108.08295019885419,160.03180994645638,141.97722471665574,177.12644411315213,111.51522656623705,16.120628307791616,23.910923947287184,124.76364381480825,232.6184227400521,53.96534099029946,81.18570284851073,181.27214479870415,124.33539899306936,153.524614604211,17.403414282186265,12.388920437326297,241.92489093527504,37.30461240009986,24.53033637442343,6.5525514426114375,8.304181234535472,89.73480744516257,343.05444532632816,45.580810594994595,190.90016088915337,185.0219642846001,50.34918513452746,55.81275927412135,60.48357278550359,246.29846981969445,29.633946468650844,9.780834068786003,26.303821069191823,96.56486226840276,100.94025754641764,Infiltration
102.05052593749404,202.15548023118566,158.20920601586693,114.8782199675377,225.23189917035,24.655645219623498,39.0879506242356,243.04352742350153,832.2865977535068,209.0543127048041,114.80565648043131,294.746393754295,866.2567219424384,79.50945758880893,79.8016851242649,1.1722759464970554,95.17892747866597,20.320293482168754,476.072480796069,614.6156211918101,30.136363673373523,841.0192242839713,147.98067671221457,4.115115504981564,547.4377621447381,96.38012238898742,363.80184805494235,92.33577820912534,54.203776779582626,169.08746557590538,33.74832473145356,295.52710364953805,351.654053133943,50.02306131808895,277.173127739887,Bruteforce
112.12785343537786,1.2499124679650053,104.7959326564895,99.26484521950924,9.731004540128326,260.01332124340485,145.1615019885065,239.68687609778362,16.62093426548009,140.31979982280708,42.03070720181322,304.54380226852913,66.45046537423003,96.40357186398766,32.582135045533974,64.33871955891156,139.3765334738127,106.29827466920719,1.400473642664731,3.584710993367694,61.23736916113324,150.66831440281226,93.39593836665863,20.052850531534975,162.3280413344836,337.27200907175245,41.04429615129682,65.04214139428231,58.9305612221685,34.73067361654511,42.5393564816688,35.753425724669775,20.26507246170013,5.98271186907719,33.727276507220395,Bot
9.09528369340891,3.0949591466642943,1.2833833774777081,6.757495641621299,5.895949995336755,9.055880304153005,7.42659236198361,3.971027591518613,6.333293505060763,8.623670392883916,3.4747315916695665,0.13826548565537222,6.263404903738966,0.259253863038702,9.374799016337715,1.6819884963989085,3.7426357497910665,9.462841191313512,0.7993059478298181,0.04342533867362053,1.0363655693054696,9.86038467677281,9.717287649793121,3.845991064544345,7.428856273035982,7.359334473251884,0.9981620625523668,2.3511992424077377,8.889823410366267,1.6569680966649758,5.208553568477216,2.4415243961556254,5.576145566796622,1.965306991314496,2.1574824911556743,PortScan
8.275591531982169,128.69017621605147,120.08377516589303,55.514440272226,94.40558835370821,2.942411810854543,34.38178241285075,12.481646904467844,33.210520317398505,46.41457408682308,4.800941714367133,5.405558695534078,23.99790049649645,21.86905224865493,16.258799625270434,5.592447545665205,10.81655001734939,7.858952450078907,0.8509710321219474,11.820123281219683,195.8168383125178,127.14285304304806,14.283113227311734,58.16589825790057,53.6855667999203,19.43226393535632,164.34624576457972,238.4383179736778,9.311866560877972,47.74589299712948,31.42983125969488,76.88332647909327,1.135808164552227,41.370353066749885,16.474022786917953,Normal
21520.80017250696,52.24555721367169,2563.939167967394,140.98652490933387,117.98059382313451,5.992770332157635,2818.713548510066,10330.40178854798,17.24479206731002,5044.023596798127,3940.250932867511,559.6358618643934,7218.074763410911,154.70653886244068,1797.8370194138374,97.27838648887479,1.6171741878144315,116.18989278407379,5608.5520932390955,9.42582932062308,3905.7079979400532,26.398790938585908,8349.25901446369,4629.052599308348,5501.780434053712,6.570821760938323,1543.039838831475,9816.94926937536,2180.660012368929,15509.401063771953,133.51533483446934,191.558890316618,84.0479725766164,3881.9497977342403,2.1309130037254005,DoS
28.028222230766787,23.904011859043298,120.43916106515356,68.39100404106952,126.77475110297647,78.36958342378372,214.2461805812101,159.20387499591018,49.122199841714846,104.59376936764062,12.244927202826778,120.4742596071586,11.64316824367753,1.822239804639749,51.52218967061499,43.54597634704917,113.64078576431866,8.52864522219704,229.14184414371542,183.32608336333527,277.2556281183408,10.002782215800444,42.906390832466755,18.756526207706365,24.542711432880516,58.294363080179146,30.64452623869342,24.962131641399942,44.460694450096625,76.33417792324477,18.498879855690852,40.544272126343294,62.90372879421881,206.61779916146617,76.7732886205857,Bot
36.590804214120155,2.900006732191097,47.72838144255308,264.39842447599057,119.49585153952422,53.679622682922144,23.033884717721797,10.39542002751324,460.4492149429367,55.97973842654396,26.305437932448523,287.323871500742,104.7685274533287,369.5661720423784,28.701673037563413,423.9398242622923,18.809823223329655,27.48957603578464,0.2342704540258692,221.3838772650241,43.0565945662085,789.3681843875285,21.059088468328774,162.95031946825534,468.68512335126695,34.36668832613846,65.61498467421029,315.1348396265715,505.47321720303,133.97642490329028,104.16606281778658,232.33498101950536,151.69799685652714,40.97129497512332,390.95933794112517,Bruteforce
9.536856789218017,47.703832916323044,708.7429310139261,115.000911461142,26.69440750198642,257.6706062959956,41.51137040960604,0.12515353633437679,30.627776224828736,61.28779354428222,4.502602597962476,191.67062081683352,356.82775668694813,9.289273334146925,15.364195961268576,550.0899396251542,300.8578143780936,110.76527449800963,17.691692692520306,134.34270384973678,131.58615162297806,26.932195579834843,214.91664210816964,78.31215358134752,132.53725989248457,68.96520999092269,187.88233618492677,81.111414991261,28.274458729053954,164.65934886888581,181.62729438611157,33.96765373968573,76.92402770020067,470.95836410090703,131.14748137644997,WebAttack
54.54744271943358,411.47540874413187,217.98289978512128,28.07654504864521,530.4600470466886,172.36151473478944,64.45804659136411,583.9882898880859,124.90822645649669,365.21004366913445,198.94060525366905,52.94168467514147,250.8485071547232,65.22115517451917,78.98221352412892,103.23901001382738,95.47461851556335,183.90835906179896,300.28893686211114,113.19062635270853,141.34640723785967,22.778173157894123,149.1538628516061,43.30028254224361,79.10422072544716,85.39631280868875,154.51083873623725,271.0501942287565,125.46787040351599,14.01329597060242,539.076678385167,48.73376857411259,120.2236894469333,605.7255401296047,532.9893305018811,Bruteforce
64.72054836374788,67.56825591264678,237.72793450983266,18.43574041016417,209.16146549133816,22.487376311362922,50.18822925633623,0.9181697885277794,162.12841719538292,3.760775151540168,9.138139013443388,52.579326539478245,53.51046117175233,95.28958947390022,34.49437616338623,38.62608938604257,277.71113806717096,32.957013438673336,54.60956970334181,120.54386658961587,119.76820023434797,37.40970339246441,45.50751798708287,23.823095902698267,28.985038915005894,161.88969721718485,45.880300065467274,87.79002561390207,3.1679208386925763,9.456120994512524,14.949975754911746,31.209848828039956,5.3544925039671565,6.011479019973314,41.5805549772375,Normal
5071.000343815048,37.499095941972385,353.50896394508254,30.507064336360617,13.72516040768593,29.0309614469746,28.30729823080941,7103.979382229028,144.17667558620872,10434.21202026932,7172.251634971098,20702.71583835906,271.1072471065448,4.945272140015382,596.1305521467557,44.472627644375216,104.0413816274838,7.534770950296853,3704.34415937461,169.86528109955285,12313.838836722454,30.40119990423501,8824.732815604713,2954.1518192998706,550.9722672442506,12.235834716883415,1761.0008686417514,2142.8201809265283,943.0652228949147,3581.954636702486,84.16345207168136,154.54995041911937,18.309219276181594,6350.473967130284,64.07472082911696,DDoS
8.745374078567387,31.50078586107426,7.286272796592717,15.854561845287831,12.569160189798234,35.69290048083689,42.777277857020934,30.65864134926552,15.005822115924117,49.32478857214005,62.34208648210486,15.304204373431002,11.620364013414108,74.4463122115618,3.7283370215567566,4.939369363763689,33.91681362269017,107.10164538437228,70.73798546115702,70.94625443270853,33.40487996418141,49.438250315445984,42.46430810783276,40.36570677350009,147.14606656823105,113.53864553011286,7.5029184711884715,40.02224035637168,80.68102649577014,5.359551014366872,27.941934923038826,40.141043110771534,2.5813881763366915,8.384221476846992,34.65794843870498,Normal
7.996608698402644,2.4547866002684895,5.622149460607969,4.761052191011159,8.48515174151812,7.299917353867721,1.3198545774158865,9.587741511954363,3.552146391320478,9.545913887922241,2.8522104780323,4.689388250202996,5.504638143627702,0.6359170285977689,7.156656356539504,1.0471036446364779,1.6416277711160043,2.902422037553465,9.607462944212768,9.7311628146854,4.893164422507045,5.33321106264602,2.11843117352117,4.180416455389093,9.844182743532738,7.9079207401909555,6.973989921237215,2.784149142086326,7.630592490875737,9.665539072038332,9.879532548790102,5.997921518233646,1.607320477842158,9.64070056863034,5.413787492257044,PortScan
32.58303066161803,53.94922717212728,0.21090101439303482,5.556475923794977,10.970369191844306,172.70620980799646,11.871985736048522,149.19209900827838,13.51364268668099,74.61434610101398,6.745928677983054,5.927870522900251,23.171839566602564,81.93206936357029,81.7794835968504,27.7987590156485,0.7137865832359762,46.680790319397325,14.436083016108986,111.27783891003172,0.7374314024686062,7.582347196551274,9.630521772239854,38.97871626423697,9.45802405830327,11.099639839756236,202.49628190945361,8.314079073736922,82.45316801364044,39.95622965230516,10.96258160019348,20.79698253239164,1.5570513072841965,0.4043702213544171,5.431528870424611,Normal
113.4561640956368,161.8491203770725,5.064881886296845,110.39265150030229,70.44410836642528,88.81247529642141,44.822586871123086,332.2145056721109,7.4966797761173956,26.719410851951842,40.008056051266756,79.11619132125531,321.06889846719514,23.66869182895586,61.71058167280705,132.7159600120296,8.675473394119562,73.64810401908406,181.3409356895891,167.2265167540624,55.99110111911184,187.85376304281962,17.40523851740847,1.4859659861565424,47.8302407087635,9.558933107832784,57.21220980770887,33.97013544111787,331.369298532881,17.047472497605355,50.161210739406314,112.62663989558482,42.76258636495735,226.72505639416624,237.5179071314796,Infiltration
20.04642739513181,44.87496457983039,65.21045239705605,31.516564958199623,41.04502455269244,123.26292338492075,77.4411738290411,149.7011759943058,8.558830328726152,124.56188754079744,13.194720485626657,1.5438898379034205,85.74188061160412,19.703276460553337,10.59499238099078,26.175638810134867,17.42602104562954,142.00900765297408,6.9601501940224475,5.23242383972149,25.70143424301116,15.72827729753545,22.636480807988555,8.516664192353925,95.46642759059118,38.7307056092075,7.48011691470552,68.29783223207774,28.89040678194965,75.7206568162368,15.015432809640576,44.54959682183133,1.6019715759983288,289.38029168673404,57.97430587581979,Normal
14488.671318975488,15.116245346932356,882.1957439525678,91.99683563054106,20.8038850323043,136.4442038396844,15775.86406348142,1085.213407642479,14.492602692901253,2263.934603853741,5551.46664721217,16549.291383203636,1221.1702208786696,71.06813220492343,10324.326813583875,110.398606591631,178.06937217118568,91.48331951112141,587.7951992025658,107.47842422973257,1014.7508223401982,290.3993627891488,4074.9538664313573,951.6791985045477,7152.2775073242665,144.277523517409,7300.945171393045,5431.312176208768,7554.821091861444,8741.486352386912,153.78924832096433,178.03163236642834,7.621159952856009,509.1086638417739,229.102057944268,DoS
3.2480548893746297,43.21232383388974,62.053124209295454,10.622207595867424,4.3547339361974515,81.79539764456077,133.27512711422816,224.07974676982283,56.47262123107777,6.913553786230247,43.698323303172856,189.54309763756942,49.57384719191974,0.5134066667496545,11.641661198137093,8.58145499198628,31.134970201906086,21.068668143838888,362.993814166775,15.661919025057314,84.91748707770728,16.994728025598977,4.295127603557354,25.55432993723603,25.704287917871472,26.723285244524686,95.3585740248869,52.35045163893578,48.80227387874518,29.875046099424317,34.136303518952204,0.20107716354539254,9.41883186199664,6.8046350269307485,28.984770629932328,Normal
72.29277031357668,14.184863207238221,11.875813571246962,75.61756827971891,60.2768035339612,18.962873076684108,18.59658148593878,22.775271293534523,40.904187541926454,21.20874508715985,25.44936845168861,14.207489960451936,54.18717467421749,2.6354602819274464,2.0185590358919687,4.714966885161694,19.64058204805779,51.55760640229552,10.889726320023144,119.2413630738649,33.838700566738474,7.243486484501002,19.40078176020388,58.95169195809117,13.497969915216515,0.09568822522824576,2.908378130595873,64.56234807412893,6.300773209773324,102.29253524739379,142.02138418634368,11.635779305711267,26.823598829779556,1.1318365980747203,46.52934424119223,Normal
2610.590782613997,68.71473084175717,1000.0946401146354,79.6799136648502,101.98076934439327,19.914522461438004,3099.379634409779,8349.740650362282,20.607552161187357,5728.530733143103,3777.859926369822,623.022393336596,2266.1687213221417,46.0265368512004,1292.211711705951,78.80766385781202,4.236888138325949,273.83029440557584,2513.024963384814,59.11280494653668,1788.1193291760167,20.85792752169662,7252.8430728406665,3191.2108699634364,1834.15269003499,258.53829727997805,6165.755596281424,2568.970941951835,9231.910679370572,6110.630906341077,72.23645340051205,180.41500923131574,66.31050626336862,1957.8983010383918,144.6142990893164,DoS
4511.086030918507,76.04679588488223,2460.893686499045,63.80324612209702,51.102169813796394,38.19135640642675,2806.144243581877,9102.316256094347,49.31503676922785,4496.813567081468,1965.2250323603475,121.94799001951246,1398.0493767448609,11.264327599626155,2190.157171775395,8.069468441580828,94.42141291482046,94.42700946912056,2491.4907611223707,2.621319672963113,8495.849850015687,123.41925429698315,2243.3626475903425,12503.637694308534,130.38562040100427,45.07242192993908,1973.7737622843852,15.672686349162595,3823.5848315612366,5519.503202268917,183.0632429762262,143.10034498646786,70.51767297676153,1080.8365321209435,10.32782595546015,DDoS
180.35647206059414,11.494632721776272,109.42579186787582,19.908772466240784,14.633180163662427,165.0545695186295,12.082875842560844,28.111932868073925,7.436373160018148,217.43687446759262,44.29987599353499,256.3041161580879,91.18182151361519,94.03640302733011,123.68554845076851,43.729476012273594,291.8146910956274,80.27236046884624,86.95141987722177,11.37995209392519,413.0976082557265,42.35390673645058,19.65673704030506,74.56544650810771,132.33515398165937,18.10520967078972,199.0098746895808,82.89732690529749,260.19594250267124,9.141838327540379,132.53350821140876,40.97589607181986,281.92504771808086,71.94238815427865,77.05513714045269,Infiltration
3.509901540727116,9.294440214377124,5.763801670754372,8.267634353460151,4.835140964003667,0.9724021781001191,1.8693911313944789,7.580823344389266,8.641075251416925,4.675418124605017,4.924566246710343,4.5012229099536984,0.1836311261270085,0.9550984267396512,9.918880759037373,0.42013634449819204,3.4896905729571817,6.906862395400871,4.248309440620265,9.826638098526416,0.3273868963399551,8.745589597672513,1.3474427066316275,2.048220908601074,5.283037817907916,8.714546742396003,4.14081068387826,2.935738790747843,4.016720059177245,0.9434332609389806,8.382343237165585,9.152150989391707,6.757746719487075,4.446696273988971,6.141507977388139,PortScan
0.5402814152161561,8.226265404506604,6.650864317103624,4.075210144610752,7.465973038478437,7.647323818546362,8.78291764350775,5.449253117434986,2.137072121489875,5.725787837598309,0.9931508849905324,3.7622898877751854,6.103665427010859,2.5188712399672655,8.650827488614679,9.76051845334896,0.7591007021362195,2.058926762241634,4.730116036464498,0.37941425958587627,0.9292743183877339,9.006401236099272,0.45529844501438266,2.4748425266600216,4.236327068055374,0.20459216826244409,8.105938006018974,8.300077680991132,3.9467024034725293,2.0178395327092624,8.923580362370654,6.785560852615155,5.238617801354301,3.9239780776395063,5.392768470866179,PortScan
1460.0424046924786,92.04882822520666,1802.5799066426282,10.000899933524218,63.809683962735484,119.77197226651167,2771.046773710045,19253.911719015934,84.95323068129584,3276.919427111469,1709.321506985655,2591.071169268383,2251.5411444317647,165.22756885611304,1089.0906957352993,207.6755014736332,75.06169577945066,115.6696131876793,7807.461998673498,115.79847807976226,2516.5295132379206,0.5779867893328883,19337.40308513674,989.0597172616898,659.808589258718,104.88514825298279,4895.24262455922,783.463334384046,15033.944479990829,6337.256300271177,164.57094406948315,15.673925724938512,10.294065612743166,4912.688042935784,18.528126293030372,DDoS
6149.979351415985,150.36844074578525,367.06092657445976,17.941574985450906,25.977243768303758,106.0112253276697,13047.96092033688,7670.969154074256,121.1465480598989,349.343865496118,1579.6592397459165,12898.301209094463,254.41329565528378,168.33879482472437,933.886618382236,70.57597591731057,3.8135504401732976,183.88086873268742,1833.4187782985107,211.33685509305434,4746.0665626955315,334.86865908354224,8659.76045022198,54.07948239885217,2912.770783720784,135.7133743062147,4221.41578922871,12111.17790119164,3086.2343194844775,6143.0940130612535,23.695406784351704,143.7076289243463,55.36329833931951,1496.4271566598243,143.7534457284725,DDoS
37.423128408142205,17.322895201665407,82.0745981398205,74.17601353670263,59.46147437525164,35.0523407555586,10.870571631824387,228.85117155695767,85.38478237125163,151.8318461437113,178.8516581202725,152.80526814651728,55.60076507963526,99.8813533099137,4.56349277027255,170.4744864257344,237.93770186848326,273.75187232705736,27.802926540644485,24.910798194356516,68.43685861451694,102.35110571619686,91.97806807850432,199.8507063638978,75.57683500392224,72.71018861602539,77.62947535670574,56.6991236732968,54.96124203198788,38.65156133682249,15.189889524802016,30.670464478663405,15.061914608104948,66.87023139422126,365.750957108799,Bot
25.186744697676687,29.443718932661245,78.56305310928572,26.009481078729955,258.35438539382613,18.9567374327765,15.939042567363856,66.04490174378004,53.06093139039554,7.535535522196522,58.410237210497144,107.97428405264648,241.00238358709314,293.21993975368395,38.660630005259094,92.1858480296074,7.84544425385258,47.97154440971906,44.8019623366973,32.44127928342976,66.78833408994261,271.52386924129206,66.2657474307133,171.22858871501342,67.92079765860515,19.47558844380079,483.19764097886247,30.606366291180937,22.24272775762997,3.80200617620303,199.9290000796605,0.2400930043020278,289.3582645811647,25.601123062748933,39.31712852072774,WebAttack
104.7896906184342,58.64078177813771,171.25028043505412,128.58562403074615,161.62112219168174,46.90701437674243,71.84219253516297,68.68455355415608,5.805019921160884,88.07957474066988,21.563183897809175,26.648121369455453,22.401204060872722,11.012292374262895,41.72190910200905,30.181776977025137,41.24750099467399,26.15186414861892,37.41571700240414,21.76300698163506,6.090674541244524,71.98390435302294,18.07487216053186,36.08372050207965,12.56833626918363,14.436732899726298,7.880235339763549,52.330754862696416,119.8535057226244,212.00773982719326,95.50068155855683,20.102769699396298,30.15033709955605,39.09139496723662,14.242820120301761,Normal
675.0149528155277,9.297102311562275,427.89674628959114,58.1959721349811,13.43809037053495,72.50255349631746,3111.1195070979643,5031.162852958241,84.87324885267873,5103.17494332838,1392.1958870702688,2091.585522923227,7448.537639018934,89.52516614547204,3082.9576170842647,263.4036245767603,17.431221878590105,266.15694332299825,29.857995479840753,34.430681947980965,416.8741036179615,186.94439709295318,869.7653881745447,250.40754489792317,13638.913533244133,177.5868745112904,6413.064609157541,4759.8873464251255,5681.276153063829,6309.865114775701,54.40545467617645,344.22536367384396,120.33089995510862,2374.004985753333,119.077918372386,DoS
9.677843931219579,5.560607533061848,2.0887052066412517,2.9921982044833504,5.710999814447007,0.19285444923395345,8.995711696602523,5.781381109821754,4.922839590370774,7.162338425065535,2.0026110777423245,0.2164342250903195,6.152218162448827,1.6000241039923802,0.12239958692540243,9.289167260860577,7.884187928886609,1.1420109028343406,8.963508665004243,0.6757391773168187,8.029897720240362,4.144715737346031,5.181810521299112,6.683286246330312,0.9876156388046831,9.077564675649658,1.436408747411737,9.415842185788012,0.9148284420593134,1.7200836936765584,0.5755570176740687,3.977849357679477,5.908661292707002,6.2507468224763425,8.285189559825124,PortScan
228.11530956111045,418.0226378574481,63.36388100770215,33.61616943041892,26.364514327705336,313.22132606794463,146.2875845478665,187.9313057742916,173.17130888350377,41.07511618971765,171.17277144455812,18.690479794033106,116.98572199360058,55.75542817576987,169.4680390154856,16.93802962375269,130.64405934202463,40.29692677456109,140.39187818449713,205.0857847789852,52.612298611665274,87.31269581922345,53.71523069698154,44.680249258247876,16.901424304590286,72.82095383966151,288.32415987886424,62.95833280635552,128.25450689862384,189.6695097652317,67.8917945483247,239.4226681736476,6.435732413210527,609.7045683890593,58.03427825230298,Infiltration
53.82076905193297,7.7920195289984795,36.31035378121073,405.3229736820113,53.56011655546489,47.367625917333704,90.06484972580917,85.73421064549979,12.359458638713711,107.25644309657561,12.033959751148583,22.87616053123077,5.915329892977757,153.46684886863628,125.99043836657921,43.48257589477132,108.35535061618991,222.78768405658883,18.815174955128438,47.55607216257564,11.034156018819068,1.5728255211950666,17.24247244118089,100.23346940385969,79.3311034831816,52.552422226096496,88.66630167595679,188.37917449915048,83.70432191375389,138.89413858329317,63.830286573749476,4.509403065304474,53.25921699827937,195.77440919623945,91.56040318977786,Bot
627.487354871294,90.54185805316366,9640.587933133458,421.462476669597,7.6710102648549565,112.30175728745687,1532.2791494379153,1840.3835365852053,47.070131992506084,3965.99466698625,14999.333000181745,803.7398208073246,5755.311416847536,3.0448203361633084,4073.420061588827,14.43383581059314,82.8160670822639,114.12893153078795,2969.7825359809126,46.278396127943196,3465.7378036270816,46.74874197956013,8375.006691464041,5880.49787217418,3764.022370446672,85.25807427715117,2529.6993954698355,766.3163393331722,1176.3523084288352,3269.0468322988954,8.785885415661571,236.27113007064557,141.39990636938825,6243.5583661960145,125.4541051765148,DDoS
41.00284627997223,43.131328983572324,66.06898625629368,68.23463127826493,9.027982671679407,138.3166253172036,159.08288113754327,17.83703999070905,198.76943900668385,25.27604880053352,213.6264396613413,48.31706262191059,119.86826473652705,166.83553730850005,12.287518170349369,5.912581152652885,22.760285783988486,116.14823786734085,80.04135317417457,41.55959661942934,11.70285802021274,260.61098097580725,206.32721956649195,20.350313675435114,153.50278105655605,8.687373188951259,113.66703816608195,92.73765992287566,687.4719668910261,90.34111848669862,4.881358152386698,168.99717900246554,60.42217921969614,58.61082999694083,16.79951544965654,Infiltration
22.876902488597803,16.706663857606312,125.94988779179927,54.39781434163211,37.0033744806561,95.21536342263659,37.06214904013779,77.47391026172308,48.519943709088494,6.098420647993757,70.007696529326,268.90696444025383,24.316467149566225,88.88178374472281,31.09582921567095,25.934479406212606,75.57958874727603,15.486142932570491,31.33813088026578,226.8128821089527,19.439822806194062,17.35130447830443,335.93823333058975,491.22739472894744,98.59245177177188,8.393829420730603,46.83897338941225,87.85299439295143,119.63336947150842,81.68932801937956,43.57448116616512,71.41279753534336,126.92326410094394,8.386141961144752,54.43020419324751,Infiltration
193.54634206220814,23.50651147361067,79.00516784046938,8.311157046605476,93.07270635763413,50.092844068969136,164.1965012405496,93.62625480469256,97.8552105690113,44.616491954296514,105.55167388200097,136.84003057441942,74.44806597848725,176.42015799810264,26.290731183344533,68.99588737860005,96.765712337173,42.85533509037307,22.307310262779172,10.050292244878694,87.06971035629081,27.450904536570437,6.3338609640503325,82.90650881962517,10.990546540904711,207.81531104581683,8.43617909403252,136.01259167808547,99.47315223568955,5.1432086570767765,43.48858831263922,169.2048874384747,16.31176663078001,61.80881097722734,171.1865441605426,Bot
39.9512466120008,304.19388555901634,34.23744814975695,113.25169088378983,335.7091612282056,351.6869798607528,303.97105794020626,329.4929332368787,15.655611484570331,262.61842218248296,53.07449876768109,89.93425692073342,187.8141958055512,43.62503326466297,234.2973040890258,48.67315998733333,188.3698252891812,70.1842463415758,33.01210342184466,60.85128081645465,215.05428686577793,150.80754151933644,8.968489289087605,31.464679972984673,44.439086975295524,152.59759566952678,3.6553731528636404,8.128568461444116,94.26664567019515,82.33729604111446,43.63355282732195,14.730909431757834,8.662273945794007,66.61454045843074,119.16852211979085,WebAttack
152.73862637686636,142.37500948326382,1253.1876651772486,47.778653815966614,122.48174715325806,20.96346800716571,80.48554723541955,994.2933892287673,156.59291077879467,2399.521272999145,9458.709408916524,635.2399177210181,4064.0861921647706,18.350290429605927,1694.7726718967415,23.851892746858763,141.28492682971313,234.57090558450355,1762.7609762242378,345.9017174524132,179.0459653555094,381.36841058351155,10553.002759635221,4338.336032764474,10799.568331761979,54.64772179811246,3746.976768549291,12063.844762637274,583.0839392388563,11005.63790321817,39.7203523574602,75.02865724846511,34.75179036636716,9232.257475539749,112.9888694405167,DoS
18.42554063619632,19.299527200336826,89.00773884230621,37.81373246783988,1.064997092946662,74.11906909587611,27.03059623362995,118.77065147641342,11.107638236154795,17.80191452864366,29.147848865555858,43.325781677870786,20.419781525993095,145.13461047785168,5.425588315086293,7.513196024021535,0.03800634680238186,59.98233756140144,32.915437923683996,145.2375316268601,121.82103303994431,5.868765910603138,44.50410224464926,297.37225431015196,18.815219546673625,63.42529710275934,32.64643111966764,101.50098394953339,0.06273693086347887,12.712850127084593,22.37205180056368,160.1978929775147,0.9918479526002241,80.78547291773053,0.11582521887479795,Normal
7.503566988951722,1.6488337601509362,3.221220739904714,2.649837441248837,4.4706885411279815,4.649124597886068,6.6730719855416325,5.69607134014359,5.798748730025354,6.329848399730194,2.7288970574861935,2.261316197897062,2.1518855411281,7.794482385586976,0.9726170930198341,3.160927058376565,2.80272973372739,5.919257539778845,9.241915845531127,8.785946504436563,1.0538732145233576,5.4021022784064705,0.37197390023720245,7.924061734480113,3.7471820730515426,2.148647860582283,4.841019213914195,4.351033228016517,9.431283521553238,0.3318671278961116,9.499841541966557,2.34371243837171,1.4503216140973119,7.418238075664384,5.225769292667016,PortScan
2.8114929209242003,3.8177250344268243,0.6931069925381195,9.9390075264368,5.553391368612007,6.361757501627441,1.8314065225509268,9.234047616689484,5.711640308959676,4.143739427843326,7.132140271899058,3.043503883397405,9.346406879550317,1.6931412441793159,8.331105097340966,9.666083158664607,4.917425906103688,8.76659899493739,0.7156284378602928,6.205889158814184,3.5623263186305443,3.643113745680795,4.503633272950788,5.967763771913823,6.160135060099535,2.7827262002353748,3.839459617493597,2.4952625578015697,6.325402975696508,1.0203483338927155,4.235744822586238,9.784873772009204,9.887783192211243,5.179632534160343,2.474600097693335,PortScan
32.115230799158795,108.30987079056138,349.3006427577018,19.16741969921064,118.92137478865918,262.46818286521363,1.2737874108723635,54.86661245592855,134.79371743570022,227.3413113936874,281.73949217444033,33.40090829175165,7.058775069428785,34.13776385050526,80.89310867021997,26.478062702562173,42.94038038350554,141.89703059860204,1.7572804292315318,177.65398326222453,2.114418124988863,95.7548372179686,5.905279268355731,32.00499844906422,58.41086766913477,217.52954065027828,21.582259342591154,388.5914126977382,217.8188095256309,7.921221020991333,0.8934452364572851,16.978367145233932,97.46418347151227,616.9099648358275,35.51950843011862,Bot
7242.1141935798505,14.689195440659594,1397.610839689001,245.14562622703355,53.559062949161316,10.97168504307003,2438.4243407413087,14867.006614173322,86.33368450426812,14.100501138612536,22960.741898948807,14394.922650245904,8845.771329951303,0.545467327900501,5073.647036600933,498.43195231390257,6.048439791717799,292.4456351053085,7789.112849149576,38.149560014690536,8735.060280031024,6.100466535346998,1741.8106688799592,244.68984753042722,2174.57329826604,114.17400753700102,9956.173350656238,12154.983493498437,8073.083706796274,13282.724939276757,264.47755383886454,84.91132846818424,36.92376758753828,21493.957836360016,15.464120071382546,DDoS
69.10011946611606,109.05240002012715,31.424545704913232,202.40362091324334,14.646646980895362,28.02860676353946,68.27721042887525,129.0658517792178,10.361289660893016,89.97590047475263,19.08195998259458,32.17302506920529,45.228558622363764,148.76398936016852,145.05718682902074,48.03423819018494,52.616063999716346,280.86245074085116,65.29400712382584,61.2231490784019,37.21890201569818,14.21045476323783,17.309127600710184,52.206523916140135,31.097618371006142,53.148276271106795,92.1548025054414,9.125410783972233,9.271097316993425,121.97995274196887,23.477858791668112,92.11388151947966,40.786093023595534,51.27325085003235,65.96168173275015,Normal
14459.619020935024,30.21834975858949,1590.0790268135195,37.50235691843922,96.40627894172079,84.16259440580191,10855.931523667448,6034.4940189198405,8.140423391779175,12707.918330573973,355.6673394541198,779.9244396487816,735.4002669142646,185.00141518006248,8285.35236890585,140.58361986000992,369.95253782841706,13.083524786394529,63.0169345737393,8.752435520362061,1216.53952453724,99.05192457449739,5522.152532463301,81.41670775723173,7636.784659652745,128.53669479433967,1399.7039925237536,12102.824168494497,7711.908243932916,1594.5404337792972,6.7514658745124,52.760616466862906,77.38203647943077,615.0609573836568,49.21327412094934,DoS
204.507759655352,126.4582391881328,43.89938777741251,36.26921999591119,71.79385299413434,28.73940345861748,5.1940347919834835,44.120733018667806,28.924264779551184,130.75731739885893,105.80302989774562,25.81317143494715,199.29758858485394,82.66087217535339,301.3060228758559,148.7926638163377,232.25531397360322,317.83603034687064,51.59040902777902,110.07933397181151,17.3175365670106,27.82882096546001,22.86994761358321,61.790676960941994,124.63493111155782,84.3921318649953,2.8600398829982705,24.24656357761595,124.94837845844735,101.55825869539734,31.909036263437468,36.534821272963796,150.95007254495056,73.29596961854737,90.89811345653688,Bot
319.09595344523393,83.92903257271868,221.58414897746508,224.5223695339063,35.15828966345534,444.5871473560448,61.11851523742027,641.6939691272402,18.652466591068965,2.9357589056920768,37.892376017080615,120.66968431230991,148.6085127758463,207.51246753504168,176.56949013563084,75.31077665698295,245.0227560626087,13.678214516090861,6.633827967879621,26.778555318019087,27.409440302248296,96.80160512689098,182.9105195857428,756.7953516846987,51.560181728202814,180.2233931740684,31.017756116916534,10.60413785218059,5.909256480760222,258.397464852547,786.4385261871922,540.2039389454457,114.18522289014436,9.102570161435732,36.627422498778834,Bruteforce
3370.8514943549194,94.64765809444813,25443.661245628657,149.35377443532894,4.7301512021734045,65.94352264509963,257.72521028447755,1582.6931477333833,40.7127887055522,5457.167097881469,8704.469461183722,3037.8406659952784,2645.867337985372,84.08744255292066,1387.859975822176,39.77985658170949,96.30002459437944,31.225096538071618,308.8703844610296,42.51014428780371,1799.1006635555998,26.893214337245265,186.10117758844174,17541.138967840878,1229.3565848768617,102.93197240582104,2005.5484328817272,12501.514129132634,541.6498292065771,11230.092949403874,6.013367651369044,200.69137975758457,144.94050251624247,3634.6164787401476,116.74760752096476,DDoS
1395.5072101084015,32.306879659125,10196.017502719176,20.28828238935743,12.116298360258671,2.2220803138192324,13417.880175380806,1091.2663530895586,69.36643618571449,6896.938779424556,4428.341689205321,1903.351185185811,94.10992567760321,31.744306458111875,14225.748500788477,4.756266963717821,99.12444587454681,66.05110436097512,264.7986002915395,68.53492141929236,3025.2034403946886,20.018169795984065,731.1067185869102,36.856723939619755,14145.581793519445,42.66192599263534,11672.144472174065,4433.0965500676,6634.051565795564,9696.296325740885,14.432721002341484,52.4145133806115,28.356985637555592,4404.758386375216,2.1816333154009646,DoS
50.59434338258573,432.91596283035057,468.6442683721065,335.04502739305167,338.01170373988583,74.75515562210279,136.25283990396085,71.34527824797179,168.16566838260235,122.82173725863088,116.26819489259374,24.89572656998771,662.1406671850546,17.848506078541142,13.987307900979145,1.3978223102240321,206.96842329271556,773.4703649495302,23.853663241426755,19.555576840625946,145.1889871304079,166.39880351021083,726.8113139862369,12.639779298485394,288.66765530145744,97.4919770294101,104.25118840750885,394.55619728232926,69.10033136322913,208.61727211767976,8.173996556728284,13.171776247203232,339.0865620321235,38.50208611556109,258.1049319945863,Bruteforce
7.109568695617456,26.292215220775994,21.607599696099307,2.480152310844336,6.750176711692054,173.273380630195,3.4896700509952727,99.40577157426496,113.50688060443888,337.4907303879278,2.0666653502285253,16.937625803270244,14.324842536850706,71.09751542238936,61.766084722000436,41.81329005565776,39.06960032531203,13.15665916562922,125.79769443364688,60.45206939732925,3.3555762431845353,8.310334389324531,26.646584111472148,193.88332652269253,199.1378327377282,11.742101047149985,175.33715589948181,14.074683793601814,29.509865033878,94.31788583103905,35.7374705022521,17.165553801200524,235.40216002351167,35.09929585440163,98.46530017002483,Normal
1175.4512410142388,43.375578979480935,140.8733137842633,26.55611331537176,25.279739605766693,70.3498636816346,2483.260102485913,314.64174026236185,214.01079068253603,9124.77862715316,11119.238372673652,2483.163963211247,7604.610606577697,16.28763048911466,6209.749530722758,24.076856881341133,174.5129457605986,223.2719069125056,1048.6609893971618,96.33454090991486,5736.541379927723,30.079736766672017,3385.7238297213817,10934.342570601308,5887.3285235172925,73.27436229186904,5736.990179341564,16130.463466856247,336.9386647862863,869.7390439216623,183.3598966854175,114.86612969751559,7.643079338848819,547.6753554615606,154.82089632699686,DDoS
948.7876029433289,99.39727669943585,164.07955362409535,32.906460752230984,38.711502680276325,189.92281346155616,109.52993175410259,264.25467726020673,45.5244033952782,52.936951119366974,124.92513818706468,55.73295276312473,10.464075421943802,242.32302407495777,154.2820916759541,6.0913164699326785,97.95295503179233,79.9810924166144,220.90385117334392,47.807329356985086,13.078189822613135,108.15001194645635,72.81097385693506,42.69256622134379,733.350436748867,97.95075750818823,44.32748438439413,26.298154590833512,239.98129888385486,6.629298072970628,194.97676087065076,12.96929066843874,8.28005161708509,55.019909806501666,99.04724903114163,Infiltration
32.063144640376386,158.9109862137657,430.65315044534793,38.289293920441985,51.85090773768395,75.09992003113109,1245.3870402273353,16795.25090161532,86.9536206064522,7349.752156498397,16163.712523174672,1252.7366629778112,4187.371100812332,37.58881180863731,4780.268626939825,4.209560525117028,2.171950846322197,59.60542176332129,1145.9218464092312,32.09698065604128,164.93596336717195,131.39627653374245,13249.085415910049,3656.334384113265,4879.295563923643,57.20398994931816,2782.749297139791,2979.8178322931053,1213.787080005802,2591.462548755502,35.06256104832955,139.39458351977007,99.32369925105812,3296.086991649117,16.11106066262117,DoS
17.56240168408402,68.9705545834054,13.682050386014533,84.66269264107169,96.14899199804256,21.002855151796815,17.425414259128033,43.690033240380714,48.3319389716918,190.24075754836596,140.141823794024,118.2469619069566,88.49316748857728,95.7211700375109,138.70698344263278,21.331947191788043,61.28727799389133,7.965367326954949,34.523914879667885,19.852493047145252,364.5156410470876,166.27744301133424,168.72284454591434,176.74674021709495,12.014836677779385,19.133198457560706,44.52217256946371,98.9200806978925,125.04209355119167,37.17500619587982,87.25341731461789,85.2939369859639,91.45139605249432,101.20571316988489,416.2384807098434,WebAttack
144.34679256062645,38.342576431446965,292.5306846714659,218.68239088648033,22.098266361111932,85.44582860904147,17.255510475283252,85.40897021970474,12.43076781997232,13.653480739988193,253.86347003373194,32.13003436729755,37.02785181760893,142.78940692243486,10.444940006950738,75.01202620107652,71.53720233531644,7.071594052538714,141.20219528486854,165.99546350275577,58.83643750777037,126.08982262480639,219.64895162275786,137.88224894487286,123.91895852199002,30.149922350325912,73.73014423526729,62.25137234886685,20.1082529759814,72.16652227366508,53.32199361306067,66.6695251772142,22.93868835652789,209.56697196002972,232.42375952042394,Infiltration
20.88117770710932,205.245874890542,6.51059550735831,42.40205915459499,160.67355329300955,14.486375689248131,244.89287272691595,74.90195754507177,197.14471453097647,55.22018604137102,79.48555705331295,84.67311044857466,75.17186215355264,53.40266077588577,137.12516825587147,197.56480312751924,79.09129111679411,192.31462836813176,73.65893961210259,200.23966742940559,39.0627915058562,42.410838525955214,67.45539017638212,4.92282789725238,232.96190131566487,107.32163514168882,67.68154705142983,2.63080913378381,102.23871630196169,1.0928343445882862,11.518191900511471,82.61561821198089,13.355429237907668,29.23423848801785,142.08249612948325,Infiltration
96.2745693250027,183.4201560017646,78.01191944664848,525.3705680342272,152.41191838063656,14.090967607538248,113.47237028707315,413.12117282353864,27.217003378661854,121.96259570926651,64.15126305229018,25.272335666348628,147.22659959359297,59.262386409927934,148.4808978764876,31.284554766688288,69.59968955475703,172.37240581538822,94.2539261392716,65.08343568827082,50.99388308690113,40.91988230574671,55.16749578895273,0.2766554206640075,464.1274087469858,91.5511671945913,72.37748416652917,235.17060735943662,128.79561824757505,156.79059065648428,414.97006862377646,61.53324411049381,47.95908473669876,44.487223888259784,238.52445652401832,WebAttack
7.289948751463661,37.376686712174475,21.544362557251524,8.364203543789179,22.990203094604418,28.40631344546497,12.105534054430308,1.438644741205478,41.2077926242954,303.35535259432044,36.19134100080474,89.10983433771092,2.8290223715826732,3.952623533083763,36.471122570119405,164.1968481707205,35.369825403161414,43.70456836861569,368.7408796199324,63.676977637563816,294.02857245450593,55.23498614403351,240.55690500147696,52.48730989722078,20.75053970718962,87.29851043347998,275.4897355262989,129.26775333857813,83.18633603203952,44.27554348934507,19.61034936161828,273.6677223682127,244.44707196352238,94.15369935716271,81.3778834001719,WebAttack
3.9114938151240075,3.690253742763554,6.677761959573135,5.472064855406021,8.913741670717046,2.225512036433235,3.9933178881635847,5.411597175113455,8.167967528186587,8.232396515867551,8.593722290084308,5.191347277723985,2.415994179028681,7.2625551690706605,9.546735249783204,2.8529966458346867,1.9838148592965033,0.22475839601019065,6.664678646047541,5.450150835516635,1.3471436329420283,1.9951571826704673,6.622225822337952,4.3601748978891,2.332309114127381,6.058232203637262,0.5266577216727364,0.16202813979795172,2.608777351052569,2.8951875064483854,1.0436842365891752,1.1486633117199563,1.6780302950944714,7.246087808140059,8.061657775713519,PortScan
9.412230853567138,7.8887885604010055,5.767471118326892,6.486902045219194,8.208942693185127,7.491579183179664,5.917915412263226,5.98079341994024,8.802821203788584,0.09911614249032197,7.1795358246397045,5.656609841528235,8.382939929223648,2.0543696308676127,5.253435657395932,1.2764431262685227,6.593746731785877,7.637678588179754,6.235324717858617,5.547712797466968,3.4337895961919704,6.397842836771119,8.995054362345185,7.2141828190038595,0.22953040978348938,5.087214255619901,7.364169444711562,5.041630279012717,5.913500455222321,9.115844089420952,8.73950064434058,0.8131440802114998,5.105532072546003,6.223163158112995,8.520313730619094,PortScan
73.25401911711131,73.87237128385661,63.88915170188778,9.978015129965556,815.9439014720945,73.70535574268399,152.00631326147453,185.90006352836684,18.552369627461715,652.3005599697831,95.78271134468372,39.1316202528924,41.75392128837213,97.28509944884978,126.89287340226821,86.583137599407,23.517297146541658,8.990257710991083,287.87376038598376,332.8410174943458,27.09106477205862,198.729015815987,268.48266471106916,404.3025476820705,441.8973728702701,128.2645204007749,115.87526908514023,277.04816019333117,173.34153846683427,44.59263282894027,1.8649595632994926,464.4686964927405,75.27482278153694,65.78409758417492,485.10231609205965,Bruteforce
5328.781954913583,120.166837231675,2844.7929707026965,96.97953288230127,63.83130332714111,227.01449266105658,1657.3970205310973,813.3056349674966,119.41830905041672,3563.8373730196354,6687.752301263672,891.6549409514665,3621.3531691924163,2.7369652921057117,2513.569425064283,53.13772854819368,62.92611483480758,117.83059792604173,30.206575898567408,425.0590832011702,4069.8735644601197,265.0515342089766,1973.0296134717448,1065.7654388086903,1071.972287871943,143.54882345235055,893.1319588066634,7358.563690456619,171.71588283234635,5821.372934905486,10.428211486556137,113.94415179741321,8.50275132270528,520.8631170369321,147.53719475485548,DDoS
1.4617879557007243,37.332177355419454,22.554849862283188,32.86393304256644,42.22141694050063,25.74420207674033,59.625222324833636,35.29504037445777,56.09422328139514,65.08317225284753,27.104971156954033,97.02080036661626,117.58170890911013,155.77183739831065,22.967095082761368,99.20010457862942,137.19695996248268,4.766117127769696,57.03015678256727,95.06669370831936,29.762648769210443,183.84697610201366,129.52014121216487,18.975021263561256,59.679006847478036,335.2931511852738,79.78894130535272,142.19213746254798,247.38549868335883,59.290122707591806,9.706149975395286,24.808520215343975,66.3348008181564,58.68015797184021,81.1208695626572,Bot
3.7746629735917123,8.579636879310744,5.805361918497028,2.606236964282953,8.921808306904836,0.15269059960770992,8.829250779417418,7.594542386202581,1.463762465212295,0.6290432137141422,9.51235381882577,0.6703318302376504,9.737616190427607,4.2062903865816565,3.5350432342221447,6.500440144920851,4.960467442597239,3.9004779771160267,6.401617375201863,3.500665349515101,0.3435369915140063,8.24639386346025,5.146393501502597,6.866845012774525,5.751738851726529,6.14192345813591,2.189397329553012,9.346606277646188,4.4772272015323615,9.200967814704779,8.069180221918137,7.200818438061748,4.601178617636565,0.22643644519567796,3.1521214959827404,PortScan
809.4689087012895,308.4475772466706,1488.87283058729,254.93164398094245,106.5003085344207,245.4206977345537,497.75357584863946,3972.8050687296045,24.753412363254352,20790.19721388788,10618.624334067754,1619.337320706571,15979.640830181905,135.62961649824152,4787.771805983021,192.19499840195635,87.88761848785423,183.85303115045147,5396.5488445087685,6.768780492951751,2608.4929911160116,86.76291792691374,5522.334948641583,999.4730556382202,6960.890700707526,96.18431877685045,8576.342200888681,9799.188858038284,12114.737073812767,2519.3051496044,51.588148658180735,178.92324204793107,11.70221922303823,4168.092292869444,18.930718784795523,DDoS
15.657620010050088,110.88124586900119,230.48310342897187,58.16568338330856,125.1641901625738,62.002144599914764,109.34695524240485,101.039921987864,71.65869936098834,4.1288684222360255,174.40064435885537,8.737009096828634,9.149625653179424,15.071553302474804,44.05074210537494,1.86183814986754,3.1700038255782848,63.268279298356745,286.76515645427224,324.0323748384471,51.7928488021146,128.56653655931484,102.39710974897996,89.71606189864463,347.9470265378064,76.55970434616452,143.28876584608074,87.24030481215172,84.88714614929387,152.30795787316993,95.34547350024232,29.37653014080381,90.6634447549044,127.14188392416223,390.9654401523572,Infiltration
37.29575038794761,31.36034183816828,9.766390293224452,128.08002943693157,0.556754176983682,39.049394856390414,0.5595240093688395,178.77621276550548,106.14339915780468,45.89116582537275,16.43907680864381,209.89056845020303,44.58754618253951,74.80459701760783,223.97990103729833,13.407487034816521,114.92256162300704,45.28087278896615,345.1287486203512,67.04419609343608,31.21076803356973,260.50668621157894,101.94662827101928,157.41173704967727,390.1797249249228,120.35470721732473,209.85703294530694,120.78123618107948,153.33304609174877,7.433615032328486,81.80733713329377,3.679739210839435,60.41321837730165,54.479723399877344,338.09569236233244,WebAttack
19.878746123945522,13.732484672422599,48.893296041727815,195.99340585942554,32.969231686848914,11.348878428505845,4.904081831844072,43.890439289237705,13.587276345584534,122.06100474225521,132.898837889626,4.0454994255052075,33.91879184428144,66.68426265287981,15.538738637856842,31.213507284971442,43.145460201696565,170.08591189019887,27.23140733736029,9.12380942462294,0.6894691844656043,72.73335392456075,4.347279891513017,49.826029449771,103.84865430551831,20.616645490506485,63.024880262141956,91.72398760271747,53.646440313698974,7.856786164791737,37.50600022568847,144.6054137049954,132.68314509742632,35.19291009102959,108.1828686723422,Normal
202.78448622501338,19.126590170327955,81.71782789285436,1041.1949310826503,199.68979858726468,140.4397953679809,438.8600901413571,243.60561889569627,58.42591002518175,165.7772087430986,171.18275994400477,173.22112836956939,81.64931420393425,216.33716585565793,113.2878527818684,500.6905381907455,62.98476545228513,223.2155854261884,212.87573990727412,93.25774398032526,41.62186385424081,18.12016835993432,203.8210021611762,108.89090793089512,126.56436757236212,100.2169722980125,27.65116432601437,121.89259395061225,3.037092908815495,91.8428548600219,145.60811285078,473.6227132891475,27.52428606325258,180.34912359585562,87.15882918755914,Bruteforce
546.7260925967227,4.671237746462387,114.52132665779662,84.62407421345031,58.96611368460994,191.52175093216024,191.39662613223697,167.72606614133232,229.15204871496556,67.84855748439833,649.8284289767539,13.304074237862357,541.4190941953594,14.779521484381036,87.61570560863396,137.71518646386815,45.6936691888443,121.24980808496481,108.47953618632926,253.14416088522304,98.27521987362906,128.99694458558332,80.01598005292787,904.0584257082139,51.78749336632442,128.3822686456181,198.57936651899595,94.82734332065458,5.1866556088432425,174.55269471376792,126.86764742272729,3.7514363686033283,171.351706665945,62.44534517652761,264.9104378927753,Bruteforce
21.456946063328253,76.28725930910466,91.38020972269443,93.24248811547687,87.5103730184033,19.056771198212363,90.8278806182129,61.11855626375237,220.66230486946998,0.11630305999998933,12.527922678632459,59.01344484314915,89.13681963305,73.49194923220301,123.31673004102713,28.653208572291238,49.14390315841311,58.20550703668379,118.3206186602666,250.61721357406262,109.55533540806057,4.9172764463544665,55.17065784091585,80.19773296521545,11.81184757830287,21.262072566209632,82.92024992012512,58.43264708518383,181.1907270805916,153.204703709498,220.1240179906697,15.720997241700497,158.61953058658793,13.485133541251168,12.616895564429829,Bot
2080.6403573996777,173.60716989514378,519.5801956553303,36.63109740673839,63.974412973914205,118.77650480710943,550.0683716018962,10421.352957106774,51.4782420995165,13897.004855262756,3054.74820227713,4911.572652651097,7726.442871791545,31.199093205095885,5271.153717104161,82.00467047111839,9.731369617439036,168.03799539283392,252.3532193999178,174.49506038314496,1355.9875604340966,138.69114577968082,5428.777163528237,13743.616346436702,4011.3606886181037,160.05039318268345,6360.813829118603,997.8481770139674,4860.667904043166,2668.533993360095,71.95267959134291,26.933142309105406,6.718559569842661,1796.0460620404679,116.30107465415647,DoS
22.055664587473675,1.0633104910896498,31.057307774889914,1.828425400777985,25.029574016316552,330.664526461572,247.32477310111292,240.41140991010263,40.03782637299135,298.3477860659325,114.92288499157029,4.491575798474018,26.236030335551767,108.12846487754567,17.721355438153292,11.860020575551374,143.05970258061055,0.5967154349131701,3.5270008169557143,195.00632776643795,34.96241895916988,268.9558314106237,153.7710662516413,114.90112459940387,42.78309284156806,17.22813184400204,7.7607218602192525,143.43330046163643,10.505068019238147,20.428442757792766,76.75185192389891,3.9489176734520406,107.95377815202531,6.719346234012974,20.4306814065224,Bot
14827.999824448822,95.78126956140599,439.6795159801134,505.8974637649049,82.68606657637307,36.038954768710155,6304.235717283303,1845.1672597160639,30.54496648580866,7424.107822564694,957.672858165289,5369.694240022369,4083.0749137945986,104.1527554764466,6245.64018522058,28.474286855254334,177.5672198780461,154.3171839095632,1386.2387966546685,273.7493017388316,13086.05250756322,397.7252774834633,3952.778520558681,193.81588655369237,7955.698832274991,175.58141055633683,1314.4804529955481,2759.575055295268,594.4100464890944,2134.19240303486,131.245322660503,170.70200117262564,26.028097851575886,11189.700964328827,73.96817001635053,DDoS
37.31643250453395,53.56566272991399,231.887888401962,83.91076999290755,20.854443621027237,48.53296037733315,24.693773180768332,54.259812544111995,48.769282598670515,6.529461419338,36.547918937816775,113.2566912708763,195.64929874428046,44.63917109727693,56.4477574519522,174.83254769436036,121.2031843138757,265.9770052462281,56.976220499786635,12.781039249366156,15.366996693900775,50.664373895491444,154.73251256056813,169.18695869977958,32.559246647943084,23.860155280928208,193.85276807497075,119.0579279494073,11.238754448402986,55.50297865435461,94.17458095230711,203.87549364291385,12.673646361546915,199.86689436195542,18.91488692516551,Infiltration
121.2978970409752,3.583731845890749,179.16947507158238,409.0049327856922,66.34042519082645,139.3092080123024,89.42696691187973,13.554859907465607,20.119994067905154,7.737093091271941,152.60594789040485,102.75101163265916,0.5187703636328274,129.68350323543686,12.414505381082659,219.4706952186516,296.44451496724224,1.457225263125556,82.53882699640165,74.15331453839791,35.69852240728657,374.84280523975804,53.524797439104844,9.60561836315114,166.02076017919725,73.02115451634903,91.1773432363256,52.67693420319587,70.92246086889936,55.18207542565594,63.01411565597183,11.065467594841524,78.24156119090686,45.01791488678414,0.6483566218636684,WebAttack
117.11196257788153,39.604874537525625,155.32208978349232,22.147831657781612,29.737692755267226,7.612097124785384,62.577966179401,319.025111763859,38.120529266196826,78.8340412457422,143.01246803431548,65.64487720986769,62.09490412450616,46.726879370964355,55.6460895865363,3.890431163462528,99.67806611500066,84.84425552473861,164.0715390343478,24.694540029877736,1.5578869920329768,19.923762957442747,78.5365192744537,14.388035292729363,32.62787271669153,84.89913568230367,22.83195620275266,22.406962534462174,10.081726302833573,39.6791253275762,37.52954502749184,141.538335138579,115.62161224725595,23.752035194713,75.97824516877519,WebAttack
381.09103174388866,5.0123294234727975,14.585763456641901,75.92461128853387,98.58209692786471,84.3926083987101,169.35077300165958,389.0137893531621,5.344306424291098,10.041335627577086,0.37493044090890204,19.091939157346637,23.94341896603869,197.1170089619971,3.3849969435282015,47.413590173311434,37.90723066638851,72.18091281418289,12.659027791245094,72.26826760129623,38.12140676359097,131.13528394482142,115.44761062922132,362.0200145370667,44.197981433316166,160.68344609246736,2.4666683068681516,14.862140051492592,11.54482436270203,473.15557239905337,5.333645455453205,23.27025586709188,75.193563121009,60.13385207784242,18.434886148254527,Infiltration
6.1158694104931985,7.23596987009108,6.61822027574418,9.212366954993833,9.56171249840873,1.97062809222334,9.125424013732733,1.066818657543963,9.568917820250952,2.5934484708149275,2.657891531328386,4.2154555105099725,1.8174228848491158,8.277186523259143,1.2473748014382513,4.392888036621503,9.071560107627624,6.353890985942537,6.071648445781025,9.946442239288725,0.22549082397360753,3.1979368510519435,1.2501821789613998,1.8457727897036447,2.1600449852749515,6.268901105673028,2.7210702379371754,6.641845086368747,7.380696505355031,4.019128021922588,5.363272743979309,1.320921741025286,7.526393649698798,4.191182837485102,8.346352046368917,PortScan
7780.9269344243985,6.973622639899898,11913.081548209791,62.64871882354207,130.99492445690518,527.606438491213,4679.139251993665,2730.5346997564848,3.8550569487392994,2893.277942330588,3677.5278969931323,2067.621501925963,5020.582405793613,7.324610590374263,9727.281841784108,88.88768922117272,56.80466324285308,49.71275726161842,5985.912771808523,104.13599348723315,415.05442501673616,122.65421966940484,376.2189645304911,2557.2342362687978,2118.114964032169,71.55165858035201,6026.868084932447,4542.97142982686,477.8163615223252,8270.658060967693,162.93328924657996,89.29047071858349,24.032389334395614,1070.7502308826838,278.74461395030113,DDoS
5206.444842578776,5.022454112231192,6923.097847759957,115.8897308242795,28.353893734811862,53.31431424854094,926.5642769192285,13104.935588703447,21.8339582408328,2949.431729665687,4975.158050330202,46.050174322716884,3654.4933271603136,109.0974807761306,23103.229585264704,9.280575748738645,24.749696855079733,29.282131635441594,11161.054098944727,83.4546394476374,916.1799562779005,118.31669245959064,223.2076174256368,1466.4814416279792,4617.153972071333,154.20901091533645,7833.281420920567,6636.346209268215,6527.102326990457,7722.613039844253,14.013882804717397,176.9573145884576,76.5158673963217,4426.717302805213,73.04943072690105,DDoS
4.944283716878617,6.39004704511155,6.4748328293976485,5.168743957036672,3.047742817667114,9.031586001031727,4.3817551974500635,5.71127982816141,5.591443247039303,8.276380417487161,5.3462083497670765,4.5690288269199195,4.600610249439213,7.799485941636361,3.2997510807831465,9.348511403931587,8.466039575677618,1.3834759930001084,3.172390209934867,9.056198658845908,2.783713493015192,3.1765825526199096,2.174559853588658,0.5439405336382597,4.784561275896635,7.548530158055845,6.599974087909343,0.27624972190729014,5.2338290636508695,3.3028913619456803,6.417886858194919,4.051598242447528,9.80530085299624,8.284501663357348,7.003709126549854,PortScan
71.49467295145324,583.6024174590901,4.5242116970704735,3.3505669807083556,219.67367836709096,27.47936316687779,95.99271030941158,19.227360506758917,39.90865462802494,83.07262167764812,184.38170183421622,271.4233161464057,162.45149189781625,5.019142834211655,100.42466803953518,35.94238148082178,37.84284340255839,126.59014545824576,267.0515761581872,49.182097312654754,304.85018942256755,270.38827295590477,517.6021376285634,393.19887934104423,143.17804905924098,43.877614474429606,227.87093527949582,609.2477735339835,408.0188290657116,76.7302486776943,724.429411841374,52.7215825340225,153.84679315977172,127.80517846457113,390.5765726838377,Bruteforce
248.2524590694442,444.24954231962533,169.87820420162657,208.32386767225245,240.49617172950337,173.82251920148332,83.79509364717394,159.4668891020202,40.419966550103645,37.934901526997685,563.9388453790281,42.27265975278507,121.543582882984,120.82341104137033,154.327714400832,723.0226331040161,57.183286224265785,7.7277708930148235,86.35946810623662,88.99969223628061,27.992477096761053,4.663859502537125,64.68990673135485,173.12864387985812,4.712650750867409,98.94534525900582,116.37765073768212,422.2256534831961,450.1869526880329,287.8502204785432,94.37197744408816,54.7252236778318,77.06697492219249,112.24122592348529,243.1112840975855,Bruteforce
7.786933398539819,7.761791090034144,5.159756380117302,8.823208157660565,9.319312779276233,6.3071330753535335,0.3840640187431621,7.759657080896254,8.919172102415908,5.5663863584277475,7.00357864885992,3.5604424004232205,5.021044068728679,7.981063836536784,8.75961162916166,1.1521626636043725,0.17185925392267154,3.7359188225548623,3.909176161195622,7.7333037540371175,0.08597228154158087,7.640032503607427,5.363264438004385,6.9782538886462575,5.092585924258954,7.9072490274283025,4.370693888939044,3.4584085955738066,6.365190517692084,4.444449592613165,3.0342643702403094,9.135464022315022,7.232736057115837,1.968774405726742,7.4010597005043675,PortScan
5.400436233611018,3.579624477770895,9.011035760675142,4.314980689432097,3.2179742053467852,7.23880256700617,4.932529481140559,5.55099079827812,1.5206741544666502,3.7519270728719913,0.4642406015361422,7.548787995750461,2.4558166279924443,1.2051576085729543,5.895120307890962,5.7942965472154135,3.157975695009747,9.623511779429233,6.355213105780555,9.263938866405134,3.005956833084742,5.518030592775518,4.1352072886053906,4.132833517954629,0.47767321958576026,2.1963638769397056,8.693254492248188,8.498553013486807,1.0509800988543327,0.18148047693066993,1.020457696410726,6.388014005995409,2.3982290573469567,7.626242120709735,0.05829144762904526,PortScan
289.6364752725141,58.434326143268144,105.95795190024826,16.726566390286703,309.15868671859766,168.38342772927476,97.98028381952382,35.927296611194436,107.72838192790906,122.93062163669757,361.3326023386293,12.762081402221991,60.572215522444914,25.06002868320329,31.919648416590174,277.36417053350766,10.462255683458533,158.6682924668684,327.23569870608145,2.302022063632957,27.18891005388694,42.012605741807164,12.30862738084918,7.494548164403536,27.079447897443483,19.455253292230854,111.53975336555644,110.8387039770412,116.26525425830667,274.61765165278524,8.575692989060665,66.67711675615685,59.29870729042431,285.5731524552018,22.88591765952547,Bot
1.779518666378278,4.221309867925649,6.5166978142368865,8.224611236529222,7.380044085796028,1.2153109997286082,6.456719566101467,2.94053689558523,4.064978094507574,9.942298681414092,1.570558114107209,1.0438053423171256,4.091441270142711,8.641280514831386,1.6220827211428612,0.7995282495521594,4.188489342674863,6.322980741966671,1.5469250977940674,8.04588849024704,8.459158898665004,5.225959258624907,0.3046385745440461,5.161022805203865,2.141822470550548,4.460970083723856,7.597372283665177,0.5441886050368194,0.0015202940505454343,1.334490835133928,0.4536932372943825,2.604200777612833,4.042680562931195,7.797084806413465,0.3032722868611726,PortScan
160.13303836574306,114.85045218508407,80.58122191280891,21.746237255089145,127.06348911685895,79.3091766085278,186.96122219092243,42.663075125433394,114.38730570412332,11.198622356340907,24.247112600290347,23.31107100796922,45.49951762269522,209.86826277634094,65.44550833049493,77.94456499479087,8.680316097602201,62.66884923924432,68.7261504740617,42.97692657350191,110.54120018841157,71.08991783688428,18.510946753705205,94.2268356477508,72.42517861230627,42.926680265084094,2.7857253124963504,54.96315513561492,249.52308381981572,186.34315890416732,88.83093396593661,21.696854023089614,151.79780442096214,174.1528988767811,4.886743322006363,Bot
42.74455029257941,10.848853328831753,14.631274032704585,73.5281644447212,3.408487469064974,71.82195067123352,65.19155702121354,67.22511915391529,4.580058485254972,33.86824701442331,47.92737024210424,59.26052358650754,66.38175320765792,116.77804745605536,41.94343241375611,49.288819480126115,3.04914561298622,31.82568670801148,29.887333671124505,19.146098390366507,63.64240054157197,29.70368509435361,16.048360774243704,17.33264120951755,120.37675219703333,117.05544006335298,45.574645641559584,103.52101500907133,101.60167908872135,34.310175894213856,6.576235867474628,71.19334605550445,87.78378857270151,21.88325124394457,157.08377412918117,Normal
9.988081134478552,107.59664846539478,429.6697771935385,174.60985802576124,177.42930576954038,56.64374011564768,105.42987395700449,238.6365223336158,259.3152134608229,402.0309110866118,20.376326019997258,206.69474901969642,166.47719461227194,29.543987768843284,139.27846798952373,140.49189271477306,26.105138099330887,81.55931847728844,514.4349537368006,426.1563197297063,296.20240254440796,81.29269921655312,126.67304119249616,649.1578893610283,487.4193019330057,351.0873907833737,85.03617482830687,38.326755791442494,33.06428267751831,6.072029567847535,151.25937081307768,177.24091774824794,552.4403275871424,187.78638435473488,47.862334283015265,Bruteforce
158.29895393431391,15.851181299910975,31.34898568061788,107.52044271624541,100.42601891992872,43.80094207121049,75.42854034912371,110.37628990701836,179.59908559294436,16.246061440126446,40.723903465414466,108.31605991333286,11.494577537765805,698.9482055679647,305.2595301742057,89.50359217394914,33.37649482313595,102.21240787769692,430.7719995249731,7.966885266479917,79.24245456637836,79.59422672201434,22.097637135094818,108.51666077776045,20.147616801656316,94.11955495706225,10.003113985897599,260.0632322422192,255.92513253959072,361.8315651183262,16.91123129303291,263.6188250262787,146.16951069885127,12.811000065136223,31.42548647799579,Infiltration
82.04375806099772,37.16490834904575,13.18293623971253,30.178322646508537,31.237665807549604,94.17774342621843,130.25747640031332,417.6985123922735,223.24821014312,456.75263929607144,154.50165883408508,1.1098851897415398,11.575502101515792,90.68838410616007,69.29102007422196,24.906895527362693,25.976059700144873,135.0829895875713,44.381838049499656,138.354269551376,124.31528760192178,51.31565949955208,78.06704721600227,37.741404909710866,95.08385822066056,262.4732129340477,150.1043892755112,100.1334921815616,138.63058289123327,54.50201166192722,53.967712987241015,14.979945287602254,48.60151663732476,79.03256487290507,42.892795977002436,Bot
2.6060280477847586,36.306579404005824,625.990079978577,111.17322562034313,32.299435804842766,75.09861544837887,453.44871021404975,15096.037988499533,127.92431780738897,5532.571898678206,8954.73836079977,81.32934385190376,19592.85448780613,33.32917882321804,11249.99467539004,65.95962672571436,47.63044143991989,114.68439526808598,12250.416682942488,126.40991521773208,1604.9863513388407,22.665484987763346,2308.460971458671,5752.441542780156,3450.582742561833,117.10368070725501,10396.488741185354,532.9124173219767,3477.6103847218606,5565.220696965029,34.45792225430677,415.54322525901017,111.28460063617626,1575.002815580617,19.776822129736885,DDoS
129.8862148913266,6.451409012558019,38.89403685339239,50.038767834051214,34.625931827674776,2.2525377173375216,63.5658059537817,1.496276347911653,121.88551043461426,25.856269471393784,47.667877361762656,24.87720888937652,13.672667173561889,69.65566983162633,23.816200100960096,31.943798144270787,120.26332710395467,7.21620573860209,193.48825165074993,30.700532142499327,13.258859738966725,73.57555145135477,115.24211770870743,10.452496856322426,7.609496103198222,163.4828872479956,18.419106598816047,63.04188190694847,74.66023725966296,0.07670956872109819,71.6486726028093,7.5405806424224675,35.4910637441648,26.911625526924425,57.07944709256417,Normal
80.3982022668111,247.53186991770986,69.18870263711364,89.96998029340347,207.55874083599696,80.92410754725424,230.58336055711814,39.791748468124496,16.83316847310323,59.678858481403275,167.2171229384429,50.64402759535432,1019.5121559785175,216.7896136636616,86.29149833572907,996.4248766378016,93.67700143298174,2.1875473747142307,130.98833307734975,250.88472203803906,68.20146261304345,22.14912164559855,583.70594610774,109.62593602459646,265.42917048446486,376.9642955643488,171.6975232053759,154.35953698215891,136.98996151661623,577.6117484281816,78.38261936752924,287.54782426549485,162.74399046278035,23.64126247093358,247.24184519984033,Bruteforce
88.15802743163742,78.69668778678901,81.87561807293,24.847057899180637,66.50675316906427,22.88384057272046,109.43831254026695,185.08419430726067,24.765789276335134,273.0998782269299,222.04934306624722,0.1770029011040139,44.83454000442148,21.458932591883485,17.012459659969707,176.24117029192263,125.71042443697478,66.2413312120867,163.03878632688554,144.95763765593102,9.49970878007219,8.346041235322565,142.10553099073675,10.206942172330251,188.7482634024235,103.53136830701722,127.83059662409491,53.3166737812664,31.17910362682767,40.79750208756086,12.599769315746215,42.65897311689058,117.34548103217102,206.6582077762055,6.366903514542507,Bot
1.500916792149417,4.455505905298658,1.5503454292007335,6.508653750142246,3.6282693333933738,9.640715200591846,8.165871862280783,7.242801116381315,6.8871267852972995,0.3960521816735485,0.8368559531676201,4.321109882857554,9.14700131162832,0.9402818194241236,4.201394731278773,7.939149132691952,3.197928002295143,9.293823888051495,9.346998322993574,0.5697398553351096,6.164030372427945,1.4557210405749277,4.410107246280885,8.978044341647406,0.7336705711901514,9.373605837588372,9.944602217552688,6.702456478501859,3.5627165702305064,2.5101266088779473,4.326076890757728,1.7982661637882236,0.20056497425786302,0.6273862611817704,6.635656019988429,PortScan
488.85905520533566,91.57860184181415,5415.028436432781,20.838707693764157,108.1546706827033,115.40243928399852,2293.737356178325,8054.566177045862,7.942492087743094,5613.705112913228,370.3650769776047,729.3565066850014,1487.3943221468598,181.86915326065446,450.7261408941263,117.26182653962533,81.89269540826248,4.520954248564802,1507.573988732155,174.80454131181727,2180.8617566318585,161.16375655281203,1106.2014693364276,6235.2760827124785,1571.2775528531226,19.00481120578237,2523.2917706280427,4383.7150883970035,380.1891426870953,1750.6673298621201,33.47098458467765,26.399284894057406,53.01644980774866,295.4547499042007,215.2717444835933,DoS
1946.886172624835,12.590851361188463,16425.8848740142,26.586135247306146,81.30187364236501,353.84404287328266,2548.769735738415,19871.84085028692,347.4050557913354,7778.056141992568,149.42665567694735,1786.6376431666517,8189.791868028752,37.28654753366699,593.0384073730959,10.715735428205083,56.93092661112693,67.7949664518948,2097.9660582691163,133.5834054513808,11466.227399369482,26.22836779534734,4028.1723461830534,667.7844717457897,16330.84016653588,165.11321781358205,9534.416596842555,11442.591667607503,2106.4558638034077,3729.751143831749,276.5915021561285,177.0549995798618,203.25515725522033,1138.53743882944,5.599907769830198,DDoS
310.4576637921983,182.88058649809918,41.05310054849379,42.63522063004721,21.78672981370714,116.98819969637542,59.46628200952644,35.976752710114745,85.60736055067576,27.948287184409367,74.09960819870133,41.074226035072826,7.711744631262718,14.722842155010351,3.009116083855798,11.42078215567012,16.3802561641647,189.25031393645224,3.2352713902493893,24.661384206659797,112.52865643714199,119.62609199349063,185.24159690695333,122.60870011543776,59.93374278844597,0.012583990517256049,1.3021172800732985,9.471858166946397,355.8832999981727,46.79142272736006,250.59714789249776,156.05533434846245,242.4200421170972,59.74114816605064,83.20130695233948,Infiltration
93.82594082416698,114.72476200217383,455.24593663691394,394.6740379251696,12.55726715108543,61.3908447891367,422.01523324873796,7.33564761612174,46.939962597585826,191.95576897192532,179.86822103126815,124.70647807072248,114.84015074820894,234.7990028855873,263.1827571887353,331.98377259078006,138.53741085036583,35.716061869076995,179.14918342042225,270.21900719623704,702.8515596810773,139.3883150411259,86.40279918396016,449.05329790677604,9.496834335783285,92.95103417587724,188.38027327294995,69.46358449166948,396.8997316742656,191.2747367843057,755.058016438671,119.52768795733932,44.88062616921665,414.02680652027976,130.7088919688261,Bruteforce
2.814637849881734,126.43738893465613,85.46774100206244,10.783944685705492,1.4029180948742697,69.0513550618722,396.0151508034676,578.8038187137525,803.5648261827326,259.49275942429296,237.51868580562387,46.855578464744504,10.808491863426084,381.3604822538706,863.0603520941719,113.89583447416601,102.27583084375603,90.73490409506613,45.043514169053175,160.70361278531396,429.8589691222236,82.13501643639093,4.5242814738238515,262.31090253352113,261.6671053630814,480.3384825661267,647.0431104823203,372.9753471226631,88.30186503741142,66.89996488271665,61.821632237149906,36.30434346055035,107.4412409831177,360.40432034281406,150.88209515795074,Bruteforce
46.30694295647878,406.75653958346595,122.73593090895693,268.4931755749991,25.1623179380813,162.20626961689388,212.62522505219738,303.22337742990095,1074.7094230440807,530.0225216871115,126.04968807410111,81.54859558752264,99.15088562884013,722.7347449796158,47.260126113482166,818.9851552046811,270.53091729664004,90.78852762835729,433.9601488919852,76.2471131256626,259.3140281741973,114.05414374550465,148.27123407894027,283.1437431192584,213.64234178611338,4.144361953864766,98.46454083031755,135.39902127301556,41.32992791377601,213.24477682511062,112.82440349685182,259.78597978093325,1.2089317432349993,586.4853148582681,64.10637520445546,Bruteforce
311.4131383181777,55.78851994886214,3722.882734298759,104.34081035850835,219.89522362578248,1.1358247524269733,4669.471851670329,347.67884429764246,34.00298617525175,1925.4200086036283,20822.32685358786,3477.530216365954,1748.9853698928248,28.84498778866469,157.0995525629805,42.29209599915885,38.24689947804264,47.981407223303776,2829.0759491951217,56.24145404359119,1155.2595684778196,15.556149488764895,1617.8113080166522,15781.678459108925,8138.030062793085,37.79817930651633,7033.852162655493,702.0009902646743,2025.6908211793989,9545.035347568444,29.14075321846672,144.04775921295797,85.90935769927601,2807.198660408439,102.11123603573158,DoS
285.0443996808093,23.591736519387656,58.262450479243554,8.493956934089624,3.287200971180605,26.13283378420817,289.1723718123,215.92867201817975,129.29205757874905,101.62480295702278,47.52568421355176,85.59399737382786,62.693704207832745,17.158620659159862,233.95995470054314,204.44585410447704,104.48476412700079,408.3612679495962,170.84677818011477,103.25514790771415,125.76045305529703,35.364881063813556,28.134079011393275,163.9284420069054,29.507557905071437,62.962600467255704,12.817492740802969,166.8280217820792,39.26448097295047,79.98854408532151,18.70311115715469,278.11812659235443,75.53376766282777,6.370629178621886,18.61941335984982,WebAttack
419.12524967717724,67.39938888516201,11796.64469378843,11.433959509154382,777.6430668536634,185.65586389910834,942.880213246445,723.055471905671,168.09447214972616,20144.370736331635,31.192510550283114,4604.033376343904,3237.6318235063627,34.47122869955186,1250.3088158676755,12.443868543993142,42.121689265017345,185.96872659009392,482.17961920821307,248.96796351656766,5197.426090258844,6.147532543806287,6639.8651227847095,1944.6866020302184,2380.8857159699187,92.86789025128624,4237.314223679529,17336.115764045757,7025.362315306172,3328.695767931332,51.600801111026904,36.14184820232902,2.5833392908077824,8724.935995586035,38.48110804291873,DoS
43.21849041161498,122.15289329476786,151.17911772950282,90.64198771353233,36.18139554370807,215.78466824861252,3.343599093156354,68.37984239335749,138.73529207945452,47.52125188162425,39.969016595554955,12.849868876567285,58.3629605551581,267.73635094235624,3.2279382338206424,5.9419873123249145,229.73617303624016,508.9872150793844,95.44223266858309,496.99299487750153,78.61566053024855,81.29838688783693,129.42017974395264,376.05354049811586,34.05083421928288,76.63981835411896,270.66923596240633,253.29037060448044,224.91059474790816,120.14742662757796,120.45573122803009,79.02359544921924,7.567402808284742,44.07264722538103,138.857012501969,Bot
1.9255985748624145,15.447845342815548,59.0956229701299,199.9288373181283,226.66351252977108,55.74610503432977,85.49724859051771,95.97809099853542,29.781675320797273,9.480683749688659,37.08177148343565,26.727708552541024,82.00660190420341,96.01638845959111,49.10529014263715,79.9574769671405,50.39012666433753,45.04215962388243,39.429168948745556,298.1945868476942,25.142008709098913,52.12032812750964,105.90799033975497,5.196793360049405,35.83882323031547,5.299164750962203,2.6129720995649546,20.65820164902341,52.83888650752239,138.03684854226864,47.96523124586564,37.75186579024531,93.99126915648259,243.16410931332547,20.134094389233166,Infiltration
94.43912488473043,84.52288068079494,79.47114926302727,83.47788236033192,98.72247127584467,93.6304446469293,182.19784472812825,288.24897036350717,74.12353250372765,5.263044939574725,20.391773400726308,219.94073576158036,130.21863432912488,94.44082545813177,6.298109768244456,239.1405672359827,210.14840721155986,228.10282591186234,17.24875721584663,187.04081083378813,113.97857564686942,54.83678855416626,72.87872298893842,10.793987695075597,149.8494656147654,280.3782519146023,306.10869140070866,20.383925099912368,107.30798860890151,55.84049713813237,73.4055574714406,11.373083499478625,337.08535590571967,18.433632825621462,43.729703924472446,WebAttack
112.11948831869809,63.10498015734218,39.931571452137234,51.26151225977058,7.044661775481412,153.12880213972863,107.32875472369743,32.42635328004394,13.347748432987805,291.8871749069349,37.64816484974,54.10986227800038,185.65780916965576,8.384026744790054,36.16802536783034,58.53383020591839,26.280899792736157,40.863719532806556,88.05163390523411,3.1922030988912753,9.416062376216457,34.57982587153619,83.08359287946232,16.420876397688325,24.877617969955207,67.11602965938333,15.325200815837473,108.95864836480112,65.69804550218919,37.60370841495849,32.515420508733285,24.52623641297671,26.385340189290478,86.21382126238373,1.051635878553771,Normal
7504.726740928487,33.17612509041025,10122.056585266118,75.68966016554121,98.95023486433215,9.03974281286703,5337.894734462001,992.4678992269037,173.1937469346462,5000.533102840961,1336.1094393157714,3843.055211910699,8144.681064264849,65.58572380099848,11377.109844608565,64.8758880513601,0.9856973112073205,110.9777171674805,1491.4384751548694,150.25473365848143,2307.6596253351477,247.4488265072437,1593.5412336894615,6757.162890677491,6267.381932695494,31.87810230830185,6721.4167474643245,474.7232191325682,2151.397083362632,9390.338478664837,10.849047487661977,108.93889533772223,7.833899341821948,2222.1827403617517,115.82287560804207,DoS
14.67034427326707,58.91325623968265,76.41481182176844,77.83280782822028,130.69771098652404,30.40564978259302,33.6455193005607,228.31814190384864,129.806623758744,153.96333034408883,633.8777936347166,277.4536125809705,307.3105054887239,427.4338549909823,83.80101814569875,62.0554313417629,2.0863655125301617,158.7934539745566,286.11112928899473,78.4505489978482,7.173924145600365,20.1315028812231,8.187578893607677,65.04063440003875,133.4754540453415,186.45600368832172,181.041981890854,5.265779371919709,33.118995039776344,14.304559022844801,61.2340930904096,202.83051618621403,11.959855579869636,279.6972802180691,102.19119063575941,Infiltration
76.81082084934799,285.02637080924416,34.68089114503485,90.42419853980348,9.52916953935143,45.90071142027142,2.854523772557675,1.7660351985532008,101.80815316769039,75.66311653093976,65.20661256170033,61.109463492294566,36.108376275021385,34.65275516597754,6.132566304459608,6.737495284124405,28.59462960085539,120.74334848765358,104.77209339117705,21.241668355328134,104.9897001576789,3.162276226244163,134.39546327641204,69.95601476608151,4.972400725091738,68.07488293355662,53.63629223053139,12.958884288079265,27.249603186403366,52.92976291088889,4.4014885764887755,11.487793027746173,55.97697433026491,146.2959897565615,23.16709635980004,Normal
6.5406686132884175,8.354809515627805,9.089852090284763,6.986827553998042,1.4747451829902058,7.68350960915789,8.590249338320351,3.5130597029532753,4.941526784803778,1.6638260911257796,3.045194996445164,8.6979961510945,0.8884723078171508,7.624231229009552,0.9763707406401201,2.9262041550705185,5.82412405812618,0.033133872473835035,6.753724924068534,3.1619516815506623,7.48570310028148,9.752367546799631,4.164890910520097,0.2999589452360474,8.488915768304096,2.7457834903996767,1.4861648413376383,8.79211982059286,2.3252970318921076,6.052852917484213,2.5398364530776565,7.124581949833409,6.4874659215944375,5.091682133374955,5.550249037095213,PortScan
87.68026794028259,36.340456674830946,40.14460819711184,67.1769049554182,34.258441281121534,37.63681402601573,25.886910083751214,27.617870761405754,20.02940529552017,23.31497796679875,21.15734138073909,47.38879858217879,44.31836554152591,19.0412848754381,69.11654857695737,68.6237220979258,25.822385503734186,24.84106598051529,41.26007027296077,117.40661147601578,48.409365095459485,0.9154693998433334,24.558948505306695,98.32695811235841,41.80698752994358,24.950248441474784,1.6109758885351335,0.3380511115040096,51.88186550597527,35.01216567333741,23.0237724992216,34.92009186763168,15.497586029164928,22.97915945879198,69.95448753670048,Normal
178.889881716611,88.62129582883233,196.2366104316152,36.17669934291113,127.20729950315699,188.64568288505265,32.08327070870007,188.04883390808595,10.068939765427306,85.45088445548954,16.86851575199972,121.94921279223121,77.63446143725906,111.9937965566464,168.86954227945412,68.86063611074815,26.20166877662936,193.4793172379453,276.0022837706215,196.40360213648572,14.589874312752965,157.1704843139361,102.76032071962578,55.396002814954905,12.580816633538209,119.18166642927308,108.07974598941811,27.07155377944122,48.58013152412039,17.61679198392606,265.88558795114875,65.59044168709408,93.80013581486523,84.50072279172923,155.33216250202122,Bot
4.44344264908652,1.5631442573761212,30.37088812530872,3.3435923664320772,161.2858931371975,131.66248509679272,53.28998898142932,19.968819392765642,80.56175306961131,81.72874294270987,160.14793833122195,20.964302504706154,137.40838774802063,116.9305360850986,56.971108379649884,5.263686072854736,12.431722993700681,11.200641857885964,78.81217475424661,192.57836765816646,108.51149789852714,27.107026835244824,95.08826412315524,114.595148800937,404.3756733527083,5.2690609636550105,82.88921227560219,221.95558424010952,5.5858118118417375,29.358633808262237,96.30535658106855,50.64187692710066,70.76549618549926,68.54925351379201,113.85177471929092,Bot
700.2644006338721,38.30569357518667,5404.370567987884,45.55427095764116,233.26389074109804,10.295491274478266,3026.7583324427437,257.05233769934637,123.20189988175902,2261.828896889023,7983.410061355398,3596.9885887494224,3550.4736217088034,38.6532510316567,1488.2030913753586,9.972352781809313,46.09083254867353,27.32733360759455,9792.695034303395,219.76911129012092,8785.760174571975,96.75892082564886,5514.590204671747,4468.836915426833,2212.5954257696867,19.606141424268024,8401.476078701366,6206.538119707202,1718.858323652172,2394.183994477378,203.34905390262895,38.697010313907654,62.67458450150355,4492.444731583148,60.808428302007854,DoS
16.768441836491572,62.96783585327995,5.401113230635157,161.0626245877686,60.94031682045383,10.502374005070791,28.7649889806605,106.95229148880073,95.83209458446234,14.48419651222482,5.443143915227068,167.0522881410632,0.5123055486940009,44.424707459411415,40.499740626370105,40.674256769082156,31.43599723696849,93.71575352958565,181.2393232464547,89.58431000552403,56.4282418704098,131.7199044507551,29.503122875640365,41.90637763780671,63.47227058537375,196.00323629468625,5.6252179252837715,16.729529626392974,69.24217573984195,6.831461463510578,95.5834158154104,5.9340018892447866,40.454102408668405,133.3238547944001,95.75255396720262,Infiltration
5.267454602163455,8.442719589977305,6.008669493730574,3.392786547413722,4.177917064659314,1.8338969518599924,9.595205801575412,6.522063110905242,3.9857042075805715,3.59887921113578,9.069923141150364,3.6031555367379386,7.5636479445266955,8.354263242119623,9.09800339154851,3.7305185434899304,7.6532690330593205,3.2688176683599712,9.440191253307537,0.11160161684554692,5.7019044953288205,5.099519368939292,8.776224774919424,2.1631225194536974,0.8728790128757491,8.464395625348558,3.5010189542398984,3.2491924753259758,1.0531046746459372,9.200589123353682,6.32957829607823,6.9218377651928575,8.979379980303788,8.438545270527719,4.518138707919822,PortScan
163.66145374975844,85.82192158847151,132.33041095981554,83.45066887849488,42.50845874072112,125.97486840951842,116.77300785748204,15.282932059721619,141.82608263028962,44.97162403679387,268.2428621370739,184.9007276307264,72.23276891416833,93.62676412898438,14.166920693087452,67.43299731562152,58.46409711473809,46.018206717524656,61.396088585978035,414.61606693448124,15.051490083398637,9.010397444867221,60.036894913383534,40.0736323182896,103.69766181989198,28.0788717733249,193.76352850202295,164.22784431159198,20.769093460560743,13.472570192956553,113.23584619417508,3.3774754017687085,30.630585223780127,200.89510196771582,13.677469116066113,Bot
12.318484593657846,78.88546079780639,179.37724805183956,45.399311417700446,156.34301221413384,80.18516412426142,225.5374675568932,31.944411062751122,92.83041186482598,20.550483846175734,345.6519383273968,19.93748124192299,11.870359407719167,20.16131361370202,76.5154461792137,180.4301195768569,170.32726866218147,149.55693385367687,154.23958670137364,83.1126964381835,18.64070168352875,291.81879872907723,250.02851361694044,27.40632260867412,123.87013177701095,52.680666310965485,100.54863139275353,161.31784450999203,9.881353609946226,421.57349088357483,89.74575571792771,11.207785421205765,126.90930278919596,181.01562882148127,426.09508360567736,Infiltration
9.799122729475105,3.4711950930668776,88.29046146142304,19.370729597058226,37.77276958051783,31.05368547572555,142.69080592207928,20.150101455289896,56.69132318056182,19.688786650549865,10.999968933624618,47.27830241883947,98.20645738015095,2.857518828830434,22.04487675630161,10.923711200775669,28.326802254809802,73.08131760544627,6.949122695229128,57.90262961296785,8.71823704041174,28.31695881670655,51.89220216829088,68.97898456853565,55.03706025649886,75.40758056462994,16.728989017316813,46.5500419781133,11.646604126848874,36.40000244093184,1.8784604210372635,18.37667127974427,32.06806084552725,75.92263794512931,1.3381699278027868,Normal
0.8138025389551451,0.7569302871463068,0.729936242021676,3.505208527739768,1.2621463048615766,4.050258330508706,7.541275777442103,2.982261974629928,4.794181819197804,1.2736879691031677,6.982897119412751,3.176747862433862,1.3522576532803054,9.546705568484224,7.696224519118392,6.523277031439774,7.2299964367692855,4.254923201989699,2.9833109906546684,4.999866613568129,8.252580167828391,9.637926874297197,6.052813042596227,3.763596309007029,7.182059914353669,6.970677908060207,2.4746427210716107,4.355140263214587,1.3401361757412455,4.0227833799943005,7.627488048578895,3.1390274361116512,6.33032709280976,3.276496746696176,1.4710367253862133,PortScan
14.795936111511296,18.782785578235593,48.72228885294956,43.23259361058146,95.07087137345847,58.7124465730771,29.076529439961828,259.96156252670676,28.64038221344021,44.34926085438875,32.46907651044096,22.84145468845637,23.92802577395953,2.6685626076351125,8.875839690370443,33.42086004660288,15.909686575043649,39.11536920358792,211.49094564773696,9.215184966783175,22.98850689007157,427.5597971993709,135.49557895187573,199.57084798935355,7.162731590038107,6.399843676372273,195.413775848012,2.843303865141703,169.8105340295135,0.15076685056886557,128.54410140848563,93.88790189845419,195.33121681945215,19.07431161762497,7.81047704034627,Infiltration
6.648575925606249,3.3065333900222704,0.9912736927552779,5.177588050443718,1.5447954639773498,3.0622051187156107,5.019130277122226,1.1627982900100287,1.1252853830976062,2.100888212763988,5.9180567714464125,9.3319788783443,2.390366544173391,7.198237118107547,1.893785044142583,6.3551498365331325,1.3771937984291927,8.453810833965168,7.425089858114216,6.8072644465813905,0.1466177620338882,8.3640985161857,1.5085051504055336,5.334890152910078,7.766616381224038,6.316705168895291,8.190247337193743,7.088521363213985,7.560761254479127,2.987688158688546,3.791058127707927,5.0145293065523235,5.8616074538696905,6.916710131815671,5.555747323573258,PortScan
2.4259470355583455,9.508932713168251,9.13611816735552,4.1929129421576485,9.76814215802197,8.825241479790874,0.4007739458030801,0.4211416689967007,7.0728457918016305,7.836719682646049,2.4868691971103507,4.9873664885759394,5.392484165253694,4.455957606325628,0.6912242918397082,2.188961021106677,8.145107391449706,0.7308688467534952,6.22140652124089,6.341581999648843,9.56490132683685,9.874512398145047,9.450425259416589,5.413214352779907,0.41775722213280186,2.773006119401238,4.75495543520807,0.39119842253617865,0.37097332306132547,3.240230557241006,3.8734472408158735,5.808443712157535,9.32857649516768,3.9117693257846375,0.4809057838564712,PortScan
117.39890681540327,53.56994803505077,129.15270447032975,48.40946983957779,41.095910536334394,74.6456339055918,24.44298071110381,731.3792817954263,70.53565634861539,80.63362614007804,78.27650842939765,2.652465953785458,86.51982616915814,134.4965603928738,71.65080583741388,86.07948518385533,72.71204830947507,151.76362723058483,46.733033098719076,35.47122960199688,57.78421373099467,75.05646770475238,60.42136520987038,63.44716857410199,86.55004982993191,2.5652939457615194,376.4647962505557,60.63901983013601,77.99284684233324,153.8870215182057,57.79866298495209,101.57881071215165,346.0850707215007,84.276490365561,172.7273539065506,Bot
62.44869540887718,52.16450130411793,92.03832782495424,65.52202184516612,44.838792995560205,104.16282123563117,32.5124502515725,51.05152020283622,20.99584587487659,24.06536547506974,24.736250522598958,74.7296489012191,25.29383340689197,27.379866543178622,161.0191724837923,192.41504327860054,27.887599533607492,85.64915227814865,92.5935584280307,3.216445397790429,4.430067361751748,109.18722699325308,13.835336295992315,112.27349804049706,46.76473408228045,13.772642615834815,202.21783210721944,43.270818422324076,32.62900776989723,86.28199672222917,120.9449757197566,24.567596322358305,131.8184413181176,5.751222108425083,81.98401551350425,Infiltration
4989.832369871374,78.76016813363171,4622.596545631015,88.13851807485132,286.96252048120255,45.66742065602828,696.3964189039036,595.189564060966,66.89305669145902,1521.5454836694016,1813.9881235754422,155.7540216090412,2947.489441111318,154.84337538893456,2164.933314051735,33.64362066354834,29.121390352816768,43.81527832401169,15363.505622660243,37.01020446020468,29.07528750297322,133.203411614382,55.717284077197824,5324.445247753589,5094.961487592454,195.88996080081142,648.6459649773221,2384.8413630221285,14636.829884675657,2145.3085518498146,16.672879363992184,227.8649372879583,39.55484187995329,196.9997704784628,67.52822479288088,DDoS
66.74706834712649,539.009818544247,253.94149816838006,180.48204208260626,272.3497007489796,822.0627530088946,90.6372747221121,396.48387084462024,187.66481365656168,0.47390808155331426,246.36573406838207,91.75621240888276,15.64434262082382,32.148458288811085,3.357670867916184,494.471899350077,64.1581302829743,457.9213822186686,264.81598658757093,23.227634432737624,77.02437668244576,124.43358955772092,114.13077616141305,126.05069264012721,194.76436452226318,575.2885382359691,72.89259605208443,61.55688865398747,3.718528250950412,139.7786532694359,204.76125619731832,70.49104396541983,29.658560842244842,142.17354850014814,71.32593764087174,Bruteforce
13.630142054986848,110.53671748254155,27.881221105003327,26.020192111056357,76.19886964003989,153.39519763411465,47.483569711398275,118.28137703133027,42.03482942262015,126.93897122103728,77.336958419396,4.517067190821627,47.58359521791565,263.8833769548131,173.5019796118432,77.0456330981162,27.95548867379641,155.08873353810142,112.4887241039042,127.09804668897759,15.510846172004248,87.97417983035935,226.97040499480417,62.8362479633252,31.043097399509435,168.1805799934366,34.48142183567323,38.68735121727576,138.9275676979237,75.9615852137192,25.101144598607476,43.40358183428039,135.1210099180612,154.8342829209108,33.36831510781547,Infiltration
245.0193700033807,7.940537416075828,80.84592867920564,114.3644904470715,185.36317098511026,86.0125255010995,84.21393973455257,34.48544252000868,110.02267514038677,13.548819580915666,195.21188615800844,67.89446020933954,11.446015953370434,35.76727664538655,62.3789130825955,350.7144109784595,112.7580414472972,157.03741604718087,462.860866654467,137.0362689400733,7.5950102204916465,123.94949694107464,148.5055964156195,37.757200052445505,17.70718036409971,81.48648515901844,622.3300669428093,153.31474028819775,204.83610478695758,147.9779426959508,42.46012848722887,95.80954737584887,293.1597384290873,35.88645904291176,5.662112974772025,Bot
4244.015553703952,1.897373575777124,7450.767558619234,83.27349542355937,215.74112514170167,90.21051643332115,6520.443815256904,8876.176844681855,50.64110986559795,4861.221125803116,7990.358318574607,2182.2256657269536,2753.2154529804,33.340237362835815,2862.1393367010996,17.000145766986783,43.46176687836918,9.607183149316226,1607.9434419754696,76.22679291295728,2293.158235390403,109.65121209191489,4730.232478355992,3943.3243285497792,210.61222111561636,244.45559648332852,2402.583962646638,4980.838663562984,7740.5332303919595,1471.8664083253211,17.844582034167615,2.9134883299998973,203.57638760027973,1164.6515823575114,422.2153528639855,DDoS
8.279938503677112,14.79825458019598,79.36622921775704,151.8498636989956,30.414391263794567,27.02034782787605,46.486818464965026,62.7975364015022,18.86469898051637,18.308145893577223,75.00661045567446,30.581289899773385,55.54472237723561,63.64040520968576,5.876571007124279,96.77349191126508,134.9877473696219,23.70932420474196,54.73729386606718,64.25549229873887,73.92011149830475,5.76640387903137,30.401528130684756,109.52264866658376,64.82724774397518,1.3145796116053665,0.6964391751112419,39.46492461182857,34.748605390915024,8.768162840494737,25.094115660552657,20.03471707656147,27.053720257027113,12.419285057177895,41.962803879719004,Normal
1226.3929935656492,70.76542296522496,37.387535751932816,789.7269519241241,264.8306598820073,282.6231127635291,675.8476085051336,193.73305135414097,61.504881550538194,122.88371189057715,32.18782515672819,186.63279275051784,113.86682824199286,26.55075013864629,116.32820638186836,53.656265986696205,303.6987025077652,118.94923530536714,227.21403278888786,184.26946396922895,49.4950050002143,429.09720730234494,33.30127159104514,69.95962933552146,5.33798221652995,205.29964113326352,31.1005170802206,278.02440727593967,86.48773654179605,78.04284943176918,14.184684914141915,394.9056373927798,736.1894033302401,70.60510250217915,80.52167817977286,Bruteforce
85.63520156547138,8.844795458466065,28.778152022007998,119.53887264961193,67.23215877053198,179.30419254104132,48.84498039644509,249.1189288108358,166.11681859440483,190.8253254094345,97.80976217787713,10.026912657100645,34.440911160626406,323.0576317840441,29.96822554349987,89.14464772914283,223.19772219154407,203.76285820639782,157.41155284790872,168.14255280779793,134.52338646570934,148.90993398916186,59.152771707670674,145.55732484838995,59.65478367476854,215.95140393475188,61.37041021527803,149.40767020046974,71.20677970501076,11.699720856358944,308.4834012554011,46.21363440538505,32.12957611922276,8.342996063212366,60.13447545980263,Bot
98.38213463931864,28.624298864664645,161.39449374426945,46.30755520823069,77.90971876126078,52.807057341575494,75.35100511906275,47.23009380049046,61.299393607190225,2.8721511466610203,158.75089804999863,250.96483883382314,58.09595327310999,340.40892966934734,16.80864961277543,278.4647608936616,36.435443432383515,66.86582601421948,243.69942917513728,12.692493293028887,19.09849600812972,134.25286534513,98.23789215008222,28.796883974593268,44.335829318821155,74.9851050712077,189.97553816655633,35.83204003610748,76.50648542251959,35.418522043705444,30.43185133518662,213.35421945681415,55.65830377633566,133.9425268460128,30.270257777278548,Bot
17.411314529673007,43.7083377100387,32.79401552605282,41.76871766082692,24.87867994033954,7.70186432854406,20.57121639303087,19.8174363835886,142.72275817476503,126.70365932500167,335.32449551088723,97.34675711660883,37.68904230018177,137.45407917760244,247.5091526795996,16.60961530859998,168.44942728043856,45.958163528624155,174.4227311587565,0.2096352300410944,96.85188318309208,17.634778044819367,33.235514269439264,16.818408063741355,153.83055206417228,3.313752125188542,198.1174152774351,20.060093209902494,48.53303378629825,16.943263196653426,154.55955242045974,166.76630449725363,11.648070069033178,9.872116520761125,32.571149459711286,Infiltration
5.8652483065678105,3.6775085182893665,8.34700066520687,9.164002297616529,8.463174107732996,8.719209938655704,9.088100784006295,2.0206363550762276,5.138765716830801,5.345402977329957,4.854249041064724,8.48488519569189,3.2503893323705393,1.6131370628582187,2.7430061349969304,1.4312765068013045,4.047900450822213,1.1681109994679495,0.8757576331875006,4.510052495122113,6.011407482453511,6.076418791793079,0.922866532512342,9.71574950434659,1.217462886972942,6.604634642633531,8.886404967965898,8.847660420942402,5.121289662261422,2.774528012746681,8.278694791646746,6.125897962082961,7.910465946476063,3.9999203383260182,9.13428660099046,PortScan
40.003410679084325,36.9320476885659,660.4078746793234,90.46912958530675,5.425890979372839,56.91079311302746,42.06208682215165,65.80539844911874,21.072056340542495,19.131466242080123,9.666365813060008,129.30881631225694,2.9601171530599286,154.9481146239691,17.588994643892335,145.22951647377232,128.77043648353143,110.97641077608856,3.926012237168835,43.89610859361734,106.87939131454993,2.1320344717722737,37.99424610062796,51.637092033575996,210.21039810567444,26.793106662271114,22.081648822308775,341.97103303485534,45.70946283321509,45.92629055063313,144.16110455641407,122.86469355172484,58.11104622341081,96.47670537703462,40.7096897492483,Bot
23.329858847186987,137.47419906700574,47.58948169418454,366.6970497213048,53.105941633096286,415.44532280657324,360.4030830574819,591.4998072696565,187.82385901611875,480.2410368408551,41.26368775440757,360.0911572748355,65.4169375913109,404.5177734973759,240.85232893927517,160.27372559410676,204.27319966389513,192.30638040756182,54.015564395234485,194.57988738662365,596.1866427312079,179.38657687421127,27.11973011449492,377.0872845720211,58.555338315268045,254.38504630869835,13.952084229795503,76.12060073860455,4.826835179641127,165.1532511315431,139.28700684601424,146.86944868761898,325.4512197011406,94.41657306603747,64.18392772993624,Bruteforce
41.52304901818293,69.31201642456946,153.43819561359825,61.48617178328861,42.58617125060083,64.96083343097261,232.61101322482142,209.01602227959665,17.63074130947036,56.226472757120064,134.94588968475944,1.5264012407707377,32.66089219991301,5.064500214757316,264.0270499657714,175.10248039653385,10.473195437810407,43.90570661593169,119.74017104661682,29.790934454828594,106.09665077553,35.71757026010967,159.13688450339706,19.397976121792954,89.24894893742936,74.19579919328902,19.106302177812605,124.78449084385844,29.82872788339147,16.580022497916225,165.58448754649626,25.335769825342307,305.68273650110615,103.92868823324501,433.4241037907633,WebAttack
11003.396955260096,71.40159915076762,408.9982608565945,24.275558898513285,275.8443049069974,29.813474763649918,4906.047859631263,1360.946073650559,99.04092679651853,2744.964499362804,3794.356798143072,9107.444726623864,13405.653130484803,38.82807285634374,222.06091967791167,170.2704501992732,319.6685998692662,89.36336864271979,2190.7990809440366,135.29636751654502,5396.402357045618,14.464505457038252,2313.6044540618236,5495.716544967515,7196.039871539825,171.83557139862347,2427.0246558516346,7687.35442247904,7491.4133900072175,382.20505188255686,1.1026722778423215,56.55672569336252,113.01621805640248,2056.7840342600775,59.22909241195453,DDoS
7.413875552360039,5.893122437040242,8.254576627326646,6.789541072750334,8.171921553406362,1.5494807963450696,6.145836732002201,3.673785899944696,7.465064694317692,5.800860450496787,0.5418009834780468,5.335459762000036,7.442913339987256,2.627883905311358,6.545265068390897,8.409257698780793,0.6516754374335532,5.780223709971288,8.876008978948684,1.2641988954934602,2.6924767496524082,6.2592403945333475,5.851838901417317,7.9339612218711375,6.290528750922503,5.758450153020541,4.518513869220246,0.7824928181824709,5.910883108728138,1.5662583105047412,9.958494909970062,0.7850008205671699,0.7571630374287386,7.87329432064701,1.0116525649018104,PortScan
57.0448913647475,28.749885320688,23.557433345732427,13.986713439887547,35.069450827139555,5.974224802855839,0.013162635245970975,0.4100684407782958,63.56777911529743,96.64789396638082,68.52701427469718,10.487163852459643,2.4533554594270517,8.700592443240849,22.509669808723068,59.10516986887797,118.14226604539735,112.21569049153088,39.75705533357444,9.140457136110678,23.318504607949457,64.82572991664382,6.716918240631903,64.18800763118175,75.95170514569593,75.91948930497901,24.64279574244143,64.1085728743991,27.14508377003873,176.4161359041817,70.35686715818818,20.59783634217297,89.79400864074327,76.66789426370305,32.052397265729816,Normal
42.608110482322395,57.503821705628056,13.93015987848102,70.73678963559871,16.940395854170394,52.921544581947224,65.21200500302878,8.708701237180264,28.115248598821623,1.0108710701720722,52.05889635495271,15.285435547388968,98.23740220963072,76.2898172609672,9.419306837080095,119.04736427867189,31.63646261313053,5.322495131660104,3.1536435309838353,56.806390701991084,49.348119864101974,7.2820179103918194,21.709540088434558,5.140526085071067,9.220145116516417,102.46806439924605,94.58263167592513,116.38534075637783,68.27318959309926,19.49039152247854,13.14125130896937,9.638881110257074,103.35450088857878,7.3928291570516365,37.80705429735413,Normal
291.23335883146086,21.82422326200625,0.7708507497626147,4.016814268855814,42.38564236305108,41.89078332681252,58.775999781098776,13.384059722112557,180.5046819400125,54.70127306325542,8.302375654207841,186.47894274591755,42.6683181175114,88.82406657601783,250.81172490843596,71.12916503170685,0.8570205462178886,0.6976119446261698,609.621460329054,54.416347163868295,41.351321122826555,4.556654616380575,60.858074564097805,110.051785002597,385.05308726408344,1.7574810100850498,91.26133175264734,59.93305864683565,22.1990404148408,33.71596175748934,145.23564831123812,101.33084866827029,23.49128309923901,61.40429814791052,16.88737680467734,Infiltration
2692.5276218551603,31.097993830655916,5923.67028193335,332.67448816880585,168.706816344042,160.4446043942761,752.861208336042,8899.547151103547,137.7491963877053,4348.237144913617,4138.399608584248,209.85619443101788,471.10223207078576,114.91887315383002,13532.010456840637,127.17986561725094,96.06389056949308,24.589105417451805,6206.676906421725,1.0399000293886533,11765.302668389551,83.69374498681815,2732.130987043048,8462.224872588255,2473.4263251393068,173.8008837416938,3259.1182571099102,14413.167395871462,3739.357164763028,1895.0472538541178,98.73083176614365,99.61623066858891,247.4068076480392,1858.0961638080676,195.47631201515176,DDoS
856.483977792651,91.4380480939255,13797.563221172246,33.843425382219664,16.8824988969069,34.06629867635131,8872.28674404763,10507.566922299455,48.51716573625549,3832.3261472918157,12749.268556589195,1177.8758624723482,2851.3820605615115,126.60204144381125,15230.942475114553,255.37436524377352,81.90730480381649,43.44523492613938,6027.45527340634,14.809258403684114,24657.236496714366,30.74747269064966,3988.680732456403,55.16349954281741,2826.0042124460915,70.86748345935018,2062.4364075335566,3514.1680459579784,643.9959187763376,4223.1808508963095,197.79641167027265,29.999479225607136,252.4355295685531,2003.3675131861617,43.26211923647569,DDoS
72.14311216455414,10.952490022147428,32.35970362992528,70.17655051568308,21.585339052445914,14.240712450253113,62.80502929342191,27.72167647529437,1.6312829463437668,311.31890764636427,44.50641503411571,52.2377824624363,25.59862119601741,70.31112822950904,125.03412980731095,46.36788050082312,59.53563934306789,29.480116797487447,125.67669279962163,76.05879030647277,83.6362633698765,26.80435975430116,25.08229291953677,12.076159392815779,38.68959390862624,9.193624419808206,28.95919486011951,10.87207751647066,5.763944429066742,50.80883966958829,2.573751964876515,114.97101735947493,17.831314813824957,78.21540935651262,14.038271961027823,Normal
2805.2962963531418,177.46204228037718,8048.539988943838,58.63266373725416,91.57961563823257,4.710310228290146,311.8622991137963,1148.2195645869829,99.51176388806495,3260.544439215703,9461.39326806926,3205.168048112819,1594.2501302409823,95.27082101092019,1300.4470453005404,60.94934738911962,173.16280328270616,228.6616402935496,212.98371878661422,104.17963530413171,9221.412478831595,7.3669457498868995,2921.5869595554504,813.6622519138406,2645.9403446603837,262.0864587909975,1238.141339131083,2907.9082992441286,7764.326034948851,1967.6441811606765,21.511708222437605,103.27652154959372,49.62496898028462,4003.0741777255334,71.13380491152842,DDoS
29.397282190840347,16.095736961301576,156.0388798438905,53.71554228392643,91.87388576260209,48.15711638860084,27.661090125577797,18.448789891165976,25.039884191634552,6.141734575992992,221.40945749268008,17.362221786709224,73.55374139340736,41.075335301542935,152.0359685838417,128.2686967607013,0.3911518422002577,30.261433146304316,131.54529372507386,68.61879533104117,360.0836069954902,317.3901060302971,111.33135636343314,15.840502890784958,92.8564997986997,110.74026165472068,159.43893660835298,225.23670206671324,9.313440485445188,371.85159342438607,16.09263490311344,15.587182458596619,27.881330323495096,162.93880685748263,27.892883173977793,Bot
108.98459345905482,62.75590225949986,85.55967701027762,5.069113610218647,167.95768187464128,84.91901615864832,113.62121341259058,17.94974309059176,104.36234662788561,106.40327471564444,39.3544594015249,344.8561579886151,39.516155632995115,219.95900548507112,167.87261374783878,232.2084410002196,57.77703515843431,21.477923909429734,17.877687066713282,135.1832559765324,74.24206444942826,59.3121991062909,53.72398599528337,3.8732464415984684,41.95953344149032,254.18596520016163,97.18964995355871,23.799175610825802,174.8940626836509,110.3886068701097,305.2769400029903,32.46583857787572,24.416676440147587,219.4202933508854,51.78810056219248,Bot
56.38642106186653,75.81517435377724,177.70515071034208,41.3713264789201,152.89530345500503,132.14062103847505,301.77130802770625,4.454556985514119,212.02421563176782,267.0709623549917,216.88812585200648,94.32709563752563,69.02459726016279,33.65581417960185,152.43051763294557,35.726368922503646,4.853139891184307,135.0471604200664,194.0802386793126,132.381652060128,302.11066137376736,4.62249693653051,71.21875982347396,19.535010649334545,120.55073430553007,151.36249698572752,18.235675340672792,98.0314042394424,55.604799132663985,22.13974884439783,42.7333437134265,26.71822888853901,70.90838273799037,69.02543754748412,163.53734127446359,WebAttack
14524.383636505841,75.80904431891634,11788.545991437368,133.73778247226343,171.6872450348983,31.843016335411452,3863.1497561009883,4030.3348321407952,142.97026704263726,3787.861261109285,6164.264005110586,10942.522933753498,2258.7627588002124,43.62722744292239,1854.856403474151,36.05655127478668,45.50575213442835,16.847968060044693,1491.2532811716446,15.27858809915535,6012.8044669436995,227.60851289120794,4338.485303919666,11956.97449983887,3766.171203344868,5.305638579344098,1859.962949553753,2663.205970349117,2926.6428285826346,6628.427594653952,66.18322859597909,116.30603243722231,51.874706205027685,2213.132500915668,244.7930635058984,DoS
115.11795906545632,2.0011542768134505,5.394388332281784,3.989392277913921,282.4393918425261,5.557777433105128,24.65070210966718,7.847008561768597,220.81083975819936,110.30249803595522,50.60748573195964,170.34114386071428,88.31341933213544,143.188747778626,65.5837749468911,104.42687419407778,123.42314725903964,28.47903024197161,81.06854395235489,43.41979839563138,26.548700980861824,41.33835276234245,60.79206448826767,338.7953320645061,200.45777806216964,86.72667659270243,341.8112700570533,15.500454407322731,2.2460647507205467,22.525901134685096,116.8478795567272,185.81475858358937,109.27882244337736,0.2805126724714809,299.5265234863512,Infiltration
193.21427740553526,56.176571386411666,1.6694306474219631,37.543068657427995,32.044470765229036,75.45559947034248,53.93594404957776,106.4135265802264,30.72915537508431,62.42480032294604,105.75021286339023,52.65824707365031,44.36029432700172,148.1195378776189,98.02643365194224,132.08024276333992,106.51885671278087,9.632889747445237,50.159667700449575,57.6687919344798,75.70819229950199,226.2132584381614,47.589359740015524,52.786063425788264,29.931602291609792,202.06785514588321,243.0136965381991,151.88157570259528,54.02817797642817,140.02088516077993,44.11779817483414,170.4338586798977,137.41072481066064,183.34695711114085,20.84696814110984,Infiltration
63.74503687411656,302.7919651230798,222.90682040928579,75.48298524682964,113.99925480188891,95.9074260158339,179.45510389543355,90.13250837489306,71.51062241587195,91.65641487194326,86.83577632509017,29.59018989920517,2.4479156463488936,50.63880743184056,44.71687635204305,597.1024179973087,83.67475748695001,88.67425246826687,108.90890722800681,118.30511473870078,17.569055838005802,65.01806879732169,8.327718487513213,0.13809508462037995,72.69213800746753,398.58206512322704,64.16913560734608,7.360346771526352,34.60686661343212,20.33132807256598,129.29728988285382,38.317243784700246,103.88818809867945,55.31418813682558,103.19632371898157,Bot
0.17763177555070686,23.379103844835594,75.15630791800507,158.06617096228365,52.024134365113504,132.13778907133226,8.957183268223295,41.97710229063294,125.18757578712614,29.055751641070504,169.96417488277694,3.657244667460554,402.2080178935242,248.16333628409996,164.5215570812918,36.76855422785689,4.084353178651582,26.321141972816875,109.2273684304432,73.0657261384947,10.889159230785642,10.390560381804542,178.05979572013072,45.95626233359949,44.173416899349924,60.7485381861604,309.1648677523999,201.85673794441703,357.3292632865668,237.5068245210982,67.48173060273804,81.86062327193014,89.81174686460318,74.1389160431308,98.4155531490028,Infiltration
23.148003327581716,100.70839325599388,16.441663424349837,23.17282981642066,18.737866551283282,1.4887902244247515,69.70511896348641,34.93201417701709,0.1248889679836651,145.06999508474127,25.54788136510026,20.297913197667842,12.998310219142029,52.45349530569035,53.803217241778725,27.20966473096469,43.83331235744474,22.378084409110276,8.451559107953273,36.68744101754376,68.35469765561425,34.36568024080455,15.779620946999644,22.279998162275056,38.482595329474215,254.74843970441339,1.969266549107606,17.942002005509718,15.913545027859946,34.46281028685095,24.6779718892547,33.41032908800587,42.962747232435824,61.11397957130047,88.199502740169,Normal
1848.5443413304226,185.0346636398141,136.556408674597,172.1214513145308,139.87323602248736,255.0420623995259,10469.488559496109,2288.528295956241,194.1082840616133,11193.522199445499,6354.479643899711,314.98567163754427,2754.617123925321,36.82873181743214,11729.661278304322,0.18388058386898476,21.9115803664859,179.877506208182,4526.453361338483,9.983819142052822,5023.949925149118,136.4530204337581,10752.737724400682,16973.096196882223,422.8630086470071,65.74452791831973,6062.9724986645015,3687.903275394229,8349.721434334288,27078.074923641387,582.8697815955943,106.9041342758704,127.08877607974713,12236.588280602436,1.6742296326458022,DDoS
168.51152564571544,24.911737202619484,28.236184820667535,14.645291511807091,6.085183769732567,74.98778839322284,53.40300122995328,91.15101417969221,52.336541174199155,174.73232048524804,124.82410161200737,23.692291118403702,129.05665254864027,341.25818468904515,5.3265143430786,8.148342721775068,126.9039593468664,11.57982314292662,91.88923685406733,177.64496360578207,94.55079261180855,3.994161870826083,245.5690746183877,121.38843767568926,53.81848369360897,6.133589891527319,58.81953528476167,13.40139354559246,65.69046566356238,160.73542422664363,114.6336902725124,85.41955198683942,346.4828786619927,424.13969654182324,3.3255793311550828,WebAttack
12.874018691739908,0.9124510408510547,13.49391059888609,148.8744198445298,130.71320374228546,149.03712967565815,2.9376547303584024,108.9922259774401,31.3653575747287,63.38127757321149,215.50538884665707,81.26187746648228,12.456287724434693,49.017639266915126,310.5339251024817,228.32388325068996,155.08762618729259,13.454356859666532,16.56573396364638,10.093060412142115,14.081255543928838,1.1993772925852844,183.9961971886946,119.17894570072738,155.172661960566,66.7344971118279,0.3458439688044771,61.850753257803824,6.379640799988999,192.53604485596787,3.1639085211312583,37.696148481882474,180.91528700299898,152.7158296638075,171.8001761650425,Bot
386.4816212054152,321.78796521557985,240.6025508045311,1.9530287720831456,35.27720829825756,66.5409523588261,3548.3764590680094,14203.01297762401,4.7627781026243285,12788.89290511329,4065.3591029012514,1436.7861259176343,16598.308640396273,225.6813544154233,1816.2126969907938,16.437526231070038,65.070386765631,70.89261728952143,5735.3655723331385,8.398189052203403,473.58138887324634,147.39157066429365,18573.88584238938,2623.9406358100628,12480.26385260408,4.339700923147002,4689.476894855221,1623.2864985299925,10125.510509801003,7660.742267748085,40.06217255937458,40.2522778105263,117.79526724796247,995.0051348069532,47.50307534539579,DoS
67.29911835234252,278.6445070808669,206.52897600663854,174.1743194700251,146.91645792161333,31.24772875019334,16.053124865240314,1.118019570988704,114.59372622507817,211.06946526003162,266.1323648573274,248.26175347226936,113.51683850449854,69.29199299964883,13.626476166417573,176.12608155117877,165.82914053730855,279.4742097746139,196.6047669828197,135.01681547224652,30.346140169427244,26.787431480236464,67.76267334221531,289.77687372151644,4.189415478404665,44.42089745352504,154.04127628160745,195.91459573557697,46.56412067486399,154.60610084693295,34.647225047866634,38.47356977741414,97.68133845403393,128.7477424610428,241.205580417597,Infiltration
10345.897497188176,34.934702219186015,2395.8740134725676,146.6207722292882,302.61479379792485,20.13883137811458,31631.098271171486,1082.51909891031,46.29305391972133,5706.806037705467,3530.773523253185,1693.0830520480058,3477.307945184475,37.4194146881052,3441.4390657091394,212.73453405514607,110.58612717404976,104.8965388331727,1606.5494608509,270.9063360930971,16046.2190138176,71.63375365868929,2208.476067106227,2628.394311266043,12386.028673792658,56.5811632970312,48.04789106558902,542.5470369416012,309.04972848744666,4822.568056363513,195.2387259074982,45.1933717351581,83.28245121441044,340.058818095419,101.39418454116984,DDoS
12.786168595664972,140.74748386126768,220.74716480564294,12.732860568856799,19.822636426128255,38.57465185810956,57.84220832773038,19.87750743616142,35.86915873982483,326.0278348515492,128.1730969960047,35.71688824461442,54.53496177749444,36.16919251455001,142.5168917225791,195.70651505251894,58.07152968334651,41.292346715584785,52.66925203415752,31.970076053579543,9.991283761851737,99.60757850107139,163.31718815514463,83.0632312351135,107.35518949396024,153.46832446612996,79.07501836853473,227.57403143290503,27.969843048770866,155.03236104229907,39.630547698480584,363.712951216444,120.67940228098806,147.49346191992242,71.33941827622743,WebAttack
7.063894608565285,0.3211837343806123,9.301593329681392,0.8679343179062982,9.469081572723697,1.4170629844226357,0.33384516273728515,5.636099503283345,1.1364832703964822,0.2881514621122727,6.678274256329186,7.382576337633693,2.9294173093175733,5.335082234249166,5.8604516576000885,1.6084747035127078,4.4006327149820805,6.369689330234216,8.856924488702859,4.1886196136909355,6.993334722668484,5.016807424559446,7.070851695826335,7.88985154608707,5.305514686183325,0.6110297018029542,8.754040384449635,6.0099377203696545,6.006428383382756,5.0946499693250855,1.7397118704423853,4.861743400001009,5.36823499232899,3.8376545937288267,1.4910296916572618,PortScan
9132.973724118474,30.635299031289097,4176.275903803798,96.6566052257718,229.08742430631602,82.96020580650608,5689.238522573325,3873.44189611939,58.370299927483,869.9616548124014,2030.5285681487073,2340.901296412876,12721.463441797841,79.54267845654384,2839.2521946489396,25.130856544924796,73.66859293418312,30.02140172214987,6233.966400224756,50.624591392430595,12186.541777616647,15.127657805268612,7194.925473200633,7513.888701348548,561.5202417149973,53.78630755172118,3859.825215036456,321.13128581608544,72.47994048697551,627.0352971234431,3.3377797807674443,27.711939425967664,336.40599619461983,3970.5179769375172,92.84557711119373,DDoS
217.06025689435506,38.85637848970946,26.999269840309005,155.4654264383995,51.73965972349204,143.13608440461167,116.20795338651737,116.21105997504047,36.395469386584104,85.42325703295431,290.33329355954606,135.811869424796,122.14377458395064,60.53290266190389,116.68698771825777,73.32492381296271,17.95981239684456,35.46185796061722,17.092643329671237,109.41319619100089,10.09491391042661,9.271740879465316,21.582347341275234,47.59036846634556,17.58870019703978,131.20408767825157,77.38374215077741,511.42409878598505,341.3763788326375,71.72769469361549,63.63063917737478,11.97338550855175,164.88271125648996,352.6386850884542,65.85951024300228,Bot
11.310083730139086,29.73503373808761,75.67626035596325,102.45530218025556,132.45798772152483,277.3243026227967,79.9960813848102,54.871657673507066,327.96226101897076,33.496905791267636,26.950283557898285,78.1217186509327,43.01800664704827,6.911065802067003,18.650072117802775,105.94955470698359,138.19151876765804,74.4743824960178,1.3646567667099843,32.679765972941254,80.31436063073045,34.9407984088538,64.20434043921081,28.003973847449252,114.44363357601164,36.74881942332055,69.99089278162262,32.786392858542904,15.182470995702877,1.3657415856858648,162.00051138669926,115.74649864866416,45.591873488309616,313.9235452737329,165.70261702947394,Infiltration
160.9593725587538,17.9035309539073,126.95986888971488,131.9104896639893,13.12139571346444,56.082217110339506,34.2487096453214,20.1342131862651,29.509241947027814,136.94275780423118,70.43052043928478,34.872453110870815,23.061147166416895,180.28042666626897,61.656683242455316,120.84692885385186,55.57089993822878,29.867334581138945,140.1125914782134,72.32268941280692,103.41317148857773,189.15208337401972,257.49017653721324,127.47179575668754,97.62488240683841,159.13442558710483,32.37388317697231,38.87657659570266,131.040896304023,38.623545208709444,38.029847192036,212.64915195159065,169.18516656690556,39.85164868235727,60.600612234733006,Bot
198.62198043830108,30.384055787809274,0.8535402615837521,88.91758877796234,50.26746355919581,98.43752523113719,72.82833503278762,27.056599406410154,67.32808356917346,13.489603125512634,132.45967339359433,173.80500729959613,12.265862054739603,143.44336795630605,127.87977611253052,1.6246119954601692,53.58764411569161,86.24863909534257,107.60235852381884,147.82281062096666,196.992864595777,25.388840198997293,40.23979365604845,0.648672549322117,4.420298293822901,13.322147930855468,35.91396039364912,87.25483045247942,3.657567988037606,58.16871332464066,202.16085049364395,265.14885140785924,90.14633484756645,18.65840845809927,68.48190684225659,Normal
2781.2626902351562,124.59277045681112,2015.237817833229,121.27806309103862,203.60594628146217,18.73754424410486,2378.468332957233,7358.9497851761025,11.174564678208924,1304.336809779237,2440.4859176300347,1459.2488161883257,3022.2289886271064,138.1696309660445,7807.725191691193,324.1348366139045,42.77908487858457,26.677890907452472,1023.8608996168874,48.74401189742805,2781.248967220909,204.8507323761515,2601.1128473471367,713.4968623942815,1534.9222156741398,1.2720277788676546,6889.973332208782,1283.731020541318,64.14905582104998,1205.305805205157,79.04184410318032,44.696655697248545,94.59390622130871,2826.950586944538,42.83661206083553,DoS
18.710639199786172,98.45291334247216,86.09834990919225,48.95029449961255,8.657312364914716,56.646886234754604,31.93507112364183,31.787247089440747,37.04262979814125,33.148058071809686,11.479502705566794,3.9804258992753416,18.443752706396303,22.137476285511408,14.22721097144683,1.9523698290220315,48.78062573984675,44.45364007472339,2.543437147348834,53.964084711240645,61.170186394491346,12.96505917883333,8.421790158542551,52.39942402508042,51.25305063839024,8.368242127737673,25.912707400182562,54.45910794900506,80.03880236691226,24.259351055318533,62.510762687232415,113.02588654577836,19.158187793913857,28.13046710555206,33.86063027725694,Normal
247.81540970171233,6.147156784063685,28.981001369898145,94.43776764216092,116.99916021002772,125.39761489504377,0.147740905485791,22.25585993488445,268.1631252436969,56.223199407384925,211.76887027086667,33.28533331303579,85.6458076698828,83.35438755391321,124.74368725401952,558.0567569557559,8.92100908414658,31.058610287670223,166.37964219571927,32.04053608649936,6.091776784173157,141.88929733066226,175.6138771729153,8.338129569396587,239.07740188724006,25.864975523772415,14.18950758586757,52.661705321970956,99.62862015998022,247.81467000958136,85.79238929973899,166.710421105567,41.58237230467386,76.42501518219848,109.89581641461467,WebAttack
1916.620116604783,546.1842567808079,2362.8025360884258,46.014216219551955,64.29799040983468,131.43421986585219,27602.97489929284,4103.880799152186,34.79026610939746,1781.0361730195052,3561.6222936477197,739.1148671066625,2377.882096620266,69.00128169611867,19709.54993451814,643.7234750331644,224.69092103812608,104.19769325584456,10539.97159604215,6.363421126484731,937.2028247583181,15.691004758064048,3467.167442953981,2722.712296898691,2328.632136715353,24.25876386547088,4764.846918221561,636.3765887256227,157.4869064016716,1929.658583522685,26.933225404339478,45.50526227078523,27.14638593429697,2426.6264830617033,258.2502753480069,DDoS
26.772628431925042,17.346096525871605,4.721378125210987,50.84551156601502,15.865948249015524,23.206369490857643,100.08121494169609,20.612954233582542,4.071435565242238,31.04326520437518,29.02942985043837,15.772104318103947,0.49580164738420107,36.35146010322289,126.30289341001306,11.563143801339637,0.9994324810297273,66.59771976037193,15.294195181115535,33.476521264922695,107.73650300012176,36.934204007155486,38.09864812407057,18.87627900635115,17.56567893010395,25.440026653518284,28.821914917027648,17.44493034078338,62.32650422679059,71.79609109779287,3.724778313257403,22.61258034498418,34.458058272777464,32.88211412662741,96.22416001749417,Normal
13605.480880695979,28.26604442879774,11165.453950681424,191.51179028392355,223.63655741540737,338.9524911999101,5232.280385545239,707.7378845223939,4.077110760183364,6758.703034080426,3683.985075808238,419.2398718675485,1678.3407552294593,255.90342527141536,200.63167512151955,195.40465533049,57.388399713028434,80.80084596429002,3133.277034415084,143.9412057017134,9590.641241070507,14.257234362239629,3244.6598626322793,8508.694349972035,4394.296157025509,112.19067892106693,4380.655723813222,2711.4601176097062,4549.471847845767,1796.1062142844953,150.56452463910676,161.26854829672317,15.937836925489126,5118.193239883861,19.51219070773368,DoS
12.39150275096871,61.487481837667666,12.949402155353809,21.743878441422883,117.92122852216384,92.99287365153567,1.2325517112343463,1.7055583659435887,10.439607143335952,135.4024493113259,72.29109189985269,16.882878771320627,28.493484186432667,63.810437918165064,61.11366964874199,6.83880354551059,34.02200326629609,27.039862295767186,51.308213892731956,23.041434999220545,33.85711079591193,124.54458164662225,31.09351514155079,78.93983400513105,68.70864594762148,2.623127747293835,78.00996772735691,72.52309678759988,59.35354514225442,125.79569003367148,104.62980584942356,79.17659675017575,83.64242106059373,5.265543968191143,191.71000415611965,Normal
10.059975452546615,217.05317200340244,157.71502127002324,14.396963467049329,95.02173503226362,472.79033240598187,126.0501098027346,24.631220848049672,159.8274872792925,71.59476998813948,42.924311904519826,35.22116984282605,286.30779787553104,9.785666744372438,0.9393099684868353,555.4541493747495,313.6102770431787,103.30986754432878,131.20971858362614,48.34867714061743,49.62256484991347,414.67418198248123,107.3440324083759,5.011041476620141,27.85953227470157,222.6679714745878,5.521215400119746,24.36460676334924,4.530607200165646,34.56926550359648,0.6826125163929408,89.70899286754981,43.78969048622237,177.1817704230158,99.95452243691261,WebAttack
41.82160368457779,11.917168898260044,30.298049035258,44.13482135365955,60.16417774832264,23.0287639507527,15.95366692138479,134.08700934947362,40.66898392908967,15.938981120376486,2.2926506664673734,182.35827753501684,9.736006853629126,11.958730081047586,28.905272939099824,2.2056136473869077,16.437331754471945,206.20400568264336,37.878780130993626,16.36474625682554,22.839677734021034,8.826758311768671,43.52804224854626,13.922540226300667,101.36400757476531,62.98090118552076,6.144282275357563,105.49779571767633,0.32280100643554627,165.40428345460418,55.98011549659907,10.16740802511229,245.86137421148072,0.21799148879751798,37.884056857450446,Normal
167.84823790895362,65.9060255252955,43.25099140990604,1.3343333955029402,270.20264239767425,11.407632468108542,97.77113467321861,37.10193591276713,329.5183969390364,16.652759854787284,271.0055342589248,413.610601341718,31.596454712775333,11.163338166536303,106.29453187222062,30.585241167636312,39.20603803005333,135.2801180159095,211.9151375918324,92.99545988512618,164.2643746850211,12.214944774863271,250.39959510039233,13.7721656958815,11.94191859090159,30.534440365383396,74.94767176700022,18.246998773111603,257.7041600505125,25.227539426504425,214.54035443740946,249.66330564243665,56.86968285232804,224.7088306862382,166.47965273815782,Bot
349.467620678741,101.80677004435168,193.18348790161195,294.5017231076112,51.009656850173,140.29689355887203,123.79871187717022,111.96464365839883,95.67944296065124,37.15312112324403,234.62984774319818,21.745010686351865,422.55639645226904,81.27145228749455,69.13089332976027,77.8841462456689,479.7346727416532,83.58507284155885,159.86067457906938,24.344729566922915,365.9128009087775,433.32372243605477,7.80712508887888,73.0275835855504,37.34466225867109,759.156790000341,49.72963825780398,272.66777566538127,313.74890860650333,532.0690339650148,92.11599241628224,24.87182623099105,16.75728637459615,185.44172399783034,239.01785459515148,Bruteforce
496.785412182047,49.21268905294483,57.458928749654184,228.08700038729665,469.9664522676296,230.49238446652623,303.7496666274506,10.889599651456246,92.79691246171068,63.671073862777085,6.137340215784649,290.9597611505241,271.4011418155399,12.137262222748147,547.390022301064,71.94023453059772,225.70016803252676,167.43083578799445,242.32729260097884,17.554577294748533,174.35195687029287,81.15675080176318,14.936249252852937,31.380101444438385,137.72924945847683,113.69970030995941,125.27500706158663,70.59642505749349,196.2329887173052,14.709656923562289,58.729421648846106,201.82681999302397,544.2333573514699,111.51132231451366,104.62460875665529,Bruteforce
14.89559141201945,19.4948791117022,72.93158861086457,60.10188831752888,8.763811625434023,11.749337028008224,29.15970046189051,112.96819918248859,32.85920563527428,32.56533954664738,116.98766159367825,14.098243027335005,99.70965145998424,206.47887825098087,176.98552101813078,107.49867886238702,15.459618390575889,288.21301272142745,66.6400449177349,14.849174423025591,30.813571648403975,12.625189472860843,138.96434686210458,13.743821506178136,29.791291284325283,63.901355597630214,70.37618602416654,103.62954864241212,13.495903708731216,26.685602260587682,29.89896398569323,97.86804479032162,92.01386668207843,30.732463645560244,21.024504732737164,Normal
85.40746481228425,50.22890038433309,59.55237789981515,136.65689307643245,16.288237196333778,11.312138594212403,4.749586148334219,38.144655026246014,52.96945101852043,2.781331614877054,49.56007612560089,115.69534194309605,269.5206771182259,10.356806791491996,61.83167869632522,53.353533581515734,124.50054443647662,11.777742112918544,33.81812334566378,156.21604225095126,59.40641824063668,24.646104889891316,42.243326333599285,142.008683894632,108.66922847686484,128.25474937916985,133.71460058204784,398.8060224065788,49.78864719773071,64.44433147052565,72.24710377705823,27.612335702696626,119.8605327422728,58.06076813509814,108.24186511271509,WebAttack
21.665830097332822,140.5176146479792,128.86241643494455,157.84048362244187,91.92669079766992,37.8024755362953,164.8713731424117,376.67857041127337,16.511767582463282,102.05286354252667,16.719477953931083,101.36671404718396,85.27455363888019,16.80398977126856,105.56180369379267,9.41837399160545,10.072877042956915,143.11455694773895,12.975383604310304,68.71767943482833,52.747271955774075,200.3325482290133,29.749950069531373,75.43177713060177,1.4352345897632468,9.532487185893265,43.403843625042484,90.5334516433104,370.78940332648693,88.92361328924457,87.5782772526638,8.152423336076426,128.95948080302654,178.70802494838807,310.26594997631946,WebAttack
87.80914697366666,18.820700549111894,13.874330946669991,26.767245963195702,68.97621583561698,12.678869121359204,17.5296855639096,13.942021693672793,86.00631357590504,4.927097278483247,8.869563787400013,47.26765838957949,86.88155020587216,117.19990457180995,9.290341514083025,16.907639453836538,160.6975109269737,7.681036207739505,251.967604502348,14.302938589578787,96.4515939029603,70.57481276895106,115.84958755316357,23.707095282227296,6.292777223658192,131.9000784049677,1.320521309397272,5.7519656063727576,14.759085702051536,71.67192268578809,24.68063277924096,31.893249191065724,17.733013358117308,27.850990711826363,15.59006270927388,Normal
78.36015176746733,33.03781499390706,132.56078713980025,86.85718397022255,351.1633718968631,479.33713283640884,106.1836709408177,130.92243870973294,54.59078390838028,35.431015106074454,113.28463421624002,255.92858872291617,7.892074412358246,35.75238072443167,48.53375776983643,162.68901517569262,15.532918893900527,39.6285734522314,101.2789849688088,53.18693478236878,3.9633289616763268,139.77194881691005,111.74542707114756,19.37692203070619,78.02642448525386,62.55274106695556,106.65746400177703,140.15319871099328,51.52856292565915,61.6082482955524,109.91610742946378,351.25510118755716,239.1629002122696,40.2374975467293,27.588960642194433,WebAttack
5463.015885725663,61.29083828519707,2340.2731312283586,54.69234245933943,16.55589129005932,140.88595573355138,254.7266914824341,9569.788710895653,5.770482337650102,2321.742682811901,3108.111328015796,8272.29083549047,6770.371077711348,325.6057024672083,1426.2615274364848,34.818273399679185,22.609428312780032,30.143538504526564,8454.231378835864,63.4186523639446,7172.502636544712,32.85600721879494,717.4512853739317,3822.9361166799376,924.9989287037931,91.66160761206125,2204.6964833374304,2397.0714325702666,8109.92245023755,3623.161404429989,12.644508793357142,42.98427758429417,55.30774661850857,4347.596001236291,403.7595813268399,DoS
367.9070660273475,94.76457863916959,201.4912012672585,116.06284074362279,4.8025714113355775,96.0192009419862,109.4999898116097,1408.9746737987753,209.7396508260676,43.40401694147371,116.92385829144756,25.86151782020942,432.9208519269269,439.2551653684861,320.12449942426514,71.49021945578588,11.0576968401324,87.6550813534801,456.8827636466553,397.1274485104352,32.24049620598006,206.72924028790734,115.99606958273172,211.25243464464995,219.07312074988198,19.487677023102247,98.75906590587982,45.54421626327464,148.9147666254094,31.474469331733268,72.71080209580904,90.6645007114817,108.11862533548857,322.7246137455004,1.8864195887463222,Bruteforce
65.26086873402836,4.263607747914026,189.70962206386562,61.71789393905809,16.14460876989161,40.637889945078,59.962937495096,33.66343171817049,95.51685213945788,124.39705670686831,1.709322436639997,46.758988993763325,122.78264847514735,113.9678036931673,85.94401841820795,152.41698969598627,38.21146570024439,198.50286913827583,6.506127019045452,22.864235022248884,5.065945486172974,69.60199983793565,120.45772288538605,47.08963131833066,28.349508103439508,25.475003285189366,93.65835524435103,53.08924230865494,314.88675377422135,85.95727935055285,107.39003564088812,5.690602407501866,357.6857823466334,40.05633746405428,400.2696801363186,Infiltration
50.7546883577604,53.18846606308381,214.52734054495716,483.74101636600216,288.3809781274679,19.73230662777524,71.90952771066671,24.103074447385342,36.533084006187856,205.72735344212973,173.06805184832163,52.31054878208684,43.92276188089138,49.36959921785268,91.90265978840357,54.911189251687354,10.771674538253736,94.47306351155635,18.802757870915958,107.51311161791928,44.47565785035345,248.83554332758163,87.1825369586607,217.03599779284013,11.696639299119157,24.44441919461195,59.19998259560222,139.3053471197859,81.45326495205045,79.5040905634559,84.40718202049842,127.53951039747488,15.173137764485311,8.066822418353658,120.4019669675785,Infiltration
120.47491028232517,40.46886570321525,210.57680990483317,117.93260592883226,0.15093765774186188,8.340062494468793,29.464810787351798,47.717240635057415,60.70567828335417,38.90128136956377,32.38761415381877,7.720685140329186,3.15387271499079,16.088494443395117,47.86220706317002,7.006348224946028,18.31447343357306,120.0724103475628,31.050512922902374,12.349283954836594,19.33186221574891,77.50888704287205,82.82306874374488,26.10686942130992,19.805579878337515,64.94922465581533,40.95024370263442,83.00489105511973,53.818001333686006,24.104255200061473,136.011323042431,8.973157631835031,8.726015139565266,45.95078691325678,8.011349263256115,Normal
51.513881100080816,38.367630116404726,200.26461862231187,374.71675641009045,336.6107014211694,123.65720689130792,136.67734040997493,174.29037007730722,6.189343584419864,248.6030632954421,235.26482048005022,534.3313284211131,1016.9923983795933,81.53791198791058,69.62597348876042,107.33447557422468,44.36813447021643,38.18093611209454,131.77416824163643,352.8081227282368,339.856170863803,78.88244092000957,10.625790023613426,22.787471533179986,39.307975275251025,218.89118589510207,83.69679403171682,429.3063559196958,173.40566591535116,27.70758212614452,8.354069421097677,189.5331792300419,8.70082369669982,99.40795865605455,61.18166592955324,Bruteforce
383.63377707289953,370.8119936961045,7.215574487332242,76.90966505645417,37.54124983795647,166.046330629616,287.6251829236877,159.0935264207988,130.02866592921512,156.94084448445352,1.1837205667890227,534.8714864049947,85.34848685254293,81.10914543981532,44.801304841381345,127.04464737487856,80.47872185206887,82.79907632811435,22.467924318130652,67.0700812397271,10.903103485742099,61.33877175157664,27.85184945080217,241.05231010773932,139.60967026503394,25.221241263428162,28.110018091509513,14.828497045938215,156.31534403487615,202.29197575223083,36.79253219845275,118.41604875716634,13.963969411549174,15.671964787298428,30.41123462003124,Infiltration
232.81976498300924,50.32192801848614,228.77800433085227,212.98940488816328,10.69718314847906,62.537754661722275,51.4564165755443,414.3483693827957,35.21103343382717,169.5330104088827,329.10182019089336,131.11519120984207,68.69015650559653,61.364478024089074,25.897200026797858,44.31148579867911,0.33566954142152416,73.19824297048282,25.6211017125577,77.26619582661563,151.5694480538453,38.110364907144735,53.75241918560953,146.04920646867566,222.0574037118204,299.03176602736045,17.045393385879766,112.9019987496305,116.8807174873443,24.050773917780155,76.3652370535476,59.34753484898741,10.304452781317018,46.516948117874804,0.33031547621900004,WebAttack
93.33632554203392,55.290136903079045,71.95988257269518,98.34542237524143,39.108822440490265,94.29583936469058,13.90707680407627,234.99421890640937,73.79367758926088,9.829014324628908,259.62082742439156,48.464389909656,9.848723866226763,4.267846139175082,256.25070863398525,23.38137976319147,57.782146002931725,35.23877193882491,23.522089291857,97.27376710811075,30.549684007560447,73.30325961277201,94.91115622248844,204.92488764788192,4.60668529505781,59.173798954932835,14.823189106063817,95.59169606456337,130.90281584480908,22.276404716992538,65.2025031784895,124.10108095529554,32.27154215958917,91.98216461999257,75.68068242319545,Infiltration
87.7367506666648,9.241199901035705,28.596637812955052,64.59426834573877,24.851080076867184,140.98890679883306,53.16147838048957,38.225969525255465,7.300914931935254,58.71213038887924,40.95676820728398,7.81958591895667,54.28641467950794,9.238313050124898,51.271572984356595,174.8926973034255,4.948827059145258,19.539906442065096,10.160822138941207,60.57185028542751,57.184793959461345,61.31081389692955,51.108829268797784,1.2911089324677523,41.28504734705658,2.9705475285879555,150.29529074235316,4.062367129227711,130.6935175762788,6.057640024894765,15.51232083214964,11.68411844903683,21.290800562557422,103.95049241444553,17.17957838716597,Normal
757.5772986927623,518.3492379549622,1970.0501132440818,10.45171689492467,40.39616952832618,55.81866622051189,31544.743633177044,3174.5178368704783,58.45432057147768,4423.906886396561,1111.364041953709,2027.1969590358499,14091.691514730568,115.08023652073543,2218.9444979584114,139.4852614252863,10.567914548216674,168.45789387260797,4745.245691930324,261.5287555160329,184.87487434503552,60.60617818682735,3064.6639234052204,21084.37436350245,12688.707770645888,122.1309183852118,3109.894633166192,2901.789403373125,5072.805058906519,1633.5459086686246,76.6327662399049,129.07503625521147,82.85968567182874,4060.0066875271777,46.63514529123072,DoS
163.10987366229165,35.540154670140936,8.973834276415115,45.460039638536756,6.721601311463211,248.0348773319137,206.94239053691317,4.540566864690152,102.883504920109,71.01409398089424,44.85436634470179,223.41242798852034,1.087613703876291,126.88692814143639,80.50400846373704,169.50471993396113,40.99035078208432,6.539446830990328,63.10756371933596,318.71233786507196,102.58537440302615,455.8875012061217,15.222052768870354,10.406641827570462,238.1149313195277,12.646290553234218,59.70671261335937,182.55866394277197,69.70325779639633,51.66002668514508,41.773273266506415,224.14638824367694,52.83668729212777,123.07983567370178,55.109554221433086,WebAttack
36.61594164036441,149.4830278606831,367.67458819318233,4.785169517319909,296.68330576546,33.1716865731444,101.2175094577418,48.888764503792544,94.6873390349081,109.54511861424463,139.73012146023615,1.0917565229247033,98.96032970580349,44.5442642654893,65.73494162502155,287.2497171430275,139.13534948377682,55.11612831573781,89.62035247476754,183.14046588871017,233.65181982067935,44.83779557878459,10.143906289239379,115.27696124422644,51.5413439524294,13.241472278372827,100.55820638075681,19.769497373282572,17.61129521832182,159.77229609775418,79.68712563052841,70.83152229415538,28.25940374565838,119.1319454056154,76.46900694192308,Infiltration
102.61165622093739,101.08273809666026,27.180662663717257,29.379534475445563,94.21736633919518,17.218034572277112,128.65788273614044,24.78469408902797,10.01999904246828,61.34590662187468,28.751347199051352,51.18563288999859,16.07144788612719,6.298335702214726,63.809049241805326,32.92256705461641,38.00736882253513,17.43175877637575,15.361703164812528,79.47348760106611,96.46646683579961,3.7820794883527435,42.61725369260255,1.6180314659288648,12.285144494503273,55.77755837920337,40.57878041018429,5.300620896240084,20.250405070850647,11.646738418405475,54.54513048937615,141.91826688755148,47.12017444680663,64.01234733146303,2.62274059019459,Normal
70.25254916201405,86.28864475068956,184.70055240488648,49.384147818146765,420.14334142350157,79.40397619212047,146.1934121076927,88.94239222857287,73.70899920707272,57.53121642056873,2.4375258019526536,392.8916422236797,104.1732223414402,275.9950419318024,404.39287690090345,154.92073088102347,47.91792631491569,63.41966252617345,9.966948770274845,237.0289805667379,117.55178183832551,274.75917334557687,242.30948510290239,4.105074673337288,176.4836151489785,14.596797058102116,7.642793425452305,113.64718849730873,60.86353513222633,157.5556889763214,327.07948272595013,55.01900412443771,92.37617072887875,0.31264388206263216,23.115451756174416,Bot
105.26062298153693,29.79130904665172,62.50794606591005,37.11855321426648,58.337660559179014,109.42940848519869,65.75734720577027,92.00626410743344,18.418244615684177,68.75219507015902,115.16399826569858,102.24571615961473,51.38897105386929,23.21918938617838,291.5689921485463,92.85255327893609,67.93244261865544,17.047181354003722,132.49831807339555,86.13590614420032,26.080722711824677,1.2460313603049935,73.39077889282801,19.82557628298525,50.8529455036472,115.75922468573914,113.27198892182922,7.958526528741761,40.73430627444694,218.24120240389763,29.81558039655595,44.98838188121067,52.27511955716353,0.3633174589097687,127.394238650093,Bot
2613.2013819318213,86.48629604687518,2032.435958921492,132.27352160176923,11.925977400448295,160.42750066040375,1253.685588633581,5477.758238718597,50.7145048779823,5430.0901258870845,15464.597513980674,5031.1750185451465,10221.496164003704,39.05502401609062,7965.750129514047,26.51387930535642,100.27451612156601,155.8718665542244,21.588403528920743,55.75618741492401,2438.8478343094307,111.0914813895393,2815.0143703367166,8997.263580699311,6167.558985612127,172.8459437215105,2836.959153598283,7164.3874936657785,1369.7800257589752,27262.855376610212,28.707174134195007,74.01810040317575,197.8315525305546,4033.598829766604,46.75372799568518,DDoS
168.22616231628228,10.350420870805427,9.674977644176439,18.80672143135126,93.60687833696069,386.5734588726179,105.57387567323595,12.036980020983199,398.63078756474175,428.3551646148529,17.227019570951203,158.16774190731368,90.54828313114137,194.70563617835757,547.9062799356097,63.32155700061233,491.78310986809277,172.91062035505684,182.1548878724739,168.82735734358647,187.09965236431225,60.79880157740063,97.09946083127677,407.1173176600496,71.66824206310378,591.9017672237405,90.24636196752984,163.85785931519015,276.6460781437225,579.1637622550692,18.723478969893183,385.2221745250961,212.5863607531389,124.68295045115146,134.7295776775195,Bruteforce
8.395094868131569,0.038720106346674665,1.0852767846559541,3.4189420162773043,1.4751500365978987,1.8265959941174748,5.911558133103346,1.706312089580121,6.388472314501009,9.155185147542602,2.2942869597629203,2.122850048391477,0.11393591106674039,0.14666393303226388,3.966265609577533,4.89042079963303,1.8281078860107702,3.2298796895895565,1.403099512673115,6.812471479143701,3.929392526312263,7.343341112048101,5.503130594834456,3.7729914107827622,6.26366682278595,0.07169102860627885,6.903644518542994,3.7104846625014307,5.135763214146552,5.234097805533208,5.584123648169519,7.023865133826966,1.1064612886588987,4.889777600931087,0.8315300796292935,PortScan
77.940866438167,81.38393181466446,51.8886264846804,65.20641486937862,16.361504866008016,47.12834049615585,45.07493199199616,331.7439869855216,83.60190223695696,14.282663735356529,12.054176540726928,62.77204101573845,3.1767972252995165,42.075727102362606,16.325196576845528,102.80148835970118,28.569236481341044,319.6169936041857,228.66206598658079,269.7847801765516,151.1695182181185,2.3921944883276334,123.78846329898042,64.79983035760577,302.56792297363285,310.7445954509553,49.15707242467639,138.94963566540443,36.43711675088505,53.0735168205531,24.2903359251247,54.370780034451926,3.8319828605830017,218.8658280644007,6.202514915370971,WebAttack
17.662527822744224,223.57495274300572,36.96144348944366,39.85919872314336,235.91217908305825,13.99799953191241,147.99660089108733,177.97770730637404,16.835398920799822,62.75509505724638,296.0264018429479,166.55462568244198,92.78736072773277,47.47824410664638,175.17060755179804,82.33442550633511,122.22016343906768,215.53015624057443,385.0295950232654,784.2130884784551,280.18316760190646,221.5109157624214,767.842492946522,67.85826736684567,143.7160492880294,128.34173000148056,204.64365160417623,225.45653125896368,628.7835431607223,39.51180834597236,159.95275263149654,93.25249068848245,38.99484152323827,32.85826234865662,75.80117003054146,Bruteforce
455.53717789035363,99.52471511116539,163.83123671330992,180.64916164134075,76.95921273400764,64.64832613870195,99.96606896446237,175.85452170838875,139.14616701062624,131.5186641000447,17.501960865814155,52.0421400001254,121.36710192551841,65.29080073668648,252.93766605384366,5.9488743547339,37.19515233521948,5.179557752599745,35.05052587980741,1.333764856823729,410.0658284333068,100.09705717099655,87.43887535433724,90.20838847083449,39.2023963539666,19.770657081038955,108.76264021512509,14.744349234737209,5.342132882709326,43.62016102346151,92.99440557426594,9.825119991249256,184.1674496741829,82.8528457718771,268.0477422083744,Bot
89.5275141543635,139.95310830591148,19.10955012210179,13.396649634017743,87.9677135130266,18.0721453934097,162.7320246779246,15.119304789022472,200.9075866252723,15.289823905565378,32.83009234654789,288.4366334454319,142.62141518608536,139.80207431669453,28.139751450216764,103.96615912486354,51.75287731118878,112.38104699177352,50.17369017662395,89.14758922125263,252.00461551415265,19.499937562888682,479.4740071826651,196.37452341037203,19.806009357770506,103.67152607994737,13.17520081196871,938.9869056892248,38.95061469991501,29.92655095019476,58.45718924205578,125.04169756174362,111.57868087529026,3.830466973970411,119.48781391231427,WebAttack
93.25745663419926,34.609287359148134,44.00520353277294,15.15018728445123,22.148743650110227,330.8253270857281,50.93501369282887,1.2682980802595798,2.084848482816317,66.24058467723728,10.172743746583109,30.810497995453908,102.04334502028736,38.91121044189189,110.3701183518366,154.05674411094333,4.66307039484659,55.69618094231383,31.97333925454614,33.527395897943975,22.69959006393164,62.51655701221963,85.83384035812234,5.79758394676105,83.34044373504467,1.1820227748039687,17.039603109149045,65.81825173344127,22.98675168176574,67.10053200938727,227.90221569097486,53.548852741982245,18.321089861142955,19.07556903203021,43.27824917457759,Normal
43.023738121594306,67.42435206465859,24.01673897297122,27.557172669529777,176.1634150895041,164.5301575245149,14.59460986633857,8.406568251471176,1.771386277613865,124.28166665500238,50.743175388282765,48.292689774014164,79.74380825067493,176.10372930372975,17.900386520098415,54.9323210090665,6.465427121822172,29.620201682389208,70.35722982161168,47.149112516595004,21.135276563849974,20.03445467234425,367.032180050998,3.4823655541863863,103.50382661401423,110.26609728858512,41.383355307201846,99.54404588514572,195.7140058472881,62.53822139192414,108.90115013968315,90.62653140254035,16.3970037068147,4.067127720312722,229.8060573344486,Infiltration
9.083209456034743,114.27460594471673,65.4729307002383,12.520978443475633,433.39529875875576,128.78390453279926,91.95744151121474,314.02057396697984,121.7574310180951,214.9195374367689,127.37398994790381,111.74399827414881,221.03100789913296,6.674098407807767,124.25115483722557,635.7900935226043,28.513598623353825,351.67229474420236,54.3943661003964,424.1876426524666,34.15840376821699,97.58429868254964,178.3830129938149,793.3307797778866,59.31476986439025,288.0957711111192,93.5622111750631,326.5688687342638,211.45601780753327,17.316422975962777,157.07324077267828,31.23332755490439,68.53443711700812,171.3098594860785,43.101806359700404,Bruteforce
3937.3102937730405,241.66042711964582,4587.377082850122,65.66144480364197,186.19707045265815,164.04142717124844,7365.67439110293,127.60536989835953,19.858103938170686,2304.441694871803,2199.463974496241,17524.135744705884,12695.993795254206,39.76248296218785,371.17313509509273,256.0543367680898,10.09687329422743,34.77032059939818,2710.0087947246693,9.753719015041442,3728.975960322537,129.95647150351883,3550.9901975845683,4344.645828515943,8101.135837597569,186.54810443075522,6.610124438663552,7029.269735914912,2820.767258043136,12394.503677116429,65.85605009849061,24.58823906945543,70.55142358760557,19359.082424820986,110.02107149349767,DDoS
274.86206142824597,66.42669652237532,6812.3738398764035,94.91814947816788,335.6564091323978,215.45016098490004,9098.785999478045,8635.884229615824,107.38672884623944,1490.2160008307858,201.54473469706596,21977.81259041143,4549.228492526616,122.26875849086191,10734.97674019104,149.36040265696624,124.96948062451753,6.280960834763414,2797.229752591206,63.67997960308224,8916.757327972264,0.05952339838386533,1954.632980886469,4932.319917241689,4753.935700384507,13.914753400877162,742.4128621946992,2687.09829013551,5926.008303932456,10435.15291947046,14.384518719390686,4.208649624130766,209.82927893289963,2515.9805690848657,490.34258525315664,DoS
5135.012593858635,39.81633373001403,6734.575137008851,165.26914883538066,192.7148344389578,101.76723942927947,4227.188384339794,32828.55057590198,136.20953482653596,16900.74657482898,7748.955061922203,12936.091133041373,4543.541442031004,40.38480790939668,147.86589815909673,72.00723530509383,7.865840059113151,205.31529632735297,2735.244874210634,163.12422205467553,2478.269017338988,142.03654030220383,11225.202354881072,8044.5202217185015,1674.5422099461748,146.30279421662306,4887.627096918984,1864.8390629558573,2080.998225520503,1313.126237151348,131.33135181013824,175.79394789639778,101.69775252402282,15246.238461584346,25.354039851130995,DDoS
2.6550061400293865,1.3985393976737004,5.9715460367925175,4.676121283828386,2.5770520141837316,9.429281414652731,3.1755598042657205,0.5528592977251967,0.587992299052239,2.010822416520294,1.1673582487278933,3.946887070844889,0.8046471631592589,5.6116520199434605,4.083912245044856,5.979251587831639,9.892365469240254,9.919015940028594,4.170290416304679,3.670539336900603,6.815528820499043,3.676796142531522,7.782815759829155,6.01645991963359,1.9948722291655607,4.148338198791625,8.636580487009713,5.533532832297948,7.099187250713644,7.098507031284216,4.821552720780704,2.9549137747594134,5.9633883980784645,1.1305806283179087,5.9737061978813175,PortScan
5.691787042446778,6.014891970061493,0.585054081081352,4.535593096599147,3.5956199329080873,4.489347529004242,0.41697302457728624,2.956069104989383,6.4345853875189025,1.259163614526323,9.592203888231015,9.939107501084264,3.6044230020605514,6.8095543632647715,6.3534352286720726,1.6716481565989394,3.88194109473854,9.806462925693095,1.2767426722714914,5.751767718959588,5.9918074412228775,1.675254276309004,5.352481463437031,9.174620934774843,1.156562117766522,1.8974299449562815,2.5562858123951635,7.50979584600647,5.772514178770745,5.035470273142567,7.9206421023484275,9.782671449305223,1.9595805134911926,8.120504188283537,3.7008837071338108,PortScan
20.745838537193706,7.3454479659537775,0.010686996134575712,181.0460087947184,205.04364893535927,140.96172111743007,146.83169125200203,162.3597902443712,133.9777439036995,97.35294182571167,173.7509633592721,96.67924541271407,113.74023674632656,3.200674117259831,17.3331877403979,11.56155494998603,133.28842574622402,197.05467537216109,4.394079870074615,1.800584005201849,304.79133272837873,251.3228232416527,34.74285789485303,43.43490051588856,68.72746181800957,89.79660981134661,296.65912929714665,15.343873908231313,43.61530254922778,159.7916966125345,192.3300725152303,8.53449837362244,72.37712093313061,57.51457838500203,64.18823564218093,Infiltration
23.21416239546809,45.22715699742834,60.51403238620302,144.75958908316514,10.540233739993273,129.92061613095402,174.0777167921858,20.88434015128595,215.73606733957763,232.70943617233044,128.48742170841388,12.24732355855946,116.31994964060691,117.67335367659058,47.47606220394105,114.36843215464904,65.12236848162081,70.76997235302596,12.594786720639146,130.4607487215411,338.2812058388537,28.627242547420927,51.00399898769174,10.472755858656084,26.053734536870703,107.30388500991059,67.07278735309556,167.23768703689834,64.9117011874513,38.44090962053961,51.04487807112245,70.80029601265207,2.266830353008325,26.441174438812848,112.48985561603794,WebAttack
9544.46369634047,23.66282285516147,4523.444379093742,0.30490506594365335,42.76946787076291,62.70272282849696,7086.781488442711,591.0666021721546,74.91839865115544,14.987813930371955,7122.420705422515,6779.6382580790505,1464.4039918307753,79.77872668892668,8471.1750107136,39.98835208961845,26.90960161628631,51.653254026607875,8730.456060092127,270.3679540687691,21780.10943086959,1.8238875951085372,772.3490542493322,2639.9144962581713,4233.365441546341,28.835413346332615,5462.354542011155,1752.5522112631909,3911.8708659873114,248.85844417660923,101.51753790937991,93.31220221698159,85.66258630673842,6865.047089511139,37.1908553711916,DoS
2459.245226787369,96.02039447260788,849.0816832452405,220.16497315278642,110.66489909905704,68.66877768610941,3000.469854731409,1214.44513283189,16.675429967806306,4614.904194073113,1220.3712391549886,1429.406741727769,12298.793682955218,34.27299944497907,630.5371374177755,14.055958148364223,48.577341840277086,58.84357711905639,974.594897005822,171.24513000331746,4400.841180754465,47.13422145987272,3803.9888513032442,958.3063067877657,6673.783716310212,42.54340553819662,3317.3800784059595,5798.019179956262,1033.0039735818057,102.17049146057498,31.73198059435945,189.19369015547895,22.52129012742661,4151.756750251381,116.87288593106314,DDoS
99.5878606187879,164.1932576478868,46.17216130795846,74.17413061726458,103.59468940924708,177.9762657180674,29.570088144099344,146.78768282843168,32.26084378647237,39.72363093555219,55.00651633101259,11.612344716089206,215.78301838274666,197.3540557498716,307.08312903846996,90.07899634856005,113.555810166036,35.28646295797501,2.8718755881009415,132.88915949127323,21.984782730988233,28.860958345853067,498.0241307095585,16.5871304692215,9.293558580340838,7.828279661937566,106.77717764271546,44.72481950752916,40.52565760564543,79.68181400346438,10.70552126352378,14.15232249101093,249.06887344454285,212.256967154564,82.94411475289209,Bot
1835.0068235514286,14.21430713855629,648.567549561847,34.380829112346774,103.58550280655001,112.43422348857435,14262.397694126294,7345.180046469704,30.803370462901892,9271.10053137392,1256.424708535906,5512.1508593142735,3437.010334356311,34.437087163448474,11874.49911418924,29.914566251873254,36.503715439932535,93.71941124908729,11697.447440991382,103.48097269116592,29.80907061910482,12.126691761475348,12920.70894082831,2210.1523494369317,233.20067860361584,21.487216008774602,1249.127894804476,3167.759630207182,1959.0239204235586,11603.465711976532,371.48185755963596,67.8633656103912,31.324312037778185,169.18692114856083,10.867479794724028,DoS
50.824943256562115,91.72758277733053,254.34042118040892,16.375675975239005,27.202282054300202,37.353853034967734,20.51359871499737,231.2672072991926,11.245201038861888,105.57992945893342,138.50244011764937,148.66239466059832,34.243644126158465,221.65793431892027,557.3343898348068,310.88683577418436,717.4358518394173,649.7203283436806,22.010813224318067,108.37433066467226,455.24467960111076,12.419494391576587,54.41419261620564,51.15658370539844,15.07799561137173,266.7679885403094,259.468449560722,317.1717648913348,129.14595807227747,122.14145650429451,557.9953187888559,16.281219873627666,169.62542345317087,153.1885367861758,620.8744014877923,Bruteforce
9.011171349524766,0.4265962626790809,0.5010974591185968,5.514003846911474,1.669014948196632,1.1265857716514693,2.6035835485432623,7.094006048114666,6.716540746205996,7.851921238534788,0.6275277995661754,7.664132700177704,4.9061752173393005,3.1299521350179482,6.102846150111397,7.995301384036989,1.0387497259611234,8.072924272984444,5.694398836357374,6.200540282198224,8.78952161892939,7.099875914808582,5.835241641873906,3.360226502696193,5.103101615432481,8.365665885601205,9.956072249239817,7.561521154010431,7.9016256503357765,6.994180509977496,7.66950489723654,2.431796526747095,4.2383297307742795,5.559959842656582,5.494641303373317,PortScan
114.17571936075169,33.82211406952831,5.425128665052076,672.5434877595942,0.4128536075755063,144.6554118868094,203.0167756226367,155.29107773125097,93.98253258248221,368.7132907368434,409.8182114740263,98.73601518958772,136.151015540463,137.6743923835359,213.33457450122023,42.004888178987336,12.537157983942635,103.37770571050424,21.064748562328557,120.45781363357932,301.1878911147887,116.18044346947696,143.81939006973616,170.5502107955811,255.26359463446738,158.999344719203,104.0928557582228,99.95381143720155,38.81766286859206,102.54239669008732,266.4641967877898,93.72393590540709,81.69661871856408,149.04151288826128,33.29863917821594,Bruteforce
131.86837348458153,152.0324389153313,106.62268013323757,286.03555911685805,361.5111866447824,130.50840496196372,194.66535811873896,51.513433090793356,14.423477647646553,84.16737636347456,259.0309596874793,16.001587366198937,43.80692137506351,99.81719236065236,57.43075942389508,5.358311035288576,415.52192406303766,77.70829670633007,29.213223298727925,49.7743208993977,2.946415533897946,80.50818948108174,164.58569866850743,80.70641282236384,148.4954838519247,67.55012828578319,145.68179027260913,70.70074839648215,102.24532589532218,192.25097555146314,439.19899142705907,53.806736361303884,344.5194255117418,11.20464385252045,90.85192934471843,Bot
9563.923015582193,168.9240306387332,4506.958885992359,178.83446256985155,57.52601229237367,51.55500017880333,1632.016895801871,6136.023711789807,568.6272692744558,4312.72545125257,2510.0049223989313,186.38495562628182,2232.638753717074,32.49259226984467,8796.961127477445,87.92315220148247,16.063712162384665,100.22527702743315,4174.565262545042,3.4364720544869254,497.06762298512785,178.11688906540942,416.72418776331705,733.9249063163259,4394.806880009122,228.40760842567542,1521.0481438689121,3739.3488105535434,5740.20428503106,1891.3613015582591,146.9359497612697,171.0666544860588,83.9163678376305,15837.725129042039,15.007618743157444,DoS
445.18165049200354,152.14784623056744,199.2442850444432,193.8160518658713,53.33808122969064,59.061822447999944,167.8791143278254,128.5324198163862,8.374063794559447,69.01677891544338,326.99078378836674,92.51095979186775,101.06242552345775,30.665667275050684,402.7789598390453,244.74135097858536,71.64661158763666,44.14302018234544,32.494916024541034,52.663911638563334,16.672159325055237,28.118849154782332,4.986771594142374,197.21284106344314,8.782682803792575,5.317782844916595,195.11916905632947,77.76092633146209,129.35477418096085,173.80989833144235,68.55952442714303,134.83326739047288,73.51651273206926,379.403112784013,169.08184490631527,Bot
83.50686253826649,459.82030732752753,94.14809201960223,173.07246556393903,214.18295056245498,183.66614706388935,109.9000538929563,473.8253159193368,423.99146247125657,158.67581521922324,17.430107940452203,114.38726836042046,79.19312932338534,143.6790578432459,118.28658894139872,150.62617602046376,207.43374373753576,223.262982330455,212.08597215394144,266.57933035437173,318.0043715505255,112.29812757024784,542.9669045400899,648.3540272708333,69.62107358457497,461.2283727062296,211.81862373237274,186.05991149917202,40.31242644545648,181.01044354201875,112.9334396609092,1069.519797396866,337.8997545377469,157.44090653025248,336.6719270227363,Bruteforce
654.8555243241639,40.244397178098794,3796.194862345271,103.31651838096008,211.59186770370312,153.0301153681117,1393.1975107147412,11339.565217180414,257.8619568425424,509.89066981845406,6619.482084053892,865.092650772593,11872.810493545443,53.69563897034646,2198.9376968852903,25.111191838629527,73.20382659846729,55.08340039407099,3168.9513817146326,172.4275003638278,723.5991455968025,32.13684488904684,2957.09071049589,3504.9070721897006,1272.1312659425362,50.14981993777094,6754.596609734726,43467.795363763624,72.8261637564632,15700.598787585473,32.18548404228388,63.14105234957337,113.43387167918128,7295.322956370061,611.6113650271013,DoS
6378.930077205874,220.7166101366885,1023.4987239210752,130.93157005855954,50.98758154667855,81.569840711316,967.9739704977106,2498.802062850353,190.67777160515539,8749.993229451617,2677.223751651926,8875.504525189224,7336.08648023301,79.01445320935314,7682.712035718417,192.99222705282193,3.9646190382278554,60.859922383402754,1195.3183665987074,54.31791977207111,3799.017701575852,38.93324110955089,8325.595958282525,86.38077533758923,8640.381026685474,169.86174446480794,2910.6994533656416,1768.6952868932342,17395.873461220643,1008.06906663554,7.655785664752,44.00573231629626,50.58407589251196,7532.92239321508,35.61241832077476,DoS
1.0389053211088184,8.265342560146973,2.7210615288929207,9.370909214807119,8.69196309794287,7.622706069297871,6.037474549941152,2.1445633879868997,4.619253605327107,0.3478582474717862,7.094035737968369,1.158792674532051,2.582882335468597,2.4504959165181317,7.879486558241905,4.006478101086971,5.345409775979187,2.0861855614112965,3.341021140903538,5.118989430735407,1.942038895024839,6.898125014363373,4.492673782885373,9.836504167458601,2.4653039657494293,3.960596001184975,9.246628826854728,8.85997388288718,4.841697973292875,1.2359356338836336,4.0878137923218265,5.873306218026368,2.542291376628695,1.911328781191779,5.31437662534854,PortScan
7.622369098733978,4.56589473690538,7.006618996972422,0.4698000663891011,5.043782855084126,0.7377941299087487,7.3353825619003645,5.809611445208185,4.51391106460929,9.7284227732225,3.2601659570851584,4.228896323226178,7.375300567940696,5.250512985556336,6.585211299487122,9.76279901275458,6.956768525633443,1.5070870915185341,2.093471716386005,8.698564141027502,0.47974084712098963,5.091765758873441,9.05955542115481,7.7622780552257264,1.1566709267857433,7.404650202548597,3.820684470575636,9.012848057710634,5.727955918078526,5.487727787046412,0.08711386565680823,2.4965615072794534,4.127542809856238,7.2391816933889,5.2004967289094886,PortScan
68.20316286985806,9.289003533737699,48.55214839548857,86.52127999183791,9.396053216493595,29.9570347611559,24.168110215841896,46.071340693912596,71.91320253085863,9.44472984585414,231.64647932194273,9.338010373964378,60.4713669448983,25.818512689759714,21.805234856195636,4.175386673627127,107.79465168409838,26.043570857568866,64.17299759509282,20.305975781866277,5.021935437063294,120.67012920955229,20.98235488709375,40.07002425927581,57.525947923928456,301.17252604019905,72.08557226211946,30.79979481638821,30.28799998525708,70.20946257874532,2.499495310333073,44.77498398925049,49.71168637897278,15.465722947215344,80.18148964558591,Normal
1.4599122375890994,2.565201009277968,3.9929648309146923,8.991608921642678,4.784095311960024,6.14303062600772,0.33234465272748537,0.6400671171532202,9.38332633956045,8.383178128389648,4.896406506797496,2.0039825875437254,0.4017562116047413,9.753488518740227,0.05672287880468807,2.3764778532885655,6.839029729042116,9.37898256210071,1.1705930915112495,7.738909989687388,3.3176813078476908,6.797184264798181,0.966332303980848,8.648168268977216,7.072239339604005,9.556018394526305,5.024191575607241,8.87691330217754,5.403986272974278,5.127891859193724,0.9461042121593477,8.141694769851137,4.122025188287653,6.0002504434028445,6.506916287488145,PortScan
15162.895108361947,100.2959099457384,6012.288645650833,60.30791400383691,11.942350893743422,236.5744856269493,1054.8979678209141,13.905061574111343,260.2166531287974,10283.55171854374,283.5170490912796,8075.8094984312265,5864.705115614887,159.83794500632285,1629.3931409007112,78.72668368387889,142.27419428616795,29.20979703132148,4305.220115060594,87.4264230808509,7871.628781348882,27.359294266098527,14453.26880636017,36.57222755376101,285.7923171167214,39.16843889113639,2175.243313994318,1099.5170252779112,15130.22182170658,594.3623848112212,161.5959906912585,104.95694262890296,18.476454195798865,1871.544973615189,5.246117528349795,DoS
27.116560263870333,23.719336524748652,188.49653158750434,73.09050401512462,254.848882389275,42.10493936607455,7.264545883560585,27.98767472870647,93.59882819822803,63.20184676273889,143.14209066220545,24.82909261274399,25.679416021917422,43.633695391756014,43.94519755099074,66.24394270141786,14.880599307039933,146.73982528287505,77.8409266485789,16.673097301083626,129.37600018737857,75.27259466645992,90.37824409828286,133.2923688181383,238.17942233640744,14.553762281800934,290.61734222713,8.45156234866547,108.45961501873018,14.669426052341633,64.25421796616281,174.12025448452383,253.1764253496109,32.23647554786833,217.64365637371986,WebAttack
107.80110132499277,482.8015309458368,89.75243609199197,32.40663917666025,189.08339166220983,8.089616688435628,583.5046436479081,414.96094744255123,263.24888747852214,497.4232339756456,121.35072296142937,354.741366259313,129.47781194550927,1044.9172780612234,152.17847661684158,170.8453101539888,148.07140794225074,194.83574957309898,721.8198677261312,28.287856946402982,38.88828673754093,146.25888561905228,153.80006369949285,89.88668234054586,25.843569910820825,303.7297373095433,56.36525886740411,318.9271801235264,882.6853387712111,500.14477732003684,45.492136218443214,58.17502183020646,78.472318449789,269.7150145263004,311.41427402620485,Bruteforce
4.796087576993476,6.2001694507081675,5.979496023481015,0.790662037406421,7.837381827180155,8.219767874385512,6.074392956013942,2.809473434100239,7.240918254529269,7.006657884258192,9.125389066045535,1.1733353829057258,9.09803718011701,8.870720346513792,2.9752740411326384,7.161977662443216,2.637081563246925,2.350958208105287,6.415349359972083,0.5003333423533807,0.9647725790914718,6.6014362298563825,9.518691910755592,0.34038777433263445,0.22918440282009178,0.7477168780779642,0.016644542983893507,9.283124550969786,4.740419588485114,6.921135479398972,4.163868794997889,9.972450115260402,4.799313862128712,9.39265886392317,6.496104511001496,PortScan
45.3520297451511,203.70812209980897,37.41201762499094,100.38627315307838,20.36384490663819,37.36720225026804,11.091630492687337,2.6403019593817403,19.116458268826722,39.28604446905429,114.43471602441151,27.373263321251052,3.7138954631885963,3.652710552058684,13.017050742770126,22.71138398334003,28.167053212990208,0.3594761658151052,35.44372728234526,136.7066672149258,61.435392511705764,23.869591236624352,22.774963444220706,18.01705578196743,33.31230548999621,7.580597484557799,17.74869168405142,136.56688935498173,39.68794572549525,3.2606220870299096,0.5126959763114542,11.246620641807107,14.65396564914257,4.0838905215068895,5.949897442820667,Normal
8.525389373500678,0.3435025645952694,3.228891868765876,5.975895923836139,6.587559969079367,5.024092405206465,3.988525516600773,0.7155592868685978,6.962424293232821,9.037262483240259,8.088380376907299,7.012299963904969,6.341608916842121,7.72040722498378,7.7673166975545636,0.06940436990507393,3.5784843053262194,8.680536287247326,8.507835658824611,7.099554247058829,3.09070458149041,7.979124231891934,2.3155473823854256,2.2409905255465246,5.357335775536683,5.713409802120148,3.513281881053528,6.037752031369611,7.091122145182488,1.8021785295039672,2.886152139581557,6.998381179612646,9.272511736436702,8.844420799441608,1.2964715940361071,PortScan
189.19852448246695,54.07858236795941,156.70390107929677,112.94893574456401,39.41746566034493,62.84244175745508,88.6003291465732,142.3362216229543,241.78272969907079,83.55994944952694,51.37065397256486,395.7497616265453,555.8998226174313,121.38012436500061,121.00046812107462,12.396276429831598,63.67964225662382,57.15702037142727,167.56985828547315,27.369754826631336,80.3179470998754,257.42976367000034,224.92851314843705,71.27448070228232,28.531700301807568,77.5269992962112,142.2936708367446,154.50675431351388,19.321988907824522,92.85436464743688,372.5700075158287,579.4814134346021,593.8206346970134,17.21274945902484,526.5297490872986,Bruteforce
40.445467248477904,206.6893806527818,14.948488023017687,14.538099040378658,74.94575852469069,8.545468313185117,32.320065009779356,78.09988258051283,30.34154649466097,264.46255828682376,78.26420698659634,64.68800595525971,74.45691194975215,126.84099592891818,36.10902401465315,141.06791756023603,254.97391655298944,204.1063375534503,72.29780996526993,24.353190429692763,32.78789027688103,160.82998151517072,92.44406924870418,39.491968962703005,3.1875687255400993,196.94949725915475,16.586787394739385,59.77559545065222,31.416670593649382,41.9745353340916,8.081555075092535,33.312212938511145,250.53915441625304,60.438292593436195,58.41705700100861,Bot
68.15752908643904,46.27210115257805,46.04939797322951,4.513508045999995,209.17845102890453,0.36200864820675366,96.42745645903611,121.67090023768601,140.69648392189168,670.3480479393032,0.009399255221070699,39.07349365158825,262.5788238559781,313.0367583665569,385.97411853365,270.02341543658616,70.22725958464237,247.0747996645559,374.46894999154415,313.9912671828208,26.435930293061837,51.680852558637625,32.99819001188647,380.75903729800456,151.40221252935257,76.49092694611068,35.974582948840464,16.385174872596366,250.24185123644128,18.039705202044516,173.43855616472058,58.7946901989292,29.734681110292783,0.8401798993519795,89.83747830195115,Bruteforce
106.5881082028576,91.898953386776,75.29194320952875,115.30305938257588,207.3740788538082,62.981717472415845,64.07484036550272,59.757415228905685,87.34227289172732,84.29746102720203,224.22553214920094,48.530807660257395,37.107503398466775,129.2866615689615,434.5125495097567,62.7255771410619,149.0210314190645,588.6078087318693,270.2166049121893,42.25120656133864,141.26476732023306,72.58203252978282,230.1719181964697,327.25884351379864,27.746534389723937,146.6018123108208,9.861581944613864,121.18035185294396,402.196014183146,252.1692867897963,144.77185742492415,71.22181158037138,208.04409758220763,82.84663534867475,152.4827919495662,WebAttack
6262.504863423248,51.33184943512455,4466.11363115562,121.93267499663283,12.89729624586095,53.88295746059099,12233.479881081103,2038.7091195037701,226.96031941051734,3104.3529390048675,1192.6240489756237,27750.3629396622,5656.845876020543,498.0115384802209,7169.16746460822,2.8553487750445536,34.532618609410335,34.32612613141613,3837.4963592685694,116.5970402063619,6534.333612075924,60.31447983289401,11111.678154523579,2197.213465994667,1055.3598317650965,402.60198335261873,3327.3933611579705,3232.0003472005033,157.96502685450216,7800.870886178833,75.98228706687142,41.1898192903171,559.0096989600971,4528.005653033765,51.72032392147536,DDoS
7.240262150935188,228.38751402124294,19.142756672395045,19.435861922991712,100.91711567912628,22.345156163692856,213.1735512246789,63.79987356713255,15.401720097159918,9.728222899255377,303.51522809629944,38.40586028184075,46.39412623347036,30.39916606581793,11.071087839045896,60.95503561291966,15.016871316183577,69.82765552157288,126.59918036450162,30.270240320916947,70.07441089789363,108.80295557778199,105.17418529330156,119.51350435418746,32.718164823517164,121.29379216677837,63.47180148346712,56.32293979370363,367.8523206672227,193.91751551404914,115.93977172732166,17.626328851450463,9.978813775765467,23.30906568932593,284.87845847516877,WebAttack
9958.582317406239,14.299481254974488,8653.796462827526,79.11310360067259,9.893070424803105,53.084307312080625,2993.7399458979908,3599.432936494137,74.92629469038856,12892.743418977732,3449.764408670573,4112.911861488063,761.3874117174269,64.76931722581847,9989.868232911846,78.81789083519486,39.62989783508839,18.865163326155212,1738.871010604187,37.38637827818243,625.4539278236517,383.83994897554993,2111.8323700233673,1138.227368151631,2001.0020738526166,20.78205723473433,8063.975319259951,2384.3846888379358,17.742169664549536,2788.3292607349263,111.88546005255526,0.020480496837596045,46.11204116631595,5374.182349460466,13.395541281788987,DDoS
138.1033793782474,58.50307774680292,252.56048387353292,476.3268426061905,455.57491612488434,761.3379049850378,235.8073434570124,189.53140636997912,15.70289492770961,50.61332762676314,72.5792996842106,154.10886338761648,345.39127005289265,121.73628008341014,57.44831381869556,99.79933194448056,7.254696513132592,60.8484271481307,8.576267639830375,145.89029897899036,524.3038119475951,109.01664524272682,280.7184415557404,233.02495541490399,193.5551166542264,359.5236419051035,168.9621404654254,195.062775185062,83.19429865364292,271.68117449441945,42.68243224656653,250.07209168669178,769.1679490847582,60.34591774057797,271.0647008154807,Bruteforce
85.69923469077678,133.81012250390773,120.06255907098445,54.58783671262461,256.80739395712686,56.90632505588277,26.906888141508578,97.71443776010835,183.49676492538444,31.272837570232713,89.48980719706095,39.947181629493585,3.293358952370222,27.814176437219334,117.0922317839122,140.53314210916855,26.481979542274487,99.51162731737331,56.09410416289043,92.85004272962205,3.894373142154104,15.730883129269838,21.70026465361294,34.21350325390756,54.77523218419943,56.99269745329212,55.777233363712554,13.9644964681963,289.01685073336427,41.93200913057089,80.30207680929746,198.4242693832998,13.688783985204859,83.70576951745997,49.78075305847674,Bot
169.90504017011293,44.7369054935266,87.46795351072612,52.08492528736266,44.37662436142739,174.60785354546405,241.73276527146595,40.73709622221117,29.403621545705015,30.225602526127027,69.18757226689408,134.60923932319972,138.45014607539022,34.1729408021395,3.329195605864644,30.810052233714362,128.39396461392423,99.50223404228275,169.21551654625608,337.06345911996414,19.81409003278836,46.818103880788854,106.33626342812616,141.4680668125921,91.37087389876274,167.5787409617476,16.341361922253032,9.713118070514378,24.19609765154309,176.0385159509838,27.573462132553328,47.41365482652129,530.0776482619203,159.99804305670128,25.76858999731291,Infiltration
120.56691284809544,104.34953971488024,164.38129204172455,43.90234958993448,89.34382612667702,186.3639272577601,21.555080828139417,48.91773582783375,65.25088797882059,22.46263329817862,83.3937515180758,2.5580086338554993,469.62186975456905,65.54730487139267,17.848012186589514,77.22308859997679,128.07418952529795,286.6834620250516,40.43870165133735,80.62344778911512,12.023224079772305,27.17462234375894,32.68447639097687,0.22416178101004558,75.41719652214707,17.99231270680573,60.970323265179005,201.93969735355398,40.17568384170926,0.6774431417884649,72.86520311094581,151.52517458019835,254.68971080410822,13.525793801664928,219.8376504394032,Infiltration
127.932061680825,133.75645958166078,108.16634892804319,374.85213256882196,5.614738218247646,359.9619730268471,55.07549372746159,169.29398388565602,110.47729725293259,93.82116740564528,57.49406348794989,77.95751866044235,13.899224541694293,129.102812234389,263.71777247799326,10.2570986952404,72.05847068003952,36.64032315319528,131.59970314421844,76.14067626573127,191.90926662145594,58.477196292281995,131.2099836308668,13.361345778263395,61.50084998216584,229.92572418202087,75.54791217763834,63.995615002951745,83.08412472961456,35.184033622450414,126.02720254268343,95.5185154656967,70.37978946996125,43.42301633475003,14.307362124931847,WebAttack
7532.732917638818,41.073630015404994,4914.962981277777,16.109536324004857,22.094812511277887,250.57526616843813,5954.91353799278,884.7563235802947,17.479959527468104,6932.234657255888,1777.1257829913475,19536.976711306834,2573.4773336386197,312.2482960523928,1678.4702452442305,172.47799646291818,18.423386149153483,116.85631763092994,12523.795063323045,61.36071658461334,1424.348601596391,60.662757469718265,1332.2509041527003,7134.934753334388,350.18512097293114,15.872620890106633,769.2074093801217,3012.5378352440302,567.6204900802436,554.1193670603978,124.8281616692402,10.258618637255736,97.96695895719661,1073.7646342076523,2.69573732634345,DDoS
3999.702562165703,45.950812419339634,1112.7463200389975,106.22942169751495,48.526492421547864,106.26417048353404,13780.977626831025,1692.0946230091165,1.883024668711212,11758.808095254139,4976.557117739581,1544.6597235681777,821.7084253743195,104.68702288077678,1044.3593641613722,51.95126189715188,53.48951735176109,312.1302375969085,2344.4003973274475,88.55935955245535,5549.553442181695,159.98292475230872,2197.448461450799,682.8731805746904,1780.2396178332922,279.3943146056428,790.8921102928324,7697.6503820846165,128.77167308321629,20373.130862029135,79.19618432116444,117.93454863300663,32.87660243187761,16085.119647593323,7.57734928700851,DoS
42.25982238444287,26.109711540378434,25.165802137996184,6.249068761575947,39.227328535449416,129.61534005592128,1.1537264391230575,19.9363495302007,48.82284226337653,40.31372748296595,79.61693398806145,47.571283557781534,38.70492210696121,73.70922199534267,41.428490048461704,9.27412955235973,46.8391739904152,42.87286440657746,109.97702169397104,11.592636823692128,93.26266481195161,101.05264819479267,12.771940211212703,16.22734737917371,7.404218119672122,130.33514200497186,49.74975228378496,51.97328242971798,28.20434723270474,7.758963513584129,73.40464122916018,124.21954864289553,14.612180916567151,128.92970907684088,22.043747001672813,Normal
63.30383965585812,65.66789114020114,49.762214034295646,75.35470276227576,32.08901032590913,231.93090074003547,352.06399041255014,100.12027481669128,20.945553006937597,84.13674335261724,65.7800134852979,52.683756827295355,44.64503061679007,69.85417458793835,119.31861930678922,141.78886930956938,151.34439416355923,313.21151721202995,87.88094724736955,336.71560482532624,60.91698922967454,194.34150995164606,57.98188569028986,14.608322540281668,115.47937558295374,4.731850461767107,31.833084226692904,51.37303036832602,221.03432452289726,89.6206962299786,362.36450587119054,198.62945521863924,49.97924466870186,8.822654505026497,8.96864621464833,WebAttack
118.36702162075532,47.63617174889456,3.061554427123986,529.8571214599739,57.41069125798954,177.84405938850963,27.566652996153472,7.4340654725741455,18.66649270925103,175.85225781944465,13.456781161723338,268.2165008774815,171.84913749961507,90.4113741572196,22.63233339472784,14.753261071941424,31.63263146276318,101.96791970230204,59.289670168228184,66.7945806906473,151.59032978345232,42.575202555140095,85.94863132954987,27.077470226985035,50.90480470535045,2.6132204640196472,2.685668091294992,11.387656087369356,22.012158549411062,5.895994319337907,108.68577573124665,196.2983582453544,1.76977561330189,200.22524068925313,0.5220396711963151,Infiltration
172.5678364029638,21.765469750446165,34.12669484295025,506.33555540131823,120.63909217821505,72.22631209305467,186.16799155816142,10.899587400641044,154.7575650022053,136.67209208888008,45.3012707285662,36.36769194512094,82.33601718382498,145.19753510883905,160.60874836383735,226.04648475752262,20.117519063012644,27.692705549721314,135.18694219836814,20.161422215754875,0.9014261262633321,23.823608422353196,36.22975987306779,36.49065459678578,112.52732358980629,101.48390418190567,59.28247228650507,129.94074691830627,67.1180749277201,104.7289696189831,314.5397985697599,141.47005673118937,31.40409346134167,17.159633027196847,284.37152790648355,Bot
5.262195196960935,6.967646433946512,3.585826934521421,3.7176962913221354,4.365084415642773,6.360342056868604,5.065335814605911,8.042764492246798,0.5479738226069664,9.005427252559961,9.260366662777956,2.4407568885717588,1.0077635024179898,5.718562267871267,0.6417017058228125,2.2971564751474496,5.075660290149166,6.138114317617724,1.9430482606999433,9.327379620411222,1.813230970238695,1.536557971401089,1.6231998452590857,9.295247615802847,8.787710197729073,0.3304086425566022,7.266153215673352,0.7348872131174611,0.7531054386929492,0.7602020213740912,8.296209783156085,4.274356325886158,5.570294881538608,0.30813666806051465,9.008916991369139,PortScan
27.64206381388024,34.91134816452896,12.910022418052078,32.63376400663187,159.22524460940096,79.14933949621262,5.517385724747662,90.5489469624662,1.2283202803759226,81.53921949596386,64.34388458519796,4.433196035527167,101.26305008208962,73.60131024997621,25.003347246838263,141.0325692800365,248.51110542404857,62.91599196823533,22.492179108559203,100.03270262568094,114.40952876483877,39.266865599612444,46.37514355321247,207.18674672805122,172.0491353734322,85.91460766754872,55.84816125475732,101.18517721318658,36.73568308844867,221.01260623230098,54.76697673303528,46.62882240981808,155.8419904601514,24.818013885606614,35.766079585682384,WebAttack
174.20539185409888,114.6997835818029,417.7663004371562,152.91974900433715,148.3668674540971,79.26875954494352,166.24632677357815,74.41199119643994,212.09337580092026,92.52592426638229,123.19893094369743,284.890115962818,9.409497440081863,48.26946477708365,192.29485431430658,30.207211085189822,150.3462343582932,267.31377521397644,43.12388120097076,31.8307364417984,191.82172189459126,72.55613499529761,7.7346242583070355,72.04199895222906,65.82423073443918,197.85160046073005,537.8249945028978,107.09948933632725,117.27406252599972,80.21248218559738,48.22908915860467,480.16764812194754,60.62638127077725,528.058541977021,82.35295251238651,Bruteforce
114.98011013217466,24.509323268690647,148.16749963126375,188.43860303080172,163.32105992579972,184.25628071519012,55.464091869794196,28.92905603128976,178.28700730143035,13.757630641721722,49.79944666493693,13.789342400633267,90.2060092798203,32.60848952929517,49.117706906393835,0.3024009343201201,251.10349188981223,66.04485374586217,197.2820181503788,118.0964171462632,100.0148997725856,90.27960565137886,48.38857180731968,25.32157205218931,213.1444560317187,18.782174041057036,41.2167346255752,112.60012528320628,218.50738859587992,43.74195157595219,53.61939121093706,113.75018416624067,5.503775015363578,30.297396097734275,27.273187434768975,WebAttack
46.34815047249047,123.66722249472977,257.4656995297994,58.49510156489111,45.330873154252885,13.56855643008508,16.836689853382076,233.58530489294367,124.56666298219763,51.29537770745479,153.96807047331976,44.57204427885753,1.660388019463612,230.81035890152407,67.3744765017662,66.79439640963115,132.51904060865536,63.72364990944131,1.4514645851739645,15.177050602601765,52.96156678355518,247.97294865573272,90.02592991497806,38.20270040390104,10.045349629022958,107.25328434723647,71.16162462015507,168.57536501151807,52.30316605452106,172.78086678460755,65.68485879233417,8.044758578683872,108.54134334365118,115.87512193905864,127.0654572649577,WebAttack
1.039597286062387,118.42999122763914,128.04053415651853,85.24116104200974,149.04203891856181,2.3123438481302054,3.8647445498401307,127.82864151141867,106.55834612594441,211.33979967044127,58.719144290718596,75.79833296117286,187.39410222009238,109.82442137121167,108.80517028418726,93.20531894488401,338.5524178764633,110.29524731989615,15.48049621242299,28.602118527723153,13.477505450486538,87.7068809905106,5.543348414894156,79.27799073434953,156.66446190971712,46.05084400091627,38.68201460913499,0.6865045795757166,45.33161909686972,23.07788899057882,341.9533929426651,229.57189806955452,3.1844042171897375,211.34347673901067,10.660082965805074,WebAttack
27067.63837831679,24.82569632894314,1457.0640678674943,321.2490186310027,90.8415210579124,8.690093466418038,2922.0895581732148,286.26391998035155,159.707839887148,851.2680713079508,8548.969899545897,12142.077755174887,7247.302176458917,128.50239762726864,2065.7128178248763,118.8831333929808,93.98692323752623,149.2061133410752,54.44683778740938,84.26955390898686,349.1704594355387,74.84657016134236,2154.539519078749,2123.5426231222864,5123.818903317001,44.409883646290574,6549.63175525157,5041.062792836392,555.1585050003964,4348.486909831169,7.879374299083494,83.63561276175712,97.24161611753175,9241.954257979678,43.5450025049569,DoS
4.581812891417414,9.997777897962374,3.3542145259557463,0.8437783259682663,5.242186179358299,3.218257382271008,8.777766587891788,2.102981748940971,8.556630813246628,6.635772983295811,1.8798945948104306,4.052471608665983,4.9243252008004434,5.217990570288087,3.9709491109176676,5.846278114950768,7.16741315872853,5.061838033415135,6.024331068946918,8.595953309018478,4.977518091982679,4.162992254519644,2.47750890491384,1.3136489755537695,2.922570730351941,4.061636445140633,7.642576925211392,2.174287884889754,7.0214607095653845,0.7903390067543448,1.583912326320629,3.263285513543682,4.698219635825849,1.8092840700407509,1.1203093868171887,PortScan
2.9578858797113936,8.826024750451682,1.7129451004123342,4.6805189439460175,6.768262211650198,8.028822582253598,0.8114916927680438,5.91836124095916,6.272901739593188,1.9738135839651294,0.3084851705793501,8.443668984244065,4.400698320737513,0.6077926822808155,5.780287087253008,3.769129604400334,0.8020131017371745,2.8711123231872895,3.2683112330821587,5.749049813290407,4.033335380085077,1.0699217783472859,6.353354188434032,7.287991882568118,5.073029722473233,0.6335074338510449,1.032247939573736,9.44645879279789,1.8936535753814088,3.074945565264511,6.87513715792956,7.918356159790042,9.110189202856109,3.9518575477593165,9.922920041938072,PortScan
159.42300103760476,50.960872627128275,17.069043559398633,10.160787303611299,30.917189060206123,1.84611143523256,142.38955049495308,101.17050508627936,152.21071311658457,58.324872903587824,65.13523354671445,29.559747164181626,41.88455938610583,183.95421426895487,192.67187353839705,117.91798196493706,231.4826231520997,65.49410976297636,62.89858963939243,112.29393447175795,3.0702196756604727,82.92916968735629,13.676658887599089,335.02192456363224,108.75250965866047,64.39563391681298,40.09316828006303,27.207416195077585,1.4783558083876047,200.2261079529015,80.75610128501945,39.67327216077949,30.97556516223775,7.800828125480937,75.54597754211737,WebAttack
80.82163483758421,14.582129338627952,72.29086820423889,181.6578205159185,12.83636260058004,70.29075106931177,77.0920640321673,204.74283870710116,60.08807407956599,174.74125760733642,5.564368327822099,121.88731113234911,48.63029551619186,115.84876853901405,57.45756413651737,126.19446308683644,50.673587962540665,19.393119392254068,95.5231606793728,31.707800253556435,11.016074511857331,43.5941586931795,30.331123898633493,44.487867170194576,29.934259890621632,20.546600189945284,79.38832574903,40.924477258646256,78.9019042200881,49.16819718647068,108.71679936816525,45.42189014521554,41.62304054090789,249.84770300337885,306.2836137346665,WebAttack
166.31627914617312,24.856706000521974,2.3047236466911842,31.673085901707566,49.47551626834506,3.7855186876378726,3.7509165427814692,94.93047628424138,10.164320922481904,31.9029469238316,5.90883272287874,39.90648680738283,25.50686829746417,135.9061143910614,43.1445082869079,65.56768535325945,105.00604844471077,7.667782411170072,26.004890027734234,143.97718193501674,59.6817278837132,42.741713798626854,40.90560368656481,93.3307457470475,14.01399305381042,48.13774770928501,78.02422818041583,20.831150694791674,93.73965293984318,170.01160955973324,35.052960128166724,9.281042664228526,44.2910971908864,19.17802796721803,46.706382060760546,Normal
15898.11114503219,95.2984015566236,2886.754749582151,34.45875885245674,116.6389863714224,122.3082762595743,6855.004150733342,2052.907312517533,28.69608142309574,1678.7159462470288,4522.470560201941,6021.747884342545,5672.741747468592,74.88074266621514,17041.426856865965,44.98108568443004,260.6101426840456,56.81101698491132,3600.7650573150145,655.2044845301173,4987.269554442621,223.81056113045184,8126.515466822209,4005.342547077932,2982.2353013153243,116.91762137120875,5715.051866078787,9793.737547904728,6814.083896874039,3253.8956022620314,136.46445132541044,53.01481297573471,15.522254729452625,5399.594493965141,18.87569482430851,DoS
222.5579600978208,1.7177343645135452,15.829610962221723,9.070078508072017,547.0387994748191,367.5427184457397,208.65547586574274,154.20120501966082,30.577986924016898,25.935222910910877,239.9545178516027,344.7141891722268,330.75916650885296,700.4863582813425,127.6932781632779,33.05468462046766,26.103936245067967,38.9538749714411,663.7793350335534,22.677293089306804,158.92669421812326,591.4222857147101,127.46708012121333,25.632947922216236,237.58865393877232,33.146263126905914,425.66361792159756,12.15781532006237,145.37676102458218,271.3231127375232,33.74115032384947,8.44047869803806,136.63577653311984,97.55920004983774,58.37988274816964,Bruteforce
4.326491281596948,233.161323245904,61.466566741405806,89.72557478906785,108.41127988050255,190.95165558026957,43.09337993838726,185.6687503852173,45.15105565807707,134.4675992035201,7.351702350846813,181.66597856951577,70.14121110495924,18.549724517605895,375.0775534739072,95.6671365013235,54.66304368116004,55.542154696956324,29.60540440074766,47.88526988925417,49.808189526261785,6.477557812268716,112.29762760153656,2.3326626456846853,35.80900111815487,86.263166945801,187.85683115719556,22.543385334323325,137.51352690309403,203.36426728346427,241.21765830360476,373.1109618240297,14.710169926376771,1.0262964284859457,279.4747294631489,Infiltration
82.11495157804822,337.0579178666708,4.2490951706688405,59.17472161561537,237.61151945314646,5.324898105937793,195.74318276249883,172.36572518064213,194.86142368639645,119.15895419707962,19.214494943243803,36.324131950461855,154.0621837079316,32.458383954628964,155.02931229533232,356.03603020860146,46.270979543279246,91.44381464174792,23.72850687607717,61.87615823539113,61.28965815838436,246.44445295694345,190.6068276588551,25.701315263724595,103.22534785101773,0.9728772859697827,90.67092859329009,141.81359255809576,119.61908726433606,8.800684898517227,36.65086590380479,3.43132072262405,218.11235615747947,7.446054494323613,74.99317016244738,WebAttack
20.221937510484874,4.68625237528564,201.71662805449242,313.4890991157796,146.66229878101245,7.444714895001677,40.50105022300167,11.265817172705237,281.54158869930785,32.36844413416025,363.33549195083805,267.48643540558237,118.31930420159071,114.68103791262023,20.821985211348462,57.77231453522709,21.903424439006265,352.5366109451739,132.4440356777769,17.214344025955747,346.8425593430086,13.079578555535287,49.78347199730277,365.3145740372309,189.32695438397315,152.32240761228348,405.881452381786,36.230506839445745,67.41545167312835,99.84675555486331,363.9867865778291,26.92214886542606,314.372776258221,5.715136854487411,58.6581455304615,Bruteforce
50.068007622449116,47.886946516012365,17.24760095979403,89.28987667452614,18.941922664826713,9.878494815910551,87.40751648082818,161.24846651988403,10.272650297512817,1.5387029595159496,85.95209675873737,10.489833519646016,19.90173844917732,43.053571690852905,70.19749825025524,27.293197424809623,6.491922705536306,15.111909143219043,76.46128047312388,4.243363402126221,46.39834001153753,30.16634435219364,36.75413190407608,45.85880655506224,89.6999015075523,45.65499631328082,76.11781240144376,1.233290996845609,55.25566982307956,24.391324136235063,58.112829939067424,16.34492465854625,64.3555553196689,133.73467221780786,28.441476011283797,Normal
135.9891241627795,55.06478545713892,150.91715368848503,12.411902406040126,22.37365314415536,19.07756480649757,93.2317899492435,27.385426766080208,16.38478556139928,35.96231566578505,101.53786840428441,5.161838675235889,9.040287585863242,72.29956113335672,9.082561058974974,77.94228046330448,174.47432408537904,70.66948187016371,260.47183994320346,16.135236779659966,19.73702130204881,30.892724630631797,107.88620513287182,87.77512698600381,80.77962994340587,39.849863318643564,26.407754613033696,2.6271188333807807,44.72098170092521,65.24327352496503,25.46888684756821,113.75532506251567,50.06873795451572,13.855763951663945,90.01747997844362,Infiltration
3.583808148598655,0.5737895464594966,3.7522273919401106,5.32669407776085,8.333213778145902,6.318488086448999,4.422020690235805,4.61872607748583,9.966572786334504,1.413438380902714,2.055160778427588,6.252814936879517,7.01405485652306,3.949792025162635,0.32131807764422815,5.220119449077615,1.4436014759100246,0.5604831153789336,3.4475963328940793,1.356527179563396,4.389969627969746,7.616944636614017,0.47046036657749424,4.998915096685142,4.969804126758134,0.017753684857230168,7.382510742128339,0.8973590888213268,9.320553315477634,6.393645196065534,2.8781613176701626,9.252810133142175,4.004605211484144,2.602605823943817,3.845007564242043,PortScan
5.280684278563761,11.93497109828022,35.31292718148889,36.06891829193401,62.850778898544554,12.13828372197409,34.019243551091535,76.28517971296706,35.84899850636724,67.00821714302543,51.0056080971078,43.34113617778975,39.03868026546034,104.24188121950692,22.657195253279284,88.76987708634307,51.67683677264121,62.301660933601696,14.785067781242725,85.33481348579843,38.36776099488646,19.898020745433872,5.552432988120975,36.31143266632178,52.36835182956465,2.5270519429370224,12.594405039356712,35.02718317323946,44.0230244505434,15.15984106342807,50.8401565497677,29.83390283374712,47.612557865258374,33.9150519561983,2.7050219411288694,Normal
91.96010874207026,34.76319347047314,16.046928779041973,72.79094646924173,65.43377112325011,159.21110559404335,2.118861912916858,14.762661266393174,8.093755643642595,45.16732473465001,61.41200431208054,105.15630489928229,123.42844298203484,4.370846254386672,79.11152330839458,55.56305652804985,28.886131902631547,235.26145198741483,0.7623115815642342,49.682854220537315,6.388597144939763,30.455117258435166,52.57377930737866,80.54206639374884,10.615761546760139,20.273183814064407,3.7586465870567443,3.664119382411956,8.203543622657113,3.2097094983046905,65.30890737716186,8.978059405399708,45.211419446955276,86.24883103088987,0.45047740753750887,Normal
1.3117588802257218,9.397042163346365,5.437245039664012,0.016743163778879522,9.449229903817214,1.327836992090169,8.339411804987432,3.292778384705964,5.680620304803031,8.357252536523351,0.5015815997760431,6.8005800637341896,1.4858235671165276,7.163959270953937,1.6070400824885567,0.21943665774399768,1.5543813356723546,6.257377882096221,9.85726792115105,9.701219913802827,7.456912554588746,8.245804557073466,8.739645295658137,5.283537634047373,2.2860249072327345,6.6109573643546735,1.4159284954427664,8.323606602911214,4.120910315199633,2.664917758570977,8.434580048468197,1.11192515706248,9.748264081345088,9.50411817480487,6.087880762014963,PortScan
17.908749488757156,157.22682405303388,58.378445496408894,33.38958718946559,17.848045891377502,105.28666990342408,72.73799334607787,47.732071574746065,50.18574882698312,24.699122484848445,426.2080309347984,44.013727259602824,51.84325271187819,77.76837695645101,144.58926108650275,229.6354520651917,95.73863569041693,124.16927876488045,130.8204509559489,176.49853171098206,97.02932631582142,65.12598293720725,206.40832231804836,125.10621127050983,19.42497215918817,19.536270968127887,61.88051073875689,80.48508009582815,138.73239377493582,154.64468886221272,19.776509818206783,17.414906218588886,154.17158322898192,62.65313891828384,102.07028568520956,WebAttack
93.69996491001768,22.947497141086906,145.2206675834803,232.98322995290928,119.50240814665965,64.85495333245007,213.39745533335815,58.33304920699055,359.4431351264654,62.12736147525769,51.350451346657245,534.6428305594684,560.3134480537717,61.51565562608305,522.7629398195376,552.339040784138,69.58112667477356,414.41616850008717,1308.3335886898026,3.8039906497631955,343.1259791382419,0.270247961616411,457.126041712251,33.83878849255096,337.961855826935,48.137049145149305,80.71992746171809,73.87137125574547,86.14535403670006,420.65948878389906,100.99656517549683,125.18798745929669,11.536099631067003,125.08372954058868,57.95146061667034,Bruteforce
1.760239921113077,8.745347378287576,0.7424087285775172,9.874006754794394,5.379430100127969,9.835623205382056,7.51516050599702,1.528980850860504,2.274375278024924,1.0694690384769223,7.290852922066601,1.6865847287174551,7.145796948678638,8.594984906292133,4.117144439300583,6.610375099010591,8.95195781753191,7.531256100919933,1.3076061955117146,2.925122339376035,5.356376166309499,2.6426913574522337,5.059238034632734,9.528307529421376,4.531670661289537,2.6166984913228895,1.4657867877900765,9.010975030264898,2.297931891012831,1.9362009841911842,5.511372819706148,4.6171105189134565,3.856648914121309,5.786516826314644,5.694058866846756,PortScan
1.8783435070188104,7.794888613326945,8.96671776864493,1.279622965578081,8.453826082787469,7.554724358522989,0.5222410036391112,7.313895513723639,0.3837923102201002,2.6258303129191862,5.309093999604473,9.092589369925614,1.05351787669538,3.48305360390147,5.769168486008487,7.40205253790424,9.153886417078319,4.688501176656205,8.40899458844324,6.170216963673738,2.0405397135050842,5.795876156300852,3.138176084744341,7.036424155065376,2.845408773273425,2.6284415698058448,9.453632864937566,9.086994464328946,4.517452210510244,7.65467472902437,9.820625157660182,0.8862511949156837,6.0616524957105025,2.5349753664646513,8.000150391614312,PortScan
7610.173073163267,144.1283528737462,898.6987200167201,222.14444787834987,42.406948953071264,28.00340523434079,10761.224674722518,1891.3996345727776,43.059312810985965,7717.7983944143625,605.2001834285081,9739.855140623513,1026.638736438641,130.78894517801328,4086.882897723832,18.37740693186888,75.56903892924431,84.67714229987241,6652.2509257545025,313.27610011038746,5954.64268941216,11.287605374653085,3419.173418630377,1656.154968707656,10443.464081502849,30.207821119465294,9162.225400966194,1824.9692461501138,1510.4705784052585,6421.132326205044,157.73490687331113,39.61261188869703,83.16087515421927,1307.8690894382075,166.38008569924415,DoS
210.19784771813633,6.9499701849882465,294.6424305630455,140.74150480668908,41.338032876131315,64.25045948896614,118.75524807136428,7.965246559353062,72.21953179042876,93.91562448647267,160.3439234476549,175.95311817133998,281.0333712440554,73.34212740937514,188.82353122857523,28.778357867389182,76.90157185971697,100.0177706920831,56.49180379856927,87.13980536779276,230.5408317400358,104.41960951214703,66.62332345904812,217.40609668019277,236.19134699877216,82.1128142238069,64.70853056905868,165.00987790546867,266.3623379999503,54.68140228413327,59.01065453895751,174.05968470354162,68.27202256429746,70.86428827136646,105.59742071260894,Bot
318.10837474442513,208.3801953941068,132.04039669258933,55.142292980880924,178.49854108242732,25.092099778704718,12.620609002972627,503.1452292684728,55.88086152385849,465.3601930311748,35.74712514984709,60.03756879842339,41.51716230441575,108.60650420470937,388.9273124726608,470.7048176681585,133.7409104077062,221.66701900867588,20.369304548866275,18.590157392595426,332.1545020393622,104.13142452379176,283.5211078224013,108.03812132983867,154.47146175399163,194.40695530921033,122.3973842488507,100.71127312201264,100.0062841022412,29.366737410704292,242.066127535686,33.02560609072844,46.818801778592764,108.79771096073425,109.99445282005065,Bruteforce
0.7666743171473012,1.2522842473991602,2.2612214405297304,1.0267674237688373,9.656658466053425,4.662442294673884,9.067043604777993,4.766319479754181,6.996761889017341,3.2171479594053287,9.506654529042676,0.3489446179518274,6.974045812209717,9.503799929883826,7.8814862976035,8.275962790413184,2.9916301996036676,4.518479901155395,1.3618093038673185,3.7640556537766456,0.08435268131620877,7.787696057350503,9.530123472523272,7.008493507103244,8.102975936529436,5.134697254752956,1.9166847029944811,7.20815461608853,2.9928380489573025,4.595250047518084,9.00667844705391,3.7293713248602933,2.89369517656597,0.3169450373647975,7.01456873408662,PortScan
11.679245547593567,52.486518066714105,40.65989788523201,58.971189083541056,34.08474210631531,95.63245957635223,4.373603485703724,121.82939880783887,132.21675215266046,28.512504028794588,15.107839039683254,201.13240929452866,42.657931411052196,107.71976241707523,6.419297609866731,3.986045103830897,6.239693989267432,163.22607071459825,110.28401447156237,100.17319078440643,56.51103007755669,22.39452574261988,50.70715922307034,34.74561378627311,99.18695623265603,13.817908165640366,22.40541905401253,16.84662595650259,18.991061539226965,0.18644456187408445,16.897947688107713,28.38375583099742,96.47347043917334,47.9685058021042,22.94628721379059,Normal
55.18637692231425,230.30832199929444,135.17017006648896,18.623930341423318,50.95219610627236,89.2816773984434,260.40560515552113,5.1118853040079415,42.91556485062581,22.818093396859016,78.58025996542676,73.6087121762014,130.25933172255114,68.63428419523326,88.86830772875837,79.12176464110202,14.163565567101468,26.956575392486336,31.94734468493195,541.8063256546614,11.255915211170633,16.828966801376907,1.7981871053801266,69.11771886632108,141.20316069551814,128.91522241233213,78.51409081860987,81.00541048126897,60.363845134308214,73.6489078485229,114.55227688942686,463.4080485242205,231.4298335621385,173.44566678758343,236.14491675407692,Bot
2339.297584031452,224.4666225983009,5580.612053067634,61.85045860773533,368.5856655407286,21.57190451798597,3010.63540150719,818.6884537761439,180.56931851514292,613.8336209919585,11654.273091239045,2449.2764143521626,458.19039906696236,21.632141531925946,5808.553843526868,22.690293082448772,43.93844141477554,28.77230565400457,8383.206054628457,91.41857158256369,8589.641207855082,9.297683502527924,1950.4986980959532,423.41181295183594,2717.2932540431734,34.50359923294041,48.13534390295164,1178.8302529229823,1324.5443931633029,4615.927830651904,2.877353826785785,439.6706551989607,110.81250931765784,6566.23100409546,28.70345411399395,DDoS
2665.6612528158057,379.0492931362504,317.40690255085815,161.88113137730804,51.61638630233716,7.880661558098858,6437.961158147818,2789.6422200001703,137.64076117966357,4583.83057388642,9475.95890668719,2883.6602552435597,14916.898218261584,52.490776980726686,161.65637561462057,530.8546267837704,53.789864243660766,38.04283692959228,1222.666458261777,45.79526744394124,3598.461350489491,44.02364136054966,3908.5286341086235,2456.8100643611656,4303.482658072681,10.341921476964364,990.8609137506884,1720.3574127314414,2161.577619996078,2118.2731786396307,87.9385086694095,479.5797205897416,42.41908271039595,13453.925784985275,166.94205448556735,DDoS
1.805386432007155,71.81178219427794,19.658470801607226,0.9220568440746226,48.38069837003619,0.9253391838545915,30.575659068398558,0.8953491355266895,119.84190678009125,24.258508573646385,268.5501695483075,23.64605626210076,271.281549055294,101.87719439684444,64.25865480793314,53.792419388349,32.31380273171851,121.11954115457846,42.27115919435363,34.66438790626334,7.338149813441801,68.9369186121702,67.8393549120615,154.12234578718636,98.80719254905323,234.3624072866469,73.1500219123889,235.98117154701748,36.60299479643272,21.516894459992056,39.55646485541895,141.84947702593803,180.50068171173444,121.56944799816767,98.60256323847001,Infiltration
6155.683505241197,142.55362921909406,3577.1395511214864,35.52222903729148,10.597230117753442,258.96217466036904,2094.0448720390436,1077.5418449961078,13.75332862666767,2139.4540863643015,577.183925907547,818.8504867684951,5024.1313838072865,27.67234935105764,20679.1562476816,98.65137331393477,109.47662255240999,35.39137216557883,1158.4892564255522,94.23324639798275,9838.19054717139,139.63350793310593,2582.5146788101333,2897.63279563183,477.9505067754699,134.36464967342653,3561.826065672409,9630.614369588959,1364.6827121681154,5247.677825085395,298.87114919491745,2.9528470061432626,64.87674426909959,746.3810302092589,155.89347776852463,DoS
144.7057832379565,6.297952491979626,70.58537732522592,143.86449005447767,83.9208482095602,177.3990159679648,33.73454579429341,60.054144599261875,17.547325382685987,126.02809975300558,133.48304293063123,27.51865409776368,154.8080926918023,34.60555651392719,3.8686250055188687,352.57846971252644,137.00356658994977,458.81770882110277,97.66111362761299,153.75613058148812,132.70794183709808,155.32773515873254,23.061027011991087,91.26328601630746,42.43088921359519,183.83239484294086,19.727826999753923,11.958620605970598,13.256747239449263,43.47784193595095,329.0523632520662,42.128143755025995,6.461995050989964,153.53050012247468,56.25828698927398,WebAttack
5.032896798604204,0.8987760556766677,2.4975776312021045,8.213476998127742,4.01953100566823,9.961464945264302,7.559827539589255,2.6491826852635514,0.07570342690037979,5.2720747512969215,7.058557757065916,4.696830457843822,9.065046604808225,7.679509270931563,5.202691227337203,0.18923913589773633,3.3824690912188924,4.944081366392158,2.5023434141198986,8.376519214088095,4.244711575185826,2.0380049761193932,7.790993953586698,6.0828378120127145,1.9707844684327003,5.327460481186428,6.945212374302653,4.484333253706594,3.0238204525212167,6.896686806811917,6.872660855801912,0.16937428560812928,2.3412530901467354,6.4631605585877825,2.241447841593709,PortScan
33.079526659288796,11.909722058417273,36.17202753403879,201.76059147062992,48.74852312333218,159.09471549396105,19.4066407642892,212.91789558381544,225.90220218378897,49.62347677239581,2.2419203633306397,114.19564490247731,35.19101698253099,36.04586568569318,311.1400556830275,6.094389559027136,89.03912688587738,86.74109091349935,31.41398510841849,36.423955987964895,3.2118178481658064,28.377372775376458,16.965817005172575,14.903824484958585,13.979439175597323,14.976957381810795,22.467767385706814,36.97581897163181,35.19422910680025,138.10688945409012,43.34646670138271,50.62224391814478,180.25825150485971,15.948040510114916,32.427729565006615,Infiltration
193.13772963724432,148.0933887504051,42.37338082279379,63.366951406789916,47.08607709202684,59.38908326078759,79.4503794048806,9.621301558015857,27.920121545880072,11.717443455117527,0.9709678882653531,36.80453311781355,54.92334555275521,50.327266159882576,3.6270254453549033,171.54716502620929,16.56148505336504,91.74318863097871,96.91837305960374,12.371954486988637,3.352570291249643,2.5830205132649704,32.836635866547276,86.63480563943034,14.42309256244497,7.268861449726155,89.38177638477607,15.587361620944403,165.9453668343617,67.4821401173279,88.35777601501263,208.44933486767067,17.702114142502655,81.73101343883013,42.18637902035066,Bot
119.45861076370208,15.106705178749444,15.129074228258077,44.03171771606119,1.7908384246649212,26.143795537760827,74.28297245860497,42.689373226775196,14.753111917873246,623.8665463290679,196.0677794239566,30.022337378369013,183.9960328442852,257.48795346435617,139.14778990912885,5.65495095906666,83.50045137392269,73.7277611381728,76.67783962685488,11.955117661709545,125.66573604624942,213.50841363295606,8.648795032366655,31.670222122694515,1.1677584053589076,173.8644370696949,481.1322726987763,2.013082883084768,228.7061030310413,58.90639210115802,289.3232370886784,375.99658912137676,162.10958725826418,13.450218388374457,79.81409818353679,Bot
16.382498464324556,389.8166970141154,660.1431391677228,427.28559459437275,469.77310327142294,76.38798187924176,716.824832315758,178.53318477395572,38.69727699222833,25.197565360726003,58.31334448302419,247.44997716914713,571.1613703236668,90.79325695060852,241.35433363249726,116.82592402083809,5.326170776401448,40.73602835938818,27.360473338679768,186.40406198492997,4.7942992196652625,97.30860627491413,638.5355530036197,28.031263409687252,45.53943485825898,56.852436528898465,201.9120454214054,225.62918153446404,43.98615201642635,95.14975439270788,89.92881734374104,35.77431295598892,39.92606198743405,459.3721388086376,21.791925541300948,Bruteforce
3149.4771389839343,21.132270899996833,3880.7245137635787,16.282687453771324,33.1472402016049,17.812403850108367,3125.6597754053737,4474.871666313105,96.54112305508022,6745.964353436091,12257.690038909277,2316.8789278408763,6471.095511727237,43.45853422650072,2209.9808754105634,237.36853677440948,64.93874710476439,2.6274313475473656,1975.2318717391104,123.53465156127356,2482.756301585968,98.71787169791611,1009.6478994134524,4207.325991023334,19510.444342356153,50.453859835939866,1488.3070670600046,5454.106059426202,3829.749695212675,22800.712535652267,206.75083056323632,53.06132361567264,141.08041207370687,4676.553067753618,112.01427668446892,DDoS
327.41023654598365,156.12584129886727,211.0492902193374,196.1780879792877,196.32605515226135,53.74145191551322,273.68695914198963,114.45106370914282,46.49992965602318,14.20055970355211,73.93273653996678,34.40982637505384,65.42512243122633,1.3535112888478589,92.42961599338373,23.406085255986646,5.305326820309246,156.12038200561662,32.49626267806743,19.8555420998411,261.98734274718225,79.59696402703557,41.509525748078275,107.56267323053315,24.86444861184534,46.03903069290576,96.28079442494086,85.383019739935,39.53302213809275,45.87970708039611,46.06178258541184,296.2031809483503,108.78320182223923,258.59972857841746,164.04060755575657,WebAttack
26.006153219214152,342.05335690559815,55.38973703818391,99.55302492888207,608.0245204797257,181.74311686387202,37.8538527352707,2.620476102571679,24.62634150900039,34.92569030264651,134.3822450890204,144.65869387615226,94.8894828074741,107.78860232053724,551.0917288767045,215.43970127407007,131.80315688034133,63.85871147924755,34.872019376737136,33.97019850022971,205.47161430751905,16.87286597603829,186.8652722877682,380.3773009618764,82.21145668162845,1266.398511967219,81.0481673629055,98.59572853054092,914.9203857125526,93.47721188492602,109.25777507899912,292.9731642192147,345.33718797567343,252.9694007310347,158.40976112448078,Bruteforce
18.420806003311622,169.59186243568598,33.36189093314978,0.8224179878427931,137.93157021218263,29.663445046159204,234.01054576695398,138.1596590299854,88.0712495201901,114.29725861105824,172.48982741151687,25.88868592006797,219.59556674416066,39.53508535464715,1.7758245855968093,179.07507583247985,31.102537615882202,7.394980589827744,4.2998978409166675,122.31386290341217,4.935915562316144,64.87630086497118,116.3082104362255,230.06481477634182,40.39349244565939,445.05664530059397,44.8447015029596,68.84817036053839,347.0544304701072,29.653871478776892,29.344907457183954,211.02426678485494,5.779763882081576,94.48958502606826,38.841182605049,WebAttack
74.14483323928684,52.173696306713744,226.57781952836277,0.7332573069205041,135.0585241989793,29.86910383041958,56.27535477772017,391.88239619699567,10.725010094229257,521.3085662259056,45.731504210021725,10.814103712406984,21.143092739576982,56.507201477197086,0.544810596000376,126.42580541033026,88.58806793463964,36.57533572362303,4.487784137167067,77.19215509429677,20.205941786453092,162.77362109271283,162.92569481476696,230.34505083680395,3.0637959889406994,73.36128552679229,199.0752479339415,166.90924000721037,51.465815152242776,10.453481677878338,37.81807469933965,102.72721076841273,128.9215004063787,48.41451513103023,101.04371877020154,Infiltration
17.268736217927863,530.001366140231,151.30081065956117,380.6422385919087,191.95295020614802,67.84643691942995,153.89974048857795,66.29082475271755,96.03661733882545,15.018448775927878,326.6637774736634,133.09534115525824,7.930242551720479,156.8337240607402,81.57042660788738,98.24660480748456,116.87537506558596,21.384688169652794,111.62868839279913,193.26168775544912,98.60736778982687,28.10798348093229,157.5357173701513,214.56065151709402,304.9502887344771,425.14788430114044,335.8772181301854,132.09294560082338,26.876996756230874,142.66803938174317,2.9841528046612478,182.71415837866297,272.9645313628932,0.17095547319475415,281.1049756994716,WebAttack
725.0229898619424,479.04411007844647,869.9940315309887,570.757670525197,24.463872018861892,13.2162147256837,418.04641653066045,304.5116013161477,19.367726747115434,28.529964744871517,252.96729096885846,118.97761649824503,272.2259116467864,85.76737839305636,57.56101119000564,654.521522185717,79.34734748490462,479.503523088657,77.46250966506301,0.6563098929263868,2.6254237097672912,140.988031533529,240.82158633232643,20.95473153718238,95.2040385661709,111.7545405319907,109.89867173330543,313.20145516005897,98.046658334678,176.2779331916819,161.63014146637394,97.2498876442629,26.790193470256934,69.30738996727405,0.7284131916048262,Bruteforce
12.699114188633793,32.63265440768887,74.33347721699812,4.1497105908307335,35.88947545220173,156.9888158245042,7.4521709780717735,97.03579740819205,5.046984595339868,267.81087785170376,25.419588318213833,24.50821059913094,109.01070261283965,225.9366901532878,318.77369293648104,138.17261922817983,172.76116298428025,109.68462576879332,19.253658017890707,116.56526100256272,16.688029401279636,98.91627019684367,76.72578764123836,35.75643712960005,71.0144264262354,90.22542371734173,23.171685648388614,41.80828162150445,42.27281643231366,11.242465616541455,28.964556466678548,102.60616734182906,119.50953450858309,57.39291177092244,59.9939617665731,Bot
32.1245715426239,1035.9815227546387,548.2209854579542,126.43869301593959,126.50282657661462,52.32148899869744,135.13472378268295,21.936553902147427,140.52404878225678,430.73756981029925,129.78134137178895,30.60920039465225,86.35258657669777,257.90497680175537,65.28370829231001,121.08367092465018,54.130938665903884,95.88109461525178,38.34116919905548,541.9356301253919,183.8699217553906,125.21211977100124,780.303433363247,411.1415848372628,24.285038665566155,336.1284298147928,227.02334991962255,354.9642601387206,83.06166999189377,126.62479913651461,343.0109330024235,305.9512889277458,166.1686726729317,313.8169742800063,19.36726711653061,Bruteforce
174.34232745268082,9.86463383188162,127.5885528997134,18.763452263140255,195.36150632762823,64.09559934395381,17.550290942925066,0.048422797748120305,3.2472033409462835,39.69071456226856,153.7553724579715,3.615406478417725,133.74225924087062,223.74260535125998,42.89566324844925,133.73591525702946,1.6405003101758515,12.989759681487032,28.57732761602934,55.41788184925759,123.82057996534176,173.95246601626832,47.56936621737537,71.94696443981307,401.5175445550363,79.27208098277227,53.25428091107335,172.39779608220059,546.0039011770076,53.959759983561895,110.35449350282374,246.1680066953715,44.71631909866363,58.86982143083128,77.822603616076,Bot
1778.6634091816552,43.80963917098092,2214.5783886128543,63.99823305285991,56.89680430821026,192.39127430654415,3817.1075183893354,5897.890051371948,85.4502924886991,175.60582005163926,1558.7424295803294,944.6674384876555,4032.1749182367657,282.5809175390626,711.0384275199901,53.52222441288901,77.55270680618689,39.583671536804985,4776.841672763025,44.81191550902281,2748.445320366105,146.38707419526222,3366.725870970034,6179.562662714055,3814.8147391376224,24.89277288145366,2073.5005380707153,4400.109614370749,2705.2581453715998,374.79436362798526,92.05577165306437,112.15834949307737,23.38515475228925,11612.958120797399,66.5548888482368,DoS
7.929354584529433,135.7286964718982,36.170834631616906,21.01727346615154,65.9026826724699,157.20246349082768,3.4960236896475796,40.995812682372005,88.04795216548489,39.37111867189307,206.06141898952885,109.62973045193516,419.7639047676805,51.0831937921502,238.34845845618173,27.109325774778252,172.81510018738143,22.366002762016027,215.2520215071024,56.88802264309233,53.46580441839822,46.80083907784833,108.63617084805497,66.01724456965316,331.41141193675537,73.71630015614123,366.49389733577095,55.3087293726237,23.502397574761474,112.87080282517663,51.435840470750364,73.96163950143425,67.86132676207234,225.95248534423575,88.96764495226172,Infiltration
183.23021271348478,18.662664371347486,45.38954400944753,188.08724484329983,21.534725090587276,50.71297097255187,124.3505988873284,124.93722695139888,127.18924594424502,11.01121551050339,34.19665234181479,381.23035325832694,101.5199412947634,747.5579227353894,28.035469887966013,237.21095812835605,85.19795559938098,89.89647910430871,464.0953369463127,926.0893949724391,454.39907341487924,601.0478897298336,238.8221791748369,477.2789918233182,18.099313919000572,152.71832398192825,142.21837764487165,59.43214481501335,65.8348880084435,157.7577445904655,8.491284141426855,191.72712043190612,15.920339919580229,48.83776421358086,159.32242341803436,Bruteforce
5104.408353166246,283.0132875055748,5264.605749646686,21.381426979628465,83.5433226519646,31.6022155527129,4087.2281335799967,1220.7423436026347,101.36783631171933,2246.9388441843926,6804.384135889753,3544.4401056494266,1309.209143903643,54.74385240248094,5296.67790782094,32.22664930807974,10.448392605678913,193.42062136520582,1702.9811171405188,89.48510462268666,2393.2082416245403,30.201797129983543,10532.321241404015,22698.42060608607,1339.5927620467883,120.0856737340068,3547.846577241719,12728.707739813524,4500.270338980983,793.9686958140832,250.36160812383207,419.81965893744035,107.91113116108669,885.7225058447644,242.00147260481975,DDoS
54.97356473648222,26.47729937133913,19.068184983878023,28.71789163235217,37.83466066806828,55.935170659295785,7.398047990386407,84.05000927263062,56.12247487832267,25.101005503806554,2.1779104023855704,40.59876879816707,49.73319248333684,39.2394444185255,5.292416141196203,7.3251653812777135,156.40664196423472,116.63182657009625,74.94518642855735,127.11422153706164,43.84969004387958,34.61534394717753,68.10189118138345,25.352177744314325,21.58117248626465,2.625205735758061,63.12095147466127,5.946432573183373,28.37391262832837,93.24501365204283,6.61093685770837,43.741515458053975,66.45916859225481,54.846592856823605,225.12742105860403,Normal
2.4698496011081126,1.3450566576144252,8.748068153120428,0.6265958548664863,6.432630158673486,6.101287139436269,7.717949574519548,6.818462226876943,8.364751699572494,0.38031418936921746,4.302913371975009,0.8096609838839697,4.052173172614451,5.608257491744142,5.937748663777368,9.247682894237032,9.217221150930463,3.0978659702514943,6.990687224099986,7.127073825007638,9.571519883487188,0.8393421459434225,6.171515596199678,4.072635691363881,3.4732823158767125,6.17494114186644,2.7953698705405063,0.35866574685942454,7.777926568142478,0.8679758845097996,3.281982586608451,5.949259029462828,6.237359316552902,6.662650746758791,9.945035366888238,PortScan
56.11740177388073,77.70543337212113,139.46226026245498,83.59515758257704,5.008322928442735,80.35509503388344,74.28838480089057,7.249099089719346,61.030881322597395,54.66350206670669,58.51843741632339,2.635188084949163,25.30062803371056,54.11849683282185,10.062537021163434,6.777638801246286,0.5782201482366527,65.86464288807088,55.49615838715219,8.293092726441696,37.69308807105414,21.506205012384218,31.561576988733414,96.02941218108386,8.938284527454368,17.828479893596732,11.110701428475926,0.46520761822889417,301.13985927125145,39.810573332919056,13.315079229344084,9.736201126144687,64.27738292327116,63.89754501116298,121.10167658019641,Normal
10214.086020317396,54.668616334509366,3785.4057595443037,205.5291826441756,117.69280412621379,9.160973091275341,19806.647018629898,2531.940759635716,25.27352864195253,8926.529957931574,5474.635204434768,5839.829755303338,5289.781674130555,14.114068917538948,1212.4326934550425,228.7495633919451,346.57190192347986,10.237962143569582,6007.61898191405,87.46142299235262,451.23610902368586,119.93191662384154,4170.704089105466,2220.6505896241456,7891.797270847491,283.0046692361846,10518.252633122107,20675.93360783526,1409.9778779662713,5194.558948977142,66.71619255711519,76.22445710145954,6.875885436218882,2720.974971111898,67.69607290485607,DoS
940.7312615932321,1.9868193545307544,228.08187862553774,116.69657961543412,95.19493690596575,26.781872233903602,111.01987348561981,24.187055261419026,179.09124564108592,13.186149680607679,54.26739325581672,55.87150327585808,56.85427096925664,1.8183617249100077,477.7947944076039,249.2427039958495,144.86987134209156,23.991198800934548,58.180348369833,53.51998767463796,77.16185632677835,20.727384232568845,44.24157441722642,8.830877946151677,391.48655664631497,21.17325909293196,37.61364088213933,53.19713942209658,21.303098316532186,231.03225172833274,302.46738287462085,242.95452747456528,139.1384178949607,135.12735020020688,85.85641370626827,Infiltration
0.8425205620654382,23.94063702680954,108.75969188015905,78.09178300460428,22.39836465497321,180.62876133997753,89.89265819342025,268.47871786245065,24.305553500822796,267.30684339836466,76.0298716871605,343.0715583368879,187.36968553933937,70.5017170964513,116.59037767996836,105.73195434943092,19.818961031788593,12.016049313803814,121.23053348844748,169.77459721949154,76.20718849624663,71.7174235217493,7.070769209273865,27.457657056687957,30.362293062234503,6.997929347248916,161.3980474099607,77.94102985767994,24.190082119781312,32.63204292224293,50.595849651189326,69.97643026904996,138.5262582948178,118.1522326648468,13.981022018802017,WebAttack
9.477381874311893,4.951417581335025,8.788800944340146,3.338867270558538,6.611983764539381,6.171847938552874,4.868361547321273,5.0148260208744375,1.7012113060538392,9.060271135009453,4.542098101873062,1.5146915035065833,7.0432850540442,7.271610981954427,0.45117213877146956,3.3282021881898283,5.84260677339978,8.215825686203358,3.106051715432292,2.996549507709736,7.365679654899477,2.1920440580839315,8.959986987297647,7.904155516498932,8.930553102186078,3.5374571886127484,1.6573593425650035,5.850577483858523,1.8996896640684058,2.6611315965579276,4.005676026173486,4.62728477540387,3.2241331254734797,2.84719938108412,2.4672695603955663,PortScan
11.170473835129966,39.8051019675326,92.679530500755,159.65498761643465,18.604228097020496,14.626552017101563,236.37473307176427,73.35919639861173,39.21923037995953,101.02506278422554,223.53118429823593,2.4779923171018248,190.59729257490474,22.70900676053548,312.6139852836007,1.855055933698711,38.64735104499296,201.572340927636,2.886590483301049,258.97225238957094,22.487324927039833,12.243296196270483,142.52845320427699,103.48180638782623,126.60123134242941,38.23823162125395,1.073047218764891,153.36964498010647,390.5123900171519,151.37139432774975,41.14772740112242,28.748392854940537,99.3594472120192,13.083387670498023,180.02593900704935,WebAttack
65.98115854508754,89.05106911211456,284.6474652659533,496.31370692487684,106.39817885213247,68.40941932463743,24.17094206450379,16.78568536058211,174.42875137076842,54.68337117397456,477.05349594970795,32.128606636339995,121.20665782871278,268.0902815061303,81.06726430112747,100.11667401220303,792.8924341668641,24.10340815808238,174.67224998725263,84.74653741244381,37.2462349438608,552.3749115747614,199.33588563416987,54.21145664275249,135.5454574941335,282.921496857481,105.03009918144504,101.49819914579568,154.40313411522888,62.29986258039659,3.859519928749424,483.94127981409116,10.418672996617573,183.17874666937263,23.798081197021055,Bruteforce
209.92819852083073,9.540729025907504,79.10736440562468,296.5738276866892,66.77760151145759,21.772953279080888,272.1775006673653,135.01455249097026,173.3354372482812,115.74360868716884,39.32344848453192,106.11296088124347,21.790786841175798,80.71984312302082,96.46294245170121,15.757262822505691,12.962707691148534,30.31162850434414,27.063917297817554,130.57019409380737,96.83334843825489,26.139114433734743,39.304744183742976,67.34363242007808,3.9626367392044863,149.9156417621972,24.87400704372599,20.619504447683408,74.39113535941107,59.06577050869352,96.90208605791881,301.82783499840895,44.5010694205114,237.39232625958616,13.154239773033943,Infiltration
438.75840913646823,152.8306761040415,43.098746489977096,143.27273783305063,47.54389648640584,151.24388321910206,14.864882301171159,373.41966881103554,173.9006845707187,195.5158237146028,97.32232401542316,132.1457902168564,622.46420022555,105.51612403156739,205.94489539744868,243.2303721210464,439.2450291117909,124.85183852764298,163.38274072879508,200.70438570562757,46.98034141986074,430.622358421707,92.8846260758728,7.26860739483321,55.48875914097422,151.020032164392,118.7566909841166,207.5743993366018,106.23047089647919,185.2781324452705,389.2488993257663,40.55776819626389,349.8577461653986,116.37743099458118,681.989926499914,Bruteforce
0.9255804354271446,9.081806151559505,6.952956549707265,3.1113753522372334,2.3832078145990367,0.428812128867333,3.5878723122977716,3.0113456617549517,9.170798085778177,2.2050856511729453,4.051472442217518,6.820140861231126,3.211803748213544,7.817859598902778,7.262564249050744,0.35468950042016223,8.558306278106034,3.6390007169360716,0.9585574308717981,6.983455985824785,7.4714664836449804,0.7100969784965672,3.5392065522777494,8.954804885767366,6.694379693550747,5.339216995478577,5.041129883476959,6.0841633257589525,6.53020935213741,0.6883657877266491,3.3414829001143334,5.266519522169419,7.3034147301609895,7.4277472669083755,6.0550933221404275,PortScan
12417.507435087291,312.2654860988196,2910.848730956952,25.177731451390944,36.02224961210575,84.1568356096941,3387.640543742384,1031.6407458506044,51.59917546270657,6636.92417299122,1127.3215245271433,1411.5613422756398,4271.515858977342,201.37982602015296,2918.6869278234776,15.73858685431772,15.684856494004206,54.38535660561071,18249.831912659058,286.899377188817,5213.550136691135,127.87657107533946,3128.4612938212867,8548.101567588656,611.3328070533845,241.0137121622832,1776.4653429792647,9044.378978562128,6176.47618460845,2380.0702605635443,66.93930204918593,90.10288224689157,78.2588756528616,13712.363676181794,117.11862795269599,DDoS
273.7005419166238,316.0985573801149,60.66091215015854,171.17802835473745,108.15934510267964,609.0242071803871,130.61639126793497,1.1114050655846994,146.30796517190504,180.54807116235395,88.15958010683987,539.568076636001,362.87267063051956,99.83360320883503,69.0411864479392,64.59734764715594,45.34788372152646,468.8581979409553,89.18041495599982,21.31413549322906,258.48354548597456,18.719237633424974,554.0033177961758,10.167164191658552,102.9137372408037,125.19530052984187,181.03470885178484,18.00985599695206,299.2476205970582,83.38069744226982,240.32441446128198,101.98157472629663,158.4243554547795,434.3954368265865,0.1563809717253839,Bruteforce
4.808309876019954,5.063734346795233,2.2510694644817697,9.259211064354702,9.144205921668764,5.166938151303473,2.178235465724633,9.827914421793345,8.924564105515584,5.214110089184755,6.263985408685442,4.396678044578708,2.0605777523754254,6.814508421444455,6.691341391416974,5.473260936136139,8.144459688594438,4.518365967898815,8.609167247644057,2.1701835255180226,9.618054498232091,2.0508026521817135,1.6011912052489818,6.033975070024039,0.9307993052293007,1.6793120248525362,7.2903448355807114,3.081515297354093,8.001213038564645,1.5555283819426613,3.8530144753706663,3.8628794769020205,4.803966647590795,4.103922035329461,3.8678572041029593,PortScan
6403.491293823585,38.84262109994256,6720.854191436853,372.86918432127953,341.54335124112066,18.568122370591343,8613.820061285893,3821.7410828618204,0.24889994575635377,4753.728451904906,5571.218376684765,4106.836275728749,10886.539123084503,5.591111131820308,2612.634307098528,38.58584806523665,13.610303904424024,9.807228503942476,430.67557039731423,259.19279482733464,4969.890955983891,23.9318693169064,1689.584352533687,5953.2021911813945,24380.13980730355,25.841638272171597,6240.528259615302,872.0470240329487,44.58374115110277,3586.4015589682467,23.081469698604632,153.11242925063095,4.5798794689871265,4763.443930805109,239.90728850997178,DoS
5.129920173382346,0.6747296425313198,4.819008144046957,8.170986826756465,2.403148124697746,6.350326230174165,2.6971952085993545,5.5566901477380455,7.009788921361855,2.0722225196805653,7.395471304108424,6.765184892794367,3.127599597010713,8.949746940805735,7.805141492063066,5.211327832358867,0.8268459241635973,4.4062151836899925,3.2985052701173667,2.624454099984308,6.435735613091605,9.21730155098474,1.4655426116946668,7.41637243915247,6.217148801976436,6.670322578666731,8.45185565378266,3.754538606753237,5.795543556076959,2.768236082277892,2.8421162260412123,5.132824630769054,0.07300149849204796,2.4811529247660413,1.5162877630236482,PortScan
4.996976250393098,4.960475715810756,4.283338219310062,9.411804556188851,7.908893958323794,8.468685674027842,0.3461067543291796,4.1195016711788455,5.979782650528206,6.587215105352687,8.948797720858867,1.6700292094969182,0.9003671366676957,8.931988642486958,5.066192418149894,5.392155631276356,8.900006586805523,7.498099723067936,7.307544892322132,1.8602846119580319,6.214102925764209,4.500712270667696,6.110414987246459,5.756771776387794,0.26279974910153103,3.4387540547060755,4.578032070632582,5.002219216296195,0.9946926964376668,8.985389013627374,3.343156927050648,4.894219754137707,6.6372741433669225,7.19081636083751,3.7802751557290835,PortScan
2.256093517864673,21.06357949221535,86.65581382992114,145.49821500959263,52.726919174629586,171.9260390656322,63.27552109235432,17.51104044801656,2.517777881543858,45.93682721010078,103.21187479190392,58.07051581547301,22.810779026867,54.27256649416849,24.85367764253241,29.258862025721875,96.59355332680052,22.927401589621294,21.32105091764796,64.53258402874033,120.12153443199276,18.77455274452308,39.0247065551976,66.79078821352216,23.539182339486565,33.599885822953446,27.093338120215144,38.724357594652744,141.1840573334056,18.5414825813939,87.94017547491018,55.70293242245814,40.66260750307147,144.26609373278438,84.1223876800695,Normal
211.03525532038216,161.5642298671835,71.07368973303532,45.71004187555298,28.109403824766506,16.43378010363046,21.9380255866537,166.14912246393104,39.37575762367317,145.6062289109212,144.75193175481022,72.1396236490545,188.39660234763818,55.08263953227255,134.16499902963264,253.9343723894083,82.90819406096325,63.031535879949494,320.9155890273439,263.0998050521725,631.9221060470816,62.73893873662183,94.69642749361944,228.2698766814727,12.602903048721917,81.8267674634369,114.87489116009569,89.28240984075323,70.1082928548232,183.65568995581674,18.26150691853127,32.74128409715027,174.7334340485112,38.87556383664892,184.71073887197798,Infiltration
41.77331370036921,167.72253693037064,2.3676066057594376,330.5053571408584,19.914342513491253,20.217750132649005,36.12535592107476,76.23567050682828,61.7354288011026,31.753611079135418,13.47181061763491,46.62684882095034,36.361861055462114,0.1760539102126985,183.72459430249458,5.162850076005091,20.988365573710187,25.261948707999228,162.27479901812757,106.13556222218712,26.182111706470817,71.12347894932688,507.8480393415992,324.6964425503712,124.42910126678652,21.589940346077295,90.65884744818545,121.8153328552924,12.964007376035205,56.359462343104425,29.907142437678214,127.03961168341476,101.85838359243813,99.74236252982436,135.2369190127653,WebAttack
113.03581977370254,124.59505512258606,60.672493572375096,286.1234696566203,80.38610546372207,187.89677914218444,163.38651312119728,96.88979028718488,28.294453142873017,21.05967367676036,11.490954330828018,85.39703698629332,54.820099371962684,4.339716302486032,5.830448700569566,40.31660594168042,2.9355284813079128,32.40842128542344,40.16165117151544,15.822012171580708,60.20660616270973,54.84905804592679,179.29095685822398,81.29787490745504,55.46341614689477,11.709612434801036,96.75011114606005,49.07368006432253,0.057138324223834316,109.60850355289247,43.486681554725926,16.07068570467324,285.8279651431412,8.080768323158637,73.0000532670752,WebAttack
897.6934580703387,82.31105369182853,1395.7584911432768,24.690611417984126,4.036390285081841,32.73737785182957,2220.987324249887,186.02117114794808,83.88444612290054,2978.988593099046,714.9200944342437,5118.172196418993,7596.9337226133985,74.11330977681239,1023.2461110903702,102.34404774712232,104.75353863215923,10.49169854546635,870.7029332866139,1.7394198300832928,716.5858614760239,21.648154170501112,2723.3526951036874,15861.681772400994,1246.9199695026286,75.32840959156356,7647.913956995922,16.26700877634495,9565.450532846282,1647.831053402234,84.65386879594384,210.12575890616904,19.253015421649604,2082.1821395266384,6.849042483301496,DoS
40.59381002021017,163.12658958252246,0.6030994689758619,48.407759280062265,30.76689555840047,25.150096003712857,36.16266646133141,35.31456853064812,81.23625189081383,22.59717924342082,46.859287606182384,19.383845447262022,29.207739909685486,144.97995304079896,0.0032516297324325667,240.8155163635716,40.19913793833641,46.0447950454014,257.8541471743375,64.4884920243696,268.0721063055367,54.763021487301785,4.377271612217761,43.357159580235624,61.662322727401744,226.9967524152823,163.24167250785092,4.876620506595905,64.43453210796159,194.97563348243233,151.83556789545847,11.043751418995344,115.0154664096625,254.14443746376213,121.688657510518,Infiltration
4.562753721090571,6.894061998777703,6.823561130554438,6.5059320159838006,0.6234991489426156,9.635827266688368,3.3560224803607905,2.4621659353271372,2.1104941791206953,0.6928360408867762,4.5703935313105735,0.4156663142664896,1.6090451305956677,0.052751681340051926,1.7468130283637484,9.952454882491502,5.414537252881248,0.6714859231369985,5.641467509703664,6.007912968573301,5.4772684990433795,3.359879900898882,6.5724122849054964,1.426091931486494,2.1956294155368816,9.94720613339067,4.155878364888634,1.4779184751329844,2.1702541121311536,7.241321016400267,1.1625018313978597,3.5397933430262785,3.283965237730869,2.2798113419286494,4.768379766831437,PortScan
6.0557699759817165,2.6325037702359886,4.629645461871553,1.3658860818782437,3.8998651105971383,2.002548442850985,8.969370826070563,5.2239615927408956,7.9954358506544025,4.857263323370759,0.4238431094827899,6.94553559774293,0.47823432056727344,3.9504042859069086,5.469393546589715,7.798283154915543,8.985997666054487,2.048137810604368,6.63572148545963,4.702287235607653,7.6751570867340115,9.398437523305537,5.329671141259,2.8677101486041434,7.985091972593256,5.267358805253436,8.822783952578682,5.6607313943605995,9.371229536058292,0.1753661880234314,7.3895882927095915,3.4653795834201064,6.68620374118102,9.423467686739212,6.539111771619658,PortScan
15259.389742913625,90.34272219078287,4642.105654055999,138.2478959073669,43.66279192466534,79.03224982958297,1669.1610241656194,2587.4568200757208,125.03020317191096,2723.9736857495304,42.046473950022595,137.00532268947993,14663.23652880798,68.22035015502037,5163.675996089302,178.9319319389263,67.56775515749182,18.586286350306015,6933.866388194022,101.49214648721305,8546.393708066676,302.76561955622947,341.7311350315446,137.63356156649564,20284.9009938537,152.5264917314739,13757.836284450137,580.4987986640184,7406.06144484142,13967.665145803949,442.7903568481047,184.08489973446552,209.26581827780737,6352.025411484473,15.76289105401029,DoS
9.531585136843638,15.917880540857695,146.97200771330705,13.041338095523974,15.328743235502044,43.20161810586762,51.71173803760995,99.30591539757377,1.0303138028404009,9.826578329634328,0.25683598337401203,0.09454797524740144,1.366007124612104,22.251276010750043,11.923296646919622,80.11450486295394,32.01514009455754,11.127964576929191,74.33149010626813,94.05875510517484,24.496704083418656,43.962322155669845,82.36762957476995,70.01672774541798,220.8482494936917,58.74278058104565,60.9047031783712,22.949358828491185,107.9277716025328,82.5285872826165,36.353037491513945,20.21260226903975,43.60292545723545,41.648065931616316,5.720885285401661,Normal
166.08542976967576,33.560105163083485,32.025352681808634,43.90903886159405,58.545427443497,203.0798157469152,14.54063960725598,16.696775208643132,242.32054347769824,248.2049182635349,172.89645613922005,11.762409702929594,50.050173640497405,27.80768845760203,3.984931951516467,44.35830586709374,511.760793027602,82.28403149377577,42.112023833367424,15.808611141484747,1.7498699057526688,18.31454843857556,11.059469420049176,105.8153157269909,29.64681065538237,119.77420565187815,293.4312744372343,73.4054235960942,26.872073749928404,33.74120178995344,127.9700527027871,6.690739252776,13.705167085978282,87.30805431246289,105.04133879827128,Infiltration
3.8550707424498327,372.344571381152,116.50539022972788,74.94155347655686,6.410938303336285,231.50032318108472,66.98071764953009,61.52253784483107,35.235192530331275,193.49532989274977,18.290154237554628,7.372690729191901,16.510531040481897,85.13331515360227,38.03116055086596,101.91206731727647,160.73202475296043,121.82929408981984,182.12902371717155,107.52783156919918,160.88264607968296,324.7943576727866,73.96012892648375,323.71814779362063,122.63918737599366,7.500744135008593,25.83712962544657,135.28809994341472,218.27560269871756,53.352145517335,225.2581482374072,108.93600159795102,219.75551423012655,107.36209447621108,11.673159450837908,WebAttack
74.93973232805659,99.92414480505512,177.73629413042062,56.845036441144835,131.57369445807362,3.7951814002614483,25.23949340858441,18.901540759868745,91.77337650609667,13.239832258764928,444.47471082148047,80.7267223581481,192.90853453511266,8.175991682356393,97.48227338567976,147.8933236800405,90.37111169365126,75.78644719659877,129.40845853637646,308.1095442390115,93.6407088178056,189.99029556457032,44.72102715808457,56.35763152250111,94.47488517632658,18.088589225262037,17.79340104111743,692.883657957707,230.41821899934192,285.30063525219805,198.71503459255337,163.1847051127458,243.97143851721395,103.75985490164376,40.3676386242874,Bot
11.786772164975737,32.317492896112014,51.676150605255344,274.3605514062058,45.70908297704887,2.645748216770035,42.783198356132004,47.542711803281975,28.270398171032586,79.38335833166856,52.98845841014159,7.378851272347137,65.39627054908249,147.23180823393855,108.2275677193754,7.579728073214554,257.06469108836444,82.25546909316904,66.33701208803616,25.697289309837423,179.07591917005007,122.61689226124419,3.4226410201426556,10.647929607880695,5.217329991931168,78.69688301264577,596.8079876673247,257.50167119694214,88.1761816337128,378.23164294758436,57.709839509853445,33.6238897920741,68.628508518869,27.80772942099822,35.43629836901192,Bot
51.131119776340505,206.46020265307467,53.950837919174575,8.493405992639934,49.438660727673955,48.01063416619736,163.56897747728647,57.22252426960199,172.55224043299197,29.22542946467071,9.750059689955384,94.49511522551413,62.067696228036574,38.9769437488136,17.981478034633962,33.269707565545374,252.58937638979359,291.03419768246044,108.75600848789429,13.31697626523719,48.175102517052,49.45006349246111,213.2806917569851,167.40251827015013,71.80737257446317,127.0473623125913,10.380766067436735,4.08471733808461,58.719001112585865,19.04341221299165,258.5652138839353,34.59071821338867,5.381276310624232,148.4207512697409,28.89743265453042,WebAttack
5.1566706131991396,5.911128780712261,4.421355383257003,7.946571708495477,9.08234137186896,9.990951134240696,5.988302984380432,6.818854297359307,3.998625121499564,0.08473197246793962,7.032367692400725,9.340354350671937,8.596245512657802,8.786207730891578,4.021259450735033,7.135515303922504,6.384299793312465,5.409348060659558,1.5161982246673567,5.7544205734367395,2.9859092242465533,7.03589169812442,9.44852427972717,7.276578026042126,2.595289144711459,4.652478405402879,5.648657151153277,7.261528309340543,1.4784751062349821,5.25592524081993,8.601364880580512,0.27588052000675267,7.2758036612776245,8.804364963645593,7.957637065184864,PortScan
31607.36787467132,159.97482667771055,5902.602368975852,164.3871821322786,55.923442206878526,51.06402658434512,4452.891878664088,9294.507772323743,31.126444718150875,821.2257443286668,13161.42588527043,2082.136339067562,533.2981142451436,92.80626378277286,9691.6415184305,52.88946456574416,176.3930383433285,0.5564536305342672,427.437529809113,51.02451575554,2335.9270500885095,122.86678988685884,9437.662228635503,5914.607270193844,2157.1263571902273,14.359679904490829,1426.484792538195,10383.184444550718,1507.7315691090369,15732.262307360204,92.85363698006847,158.28643611619228,39.123512865964415,905.2472438420259,2.147340824448727,DDoS
2418.8757555599877,77.71799198169454,171.5365766381057,69.8219665650326,21.08740716995482,63.91461541813241,4717.070200690414,28570.16389115779,360.1920376567084,3624.9928079524884,7343.7632920306805,959.667147629885,4219.566894178398,98.53532545191631,3189.639034856254,43.7760393308308,125.32599161920892,13.052924717916081,5097.537738719016,3.809914446559764,159.57632854900376,23.93001822020222,9307.119297428326,2350.350217863271,6647.286304765106,98.53875675885027,10352.105966601615,418.4562883155188,14338.193428422399,3202.900624903079,62.59611609655499,100.22355407671286,209.03183311593355,15682.84256968098,52.385186906812365,DDoS
6.889543417313908,7.496839969587599,7.362961774371018,7.269753151757526,7.999418267825459,4.695897634066252,3.475759101728922,7.709631173544854,6.6646057830724805,2.0000636627154353,4.352931933322413,1.821726597684309,7.789033764440102,2.4713094822075057,6.226956113544438,7.353673702178001,9.916040189185912,4.331425526615837,8.724605134511318,6.643539276248616,0.08448381515933634,3.912790898693519,3.941181080161291,1.1962515003750063,4.370899617627462,1.1645961209869327,8.35384489110874,3.618972117173845,1.83121732557594,6.018229030100603,8.575821227903988,9.349275571071793,8.942857194252294,8.820526104219818,3.480514891295866,PortScan
2.5725941565650334,4.274843605502877,6.8920210939630095,1.4886567032053954,8.655339228772807,6.411222386683301,1.0737050322421748,0.23519589270460495,0.5135707734150818,0.9036840040744876,6.435390776614515,9.408565097912442,1.3330344413132755,2.8433235011053313,8.658507610402253,5.056734194325189,4.27132685843503,4.732311277366086,1.011204186829372,2.1958960432884966,9.620167198116965,6.4342481034117815,2.862852303968495,9.469776549163218,3.9749526724885786,1.4086396346811736,9.653164558514888,6.659315629353488,7.528154707683013,0.22511829727687171,2.831454347861464,9.454276729059664,1.5552550489836148,8.734776998916844,7.704679556151881,PortScan
122.53180029838235,131.05603061006704,231.96297997208046,188.81659793484934,67.76280327236707,297.0746558782868,25.467100303939166,72.89810282066523,75.50428217469303,237.3239674000143,309.9093476194427,24.066545406910443,202.42923080227828,315.7820572399136,113.0550494855707,29.730526323052764,257.4785953172534,53.84205142391822,24.825644528839163,52.627876287310336,75.72125579313224,10.315996348654604,78.78697591700411,16.212973163234306,373.113398957038,151.6397442683939,108.3532185242795,22.316487016499174,293.33782931257986,149.44191735426853,41.462371843445816,26.121171556775057,13.621746204531181,54.52162175608042,26.884489195941157,WebAttack
236.87378704437774,28.55544870228346,11.220472862714928,94.34495783573261,18.423324920957764,25.0995843502412,30.470658629670368,103.39437585460533,50.769025349647954,295.47780807005483,13.841759107365863,76.30545939373805,66.37838986298786,110.64355426010883,38.53056182602717,123.0353801782141,9.155381448163256,18.610414985058306,114.94493529052765,46.944464438434025,45.79599875899178,11.907406428282847,77.67420473154635,18.95280303648887,92.01170789513064,66.7559479001785,17.148642603905337,132.52328604880594,21.19985179079693,38.279785311273045,195.17283470467456,92.0295250046588,113.39022375486194,51.58833233337943,278.04773932565683,Infiltration
617.8927684731954,7.756312052251856,10831.423594028147,342.87245043736704,185.84555419721931,46.29377948477069,2394.2080113485968,2520.3454776552085,205.08228760489425,7340.488069876809,4084.5872188538838,1444.4202630310663,1250.3790286137441,186.56716497315924,709.8138967712849,38.58982785001721,65.39174271498655,60.4815575781291,9412.816776260453,5.327950297161168,10159.855086875385,39.372489580487205,5797.704591236985,8454.01217484611,663.130799550606,14.973186932547353,12681.661338888978,4361.362667841607,3611.5302482864186,1137.9122870834647,17.253616284796415,51.88327241604968,182.1064108593559,6757.42297170432,18.630993356797024,DoS
100.28764965911132,56.206356509455865,151.01913721357838,300.9095935156722,6.00940750370172,29.635844244987958,573.9025794543073,258.33605476651155,36.42701335822113,15.480573895631153,385.3701329435609,476.03752254729955,148.82807964481506,155.44355309922128,17.778495956186084,135.08042062468365,161.16144598598288,553.705895787276,37.77089374184418,85.54093852265542,129.3308238334492,36.79289107785812,308.1749021343543,69.41735143619492,68.44421883881981,313.52658279648176,19.765112484155612,156.15346320242253,71.06149834103579,101.51542967878578,131.93544509716497,262.38533023289745,189.35082361077497,208.5530651992648,175.59880803591744,Bruteforce
194.42401541548372,79.49430971454457,42.2193532903897,4.499639882166819,73.37491892317959,22.18896748512926,62.38688326477997,137.32271666828473,197.01294565091885,121.85749282274986,529.0955099907266,125.53734475766687,92.13523635133085,22.408669511586847,145.25977957861812,1.960800929442277,213.16762934088524,358.43924085264763,90.61474223395236,254.38788921790086,61.49558977082267,9.602378698604754,22.249336110623474,23.127252866718973,147.62798736021028,75.25601866448568,114.76174088201199,210.30992732341275,12.623505278223934,6.735947418270493,114.99751081511947,23.672652082592936,138.3653652633048,137.63678963993073,171.4195453507684,Infiltration
99.89850013989147,22.020332903505714,152.25233492442092,197.13460246399353,199.83241196662925,161.67833693073607,107.01661031741352,227.7931066684168,158.54786286542569,7.011891102397619,34.803185613074774,42.33320074688909,199.0277004464349,82.22010008181513,5.388423557820185,11.080780880704625,37.30833287127014,24.70496870976573,17.65408647078773,31.5544270713442,107.97372574374171,122.59273123537588,259.39055196324506,80.05710967685627,39.74098553623495,53.246054505423835,4.326780253213792,38.918067572338046,21.745481709868706,13.036188322694267,47.25316811315532,14.019321754671834,6.965399407425705,94.35572424876061,143.96500222206186,Bot
53.15039060021611,144.96889081897973,128.52040582696245,41.0769947513308,8.675738455867648,12.582066617715256,33.88948729709142,14.069023775455126,7.278501702649141,5.482719263135699,33.74586240695449,101.29724855519501,38.06906791203544,48.14792090969455,2.0264067348728285,24.533186195873384,18.195151397929237,59.874072717081816,4.519994592929972,60.00071638746388,10.542643612663166,3.4930099528749063,28.947170511115576,35.040087513840454,61.43837856874549,1.9084966429222885,54.42981345311805,28.765047785863253,192.67477226799755,74.30876762660948,93.44077223261138,160.8309376075879,71.7456344724466,15.634161844828643,109.63367631706234,Normal
6.270323432537884,5.985621055648228,0.6849812703007507,9.695374824410294,7.139876960657188,8.827286835758722,1.5966932564368186,9.321080701637953,7.216806665306396,5.007157364696412,0.23132512380655057,2.5318577007700513,8.387413683612424,3.7918169967005855,6.782767273819127,7.3079302997480635,7.756497079254584,3.8235228296694057,9.098333782170352,2.921999590847503,8.360645983219456,4.247330704045145,2.3422885292664564,3.4344935151256606,7.9956343880623715,6.148705674420806,1.3667870919772362,1.2396725973486167,6.872008068056038,2.394922736621281,2.086594849176034,7.495017669227739,3.2265367289590374,0.683052599281172,4.248348715836558,PortScan
299.9671771782152,460.8752941055236,281.34678408329654,145.94907018957264,61.055942018519275,464.4246785703829,296.57893190661827,422.4106043315588,106.73508177703891,25.69111641186556,76.8956410777413,287.2184545007242,138.03938925349814,110.86701980993416,148.20017243435274,578.853534009723,130.24045648159176,343.7876615405752,25.73365780813792,112.97851686091684,3.4369818867556967,25.556108882741356,51.28772424301044,155.4376957540726,581.9658772553825,288.73935750090925,0.47625409017494,38.87023679722988,480.28406560014423,1085.059348890799,261.90861146601895,359.34139221497276,207.4173298336912,251.89891644258432,352.45846666773457,Bruteforce
5.898010837709446,12.380309633609551,56.25711441479968,115.54133223016434,19.39120598480088,31.38907287266399,9.292083625443292,96.63462368768494,89.3176362320646,9.70805738617922,68.11185824982749,137.06931526735153,91.36243188158936,41.51367606222166,46.50706113726027,24.55215674654753,69.08225373867344,98.76588397387269,64.90688686592688,22.479527914471873,8.78326870681692,8.723986175608914,176.11276163601096,94.39562337612858,17.29338002331962,6.86484485630392,28.297737833238003,32.39294656543054,48.509382099992436,9.54542326555467,101.85116329480107,57.393669152414496,69.77060906808717,100.49805870012251,75.98911579178075,Normal
169.91338221751397,243.9980769475425,371.1446608165709,71.21889866462445,244.14963779045263,67.52143666654509,270.5994965621511,100.41454138279246,64.50841887839253,350.21627312109456,35.66690508194663,213.52227810368433,2.6759581836758923,123.79225037779777,398.22277235105906,325.29779176250605,147.1221190057537,86.54258968535648,51.09332969758712,32.40732099562676,12.242705752511615,71.55287709868892,32.812064591688014,266.10530804553684,0.36383163524264467,331.91255724136454,48.98215703447301,387.3089871032754,243.67461762369084,41.247789028971816,207.2608339302411,800.0511227803836,107.00396138905826,79.07622609243013,245.71166235060292,Bruteforce
292.4536353032867,45.58591154560375,185.69815276970135,867.6697752463117,822.7558563534141,268.239354556295,101.67638642275337,81.5324449912683,44.63228032071107,18.55706743687026,237.90027783852005,276.0628685603547,169.15300539972554,654.7493023500745,484.64080036273674,411.59686611728137,336.0679453887825,255.2378732945942,42.44064980877182,89.85687551686765,278.16199123851055,224.71274092530322,115.28987788939156,8.770782355731779,91.39736884916773,411.24192828341614,140.71411407452098,90.15787929900247,484.9088205507379,361.28661735069954,149.4966167090008,26.347142923458783,204.79814752814855,414.91154055190736,120.47035119688434,Bruteforce
5.186370835402111,27.654730301233716,168.42612779116791,456.561471499922,169.19197234792557,94.70337575192552,35.156092126774865,118.9231645070303,154.2161549183137,115.66304339516277,200.904003018621,125.50056280673887,261.85206036309637,356.4885697057531,8.07900766416657,33.933355605809716,129.7623293715765,0.8992164169266668,40.05491100786866,31.001157125517697,7.565332513700166,172.9592123866862,49.77320949526184,17.000022686408286,194.31168466696434,16.017929283887675,108.10268935090053,13.669075923739134,4.730838885559879,35.2504683120708,200.15362905510347,121.25449281575496,61.52831117719473,326.73318961469914,169.9874791842739,WebAttack
14360.95959270244,156.78505829663243,13747.886935244309,52.22856480278829,61.0323353653042,108.05195782752499,1026.5867186576647,16431.19789421601,130.92063359074905,820.9180941440312,2233.273912711447,2098.445775273532,11331.88554795653,249.82056987022543,2041.069929994184,187.31168442144053,33.60313863950965,92.29138124820616,667.7278235574008,232.61485395262858,2135.375302607251,215.43687519522524,6145.278438854648,2038.3313489604602,8221.815295583807,20.667041729354164,5441.991381829266,9827.401549370563,5256.857099016895,4702.586477050611,27.7413599687872,99.55961051188842,208.79152011922008,5345.257281640483,36.43868161972368,DDoS
73.64011972982182,240.7167367364546,81.52498518607156,130.6745945924449,48.29702468965302,49.8159351263752,3.503142178362729,16.02844152618607,4.58274117658966,37.88415438682192,110.89516641761206,13.728085133697391,179.78717396610776,73.9647912463218,90.56930025135571,169.99084372112083,67.84748938913128,91.23933815492528,76.21000806872628,6.826718552350808,20.574449211609526,157.92938157222943,344.6648461904653,17.63504777344146,52.34016129431131,30.055093440618496,104.10077858227046,78.74047177723136,4.095481222439712,343.97605563036467,257.6772723853286,126.45217783446859,77.60846617589394,33.90982106758722,50.5579459317853,Bot
133.86681154116934,545.2665736096187,143.9207003348167,76.76230622362988,92.27612821682956,188.65365308076701,27.323216973523902,72.65888431959453,62.804121248864064,509.35298031941346,75.24868676057366,59.6366984662984,33.353968390759285,113.83248565623913,6.855531002821189,192.7517961896579,215.89622733891298,22.200422837182685,5.154880364400775,77.81131921242829,658.7400626416015,393.6618646237591,265.07859300370404,333.16600729477994,396.7782419182755,76.58060685488853,120.96912439650393,239.47158614436557,58.17338190289944,474.12752716928975,187.68676116362542,166.9808876523948,84.34657078071282,18.5502666498073,219.54006851062346,Bruteforce
184.40654699660845,43.13215800999642,2.7425720019907986,18.00862815715074,66.59604824859218,54.78855446234468,45.658116297071594,207.00393346622388,2.6945299203453104,86.49097888413118,3.072052063061017,16.1421566876718,34.922504957234175,39.39101307457633,60.087838051859485,28.78128314787351,5.840257406493885,57.74058849005866,30.8941888275647,63.76937240512511,63.4046674298522,20.744285795866652,62.42830408323439,30.467981191176857,135.0845523418992,47.14879301247169,23.462978454612553,12.86095857554155,3.8899451437232906,13.059480318098943,9.755516872792413,33.775182445929644,1.9008601094051014,0.3102343407473297,11.291544962336062,Normal
40.17932885388161,362.5216474113028,131.47868605695913,191.74431979787096,44.47504521588573,129.30456296521206,57.839594244422244,369.09556566517836,111.21893961632725,207.21586611652367,266.87032368819825,0.5613749093249288,93.88271100864182,109.23394677547262,202.82102578925782,53.36954383077563,93.08450933167305,139.7577741093427,173.04935773669771,426.48611444258495,105.73402218606319,25.643723358996212,353.6416488686529,57.70325650574477,379.1771899523113,58.38577176533282,4.379279534386774,140.66866344200076,559.6767174372804,99.82742767413504,40.93626991180659,37.381181177474595,347.70968103597465,210.6519801141117,108.08433218710789,Bruteforce
47.966481143376285,4.426493515207362,34.24393832165436,68.76025137774513,145.00544736294492,148.19475547700935,31.791944262456067,52.40734296636642,121.96621507748205,103.56246572368586,3.119853053851065,10.368983031735787,97.35025587688088,53.47357635169707,73.68234635092227,93.65114103724946,172.93970301601746,404.5281945343409,22.412051169739776,43.52546051217824,108.12231694808447,67.11566309023034,74.45352617209285,60.705680420472916,67.54372653122499,0.3580853648260295,27.386568911265673,43.021002305324,48.5336798058647,11.327188615608287,150.46294948329864,134.3853057410137,51.358015545454286,229.64377133956165,458.75982570136546,WebAttack
6213.628986864944,231.49654202257742,23943.81081269207,419.6199908289343,224.16862103604393,22.357552326278093,1746.4955817109312,433.1366922546889,68.11492982268254,8926.383214779502,235.62905668467687,22074.815473688817,780.7394962774149,26.3303637872225,5685.072565322561,74.7375307954979,218.19370594522275,130.01217838165954,265.77330587540456,207.70882738741005,7255.9820863588775,102.06089199913706,222.8342152716578,6925.958466863928,3646.2007489421467,115.576753263792,9667.488692789953,8087.1450767795595,6911.520023844624,5152.941778186954,54.22539301384111,151.01747061662408,61.47433541640284,7207.718995165958,164.21127319719406,DDoS
72.56858388130054,114.77679408171551,19.920815644130695,22.033285670076836,10.292563595056356,9.51038708291768,42.74650406787987,2.3576020706046856,159.75915478798373,26.124562144215318,65.68251551450332,20.57329829082267,92.13898185130687,158.8551352187453,56.979201957228796,13.919380868530457,115.21860228855412,38.774705582135184,18.136427749144683,69.50800019361684,11.548570565055696,0.8822497952227034,45.63537341141441,158.04035319761763,26.250016291768148,45.7130556140565,37.892632698889074,3.9656542351372637,25.764492761439072,34.13722944818004,83.4353518423382,45.74938333866015,46.552115283113196,68.89760552058713,52.08750375110894,Normal
207.64180898472304,173.97761945527537,173.77797899189886,93.98136206871774,284.2597295337365,325.05652678431727,313.64879285357546,123.84287017329254,181.18662461328225,54.11926272096576,183.298668098508,181.46670920569096,116.06875824610674,673.2396037620417,60.42147512625541,10.116986186811546,633.163576133562,389.2790681386911,28.88687871253669,110.6717910296562,35.53998509214252,174.76176184222552,33.0443644638597,193.77614158287273,73.86800692266196,530.4169596916083,121.51770035843671,196.64033843144622,70.22176729390215,126.26252320259441,10.183197363230576,65.93350685394716,167.88434108425682,57.646485031970826,34.072250058139474,Bruteforce
0.9144359067307406,56.401094758901515,26.102046477921164,32.365624273931545,259.5861288803181,41.34916260467347,9.708164648955886,170.6987377796088,210.13534191009353,54.36835733574482,31.019056552344466,4.405435020634201,164.18686557163963,120.83259803084574,85.17088163183351,80.47305292295617,173.10540466729557,19.352055753006823,64.08733497540378,132.45269879515587,45.88345255792369,179.4589498272437,63.11002604424478,73.92727133887882,95.20330824621233,192.60039251203273,6.698651969532102,186.638682235057,0.925839343923107,138.6523701883595,7.208649515751986,229.54597526165452,157.63864694652435,44.33406225754415,171.36759041548873,Infiltration
64.1556737190514,34.383336143779324,32.191122090631055,87.89146821925446,29.694720892879943,133.37024250318834,139.08639862459074,108.4082927965193,7.302834798043581,113.40675017227547,135.43379878651726,112.20396514574276,28.00491202364232,32.09361910360324,16.57359073015982,35.43635126914618,2.113975640978781,16.735639611571347,131.50568445471563,399.57562711848385,56.353809238863484,28.403970160082793,39.775625390723555,36.13422229349129,12.963360322360131,108.332513487161,137.58488535174436,150.78091306428072,530.9882795759777,210.66602347767636,164.48658404955822,104.34914819766037,59.252419896079104,4.445355627184719,95.66027868201981,Bot
14.13366702032062,85.90562025423257,9.490959393803513,8.27324737173052,145.75110716447898,81.57770953882849,1.8976802598972848,79.41956465597818,94.09248372459535,20.831350866982433,20.732208226564342,8.713876062446369,55.404543179928886,99.730027024428,337.62579473404844,25.902654743930388,99.44861877161574,51.601184144483724,92.845905257321,135.09264943172167,47.937342358259876,8.919235643593224,150.76908897456536,73.48370844154184,230.4289886279136,20.68265444442202,14.039212681177911,18.160280541545543,407.11685440710016,183.10341087456453,30.449499623319564,36.626055900571046,98.60698928108728,56.14735995810693,33.229900445194076,Bot
35.007168995692744,207.21361837393343,33.419120788790686,281.32595479140787,16.302300753616496,45.73350000871775,19.85380419384709,9.637654195223947,21.093182205151802,53.88966318358841,233.40574681204612,264.97804606444697,287.17748941869246,3.9540787888710134,15.7261587168315,268.7065020474846,198.8020562874114,143.01076783451197,328.38337959416975,209.49513422293555,146.17483315316053,148.6488895863207,16.665594309961076,1.2950272063280321,205.5914314035698,15.371658761125422,74.311915733498,20.677717644090336,89.96326004203358,16.85288581288581,352.8035818948611,102.10061119464504,86.89788148469314,7.743848108716607,176.04532815444537,Infiltration
8.962042259048244,0.4903121673361299,2.1597445763582734,7.173504154487823,5.191798119113347,5.945183566149174,0.16953804972205333,8.668052329511315,5.787407288239688,8.3436783822429,9.637448770587792,7.321614942746106,0.3101048776165105,7.115294658018593,5.634706743560218,1.0353959370409849,2.7042706296609387,1.6884095823517853,9.248413883756463,7.952833258072543,7.008539005725697,7.6332063924651266,6.01246060872092,8.552665877694912,2.286081484750481,2.5050456832011427,5.917496554833496,8.101353991030706,8.357884556087217,9.762531306044371,7.622848745900411,2.3274295129571776,2.3065055011683224,4.455887449542438,6.5015077061565565,PortScan
37.676081557071846,63.07467276487927,89.09552007778005,30.13650189211684,5.315078072604385,17.79454539386956,46.15368447110799,58.25046343222009,2.693076515547233,187.81412274025325,12.907608812272537,16.648650621128187,85.66302008506257,63.67911108221874,43.59670574688826,5.343563153072325,49.28582769440779,131.42866745275236,2.5099395678908962,1.809185474548345,97.89689639807276,38.26033544665673,319.55966876146204,0.41334893016246554,83.53425269991749,226.85611456800845,15.642926220479128,39.2551491839591,144.41311804617112,230.17692296157998,114.03159327652091,98.54615037696315,133.2128554158982,101.78891243097894,15.360238507486072,WebAttack
3495.298999159028,157.23820304872842,1729.7938178617437,44.54534511157543,19.751300396149595,38.84778347850569,989.999454934165,2313.460527762107,54.45803512000483,7205.506113259122,17374.917729437235,2841.6972666105003,11842.322868985266,272.54544539386615,587.7729479534329,227.68013743581844,4.333756683641547,39.40204930908331,3439.8483680330364,1.1665466789558514,5509.971643421282,36.047159255388955,3668.528175225357,3879.2896022610284,1001.4782721285961,53.57134106314641,1467.8865630586154,18509.797274222492,1991.7342238167837,2486.961126842148,102.5027684275288,69.81352428816975,142.41774959798806,1986.6950194675937,273.23948914743863,DDoS
15.814444920763188,20.149238120560167,145.28929010792893,61.29625820784634,165.2816712192279,66.34857119576498,57.63627997346745,12.740878428974685,10.234866137068499,142.40012476087213,18.1936616762599,40.90374476209415,72.78360220321363,104.56007372988753,144.49377726572098,18.785857883387425,188.03478992504864,31.26657422196081,340.12117699876796,9.921555031339038,13.193157690023034,26.22410429234659,16.069712018471115,8.759678314370497,456.21913264947034,25.890771605302625,6.450361824679591,15.782109047439558,187.00351716891998,2.2350400647047226,227.33837725998808,22.222237876709624,37.142020094263806,364.6677821603205,105.30241721743332,Infiltration
2.354697059181377,21.364631316557986,238.03810508592434,24.426676562467733,78.89236418177556,62.5058319546834,45.62573455514345,0.744776665838899,81.10474578343481,307.14643238455454,31.447882680425604,64.3851214154302,38.20849609475868,7.380859261044674,45.83630808520115,172.77667945897682,81.14880478671483,16.88064293799175,73.38975217652342,71.08777432842314,78.09879007987381,192.11830377889592,22.525294621615487,292.5932218454105,178.67603510182036,22.16465061298323,88.65949414589393,73.56807086074718,110.419602634978,153.85249663140416,68.88341639969889,165.45836432721558,429.14561639184086,70.8289198959246,189.07988705120277,WebAttack
3878.752535206729,45.16177595209265,8844.069821542887,13.440983501851592,23.660357366176584,6.629264381853055,136.86217428272178,1590.8480040531451,47.922849213163616,8614.517050961744,17771.060752760444,7411.902762735722,1383.3228148413493,5.494239673811728,15657.563939025067,74.6991167567398,82.25964686600386,310.76672419333534,10040.314828074146,59.80723503918295,12730.548503762902,9.887738325110004,448.22398835359434,92.10240577988345,908.6576042363101,114.34941191894251,6949.186916730961,79.12602367652869,5130.433447459563,4047.2379757308736,48.836828426659615,33.94215061779745,52.30397263442078,8507.527250623856,18.674160191143848,DDoS
10.391209677908106,30.67029846180131,22.788900313500633,27.880300466527867,125.70201836279098,21.002620565296652,251.17156666198917,143.58019239903953,29.471798401665616,48.21292233237152,107.78915241667686,20.198014803695397,414.54118318763966,28.790447053114338,9.08589151542581,342.7606695445634,92.19566673894367,5.568650623833642,143.90290635614008,7.54284535855792,16.181598818441138,22.819406252609177,49.8078966705968,7.163280292347165,64.35271617654112,99.93530149721627,46.518816458961176,0.24962626634498428,152.98246105505353,46.90711538698299,226.2960171912483,45.850847544029314,5.028399923160009,60.555611019896915,238.47023819243717,Infiltration
60.5593287834023,10.547523225411625,34.43980206667887,180.77802309154683,241.57013804959178,58.6488653592366,431.6975008126038,36.92580611541276,112.56611949389641,13.825481224246388,414.15225395109,80.96629221182208,63.24067376045603,88.16049172044124,280.8967308659227,210.4139152948958,42.29037096083989,30.275186391091424,5.647669324748953,211.0635684681653,24.974969686365064,33.95803274618975,40.84516718590125,11.95613707556196,46.87342908438502,145.28227892220767,103.3451253281545,63.09337963443582,103.01496100548593,170.62955980922234,12.262370006610992,54.63532765701178,51.75477000557491,110.91147071362109,4.626435353172777,Infiltration
4.050762787323793,9.274990278513698,7.878824678096347,2.3284219539094355,2.5102986604221575,5.922702548893328,4.864391390224054,1.1674636115488701,1.5864734020030502,8.028963318271439,3.4479076236913664,7.990122518772892,1.8982729495232764,5.994325285508626,5.051087280359994,3.263854767996137,6.085770387122191,1.2453484269018322,8.564684028710685,7.433833453183713,2.869733259609272,5.801517721812299,9.02168904310021,4.223047907423727,3.6334160995870244,7.989471190579588,0.011860208688685425,6.863732360937015,2.158060612160666,6.94246994279554,4.379010044983589,0.2029522505088932,8.7425985082782,5.4653975740167375,3.1360124297407923,PortScan
146.00017819824643,82.67255654272037,46.49327689681253,17.484771232062567,430.6706707271758,57.13476302865308,6.508991843673659,47.93223906077037,292.84281034007086,75.16917230395055,0.11449051741154327,4.398315873543286,42.50901769759843,127.09828234105167,46.06055756521691,215.81978636541444,29.54125216366044,157.9628517639418,105.74262765402409,54.42957157001032,90.3662056449073,183.79465705903095,39.33783594971983,119.72138146059683,43.70754657993185,126.1409808933784,30.706877477350243,108.95758001934826,77.96776257915502,35.18958898102293,330.90363989792877,106.81307737378624,191.22796057910213,485.6320556828333,230.33801702982015,Infiltration
193.48657670245802,139.93638147155397,37.018755957517676,68.79876416142672,35.58104613387306,61.70906688697928,7.804421251602799,194.36749674658034,176.68544835380615,21.164989060562938,40.15220261982399,41.12296810748856,10.85155017078758,47.333468355469975,89.62748998553198,5.6133144232844865,159.09713383745503,213.42743951165835,214.66566350455182,122.55243565205953,35.99726079553432,16.6144323790891,51.58454028698927,101.29706588962163,3.019410171268556,341.8229372731858,198.7763508663824,151.98140337155695,183.1970518985016,39.2389622162841,59.36454363807066,4.317698303409993,84.43131244813559,11.62444479068073,0.13021772153638964,Infiltration
34.21956452825795,12.466049934781802,44.188062545169586,42.843985869685284,71.93661008036226,140.23196626758732,242.3648181502557,31.868492792027414,337.7661729538199,153.03006327024323,451.7328153720972,128.42939324714214,40.32522893578739,77.76569328781294,63.50791943654126,152.82487774526606,61.72064460951141,46.380041466885814,147.54160771657746,20.083182230403622,34.48412726187334,77.05231134119347,187.28065573583868,47.852314246775016,197.40107683666804,14.372603205794954,223.31754324852676,35.12662901440567,69.37649983847824,170.7988114469983,36.7337584865697,129.91128381514602,107.29929193544692,49.563129911356526,18.894655845194997,WebAttack
37.39192019901694,69.45970486696797,78.17981742359682,104.92846474657433,17.4793562415753,123.52880124709537,255.6026585321049,98.09137900065156,33.692919144158836,37.02364194504704,21.17085792962556,97.09184822004232,69.46685555980837,11.709817502243547,126.60300863141659,235.73296646911638,6.6280143804395175,97.76270076905877,50.18796202588886,3.806434917297521,260.05508054337236,436.26292349282505,110.69954659012124,323.34675933225935,164.29923279753623,80.96909802146864,207.97346654135578,148.8635605107915,81.30505866025771,42.616147723090485,67.82298289172266,22.759543319455616,9.357689828558875,47.881806587432614,119.51485409215388,WebAttack
35.960479764217624,15.090282609701337,12.057026078184494,6.532636514838918,3.0040673240386613,3.7474394560833804,64.45118255056191,19.598685529875446,46.64501238051224,130.04540482974093,98.6935366356986,7.241143332609526,145.84888659212817,47.26428508073673,158.54276780791423,90.44510002430819,62.8955380207606,204.40098659235053,94.11801055772709,11.165434893476327,140.2693613887388,93.58941911345488,4.931615160305204,7.222965055838102,85.98055616982056,7.85663180025586,44.340075500167956,3.2937141825933414,0.8939247847795077,67.71797404578423,32.013289084734744,27.341961633021473,8.888662260946234,29.815512751271157,9.532938098307605,Normal
336.77082193115046,7.490924712273516,180.6904649887769,14.157151331138609,34.13131917622875,15.914074999247617,36.76991407806093,16.94210549121132,149.20531146222652,198.72422398814234,214.847024370312,86.68404770464426,116.73089604337834,112.90114506551365,99.6175651747442,21.049762782809417,126.3107739629292,1.9862923432688036,234.77158483006528,4.390017812667395,196.91459633552847,197.73887522453535,214.06582469889068,205.25089842315705,77.72431056756868,3.3752689295347036,321.9357443047958,7.548049445309638,85.34275503349858,154.50052050007776,59.65127472034014,38.3881927203339,26.6700268539323,57.24502042643728,19.49344782670697,Infiltration
9.696753946826037,4.916447541069202,8.027082322939682,5.489053402797383,7.039987236141416,3.0991215457038903,9.668641477863485,2.151449824137975,1.5909762287336349,0.45524392056562224,5.411905624282837,6.189009104379619,6.495219730286571,1.7223148477344463,6.514370915596684,1.651065646258748,7.549931560711998,2.7524459342373744,4.220459174074983,3.672270443804896,3.6772304537987255,7.209434823791014,9.977729200991067,5.2732975154631685,4.0103889366371455,2.9369911278184215,6.244782290911982,4.511832151977186,7.728358684199158,6.066891390151041,4.119213882570807,9.530112532826681,0.11264575528710408,6.894880246148299,4.1079145698702355,PortScan
8735.587590525045,70.63785572537647,8262.104793305516,36.6236196126883,178.13635391614682,36.42353039803869,8517.249039447439,4238.117100094296,9.91325775465458,2145.191439055527,7430.198456073756,1210.756527472419,7662.843926768792,10.128375009210142,495.26304982510624,56.54822249509852,98.05798194091125,169.14742087450986,6342.23796308287,114.40408443734572,5269.8417534296295,30.983483739995886,8393.128987662309,1962.8663897999331,3076.8606317068848,156.23138018378583,1014.1866473450707,2001.7910803426278,1661.9821202745395,30594.6391945404,122.66895303239535,32.11938655210939,19.40185259537684,1286.8505051161528,149.97451984353404,DoS
36.839830833006566,486.11751198513355,122.73379391587352,319.6122497693793,89.16544322475272,212.79282705722488,43.09122397155732,113.77757113759588,135.11716232391868,2.496766333456745,28.70490912831938,392.7388135865385,184.23894218789113,45.42488933323128,24.042146276758768,6.920744884582117,92.58440067115181,2.0596074260877915,0.4817888509400907,152.0076137155488,28.955036437276434,15.575262580197322,35.7812100978168,32.11038693942023,33.22007193533199,6.952873598736679,11.971542047331091,57.13879845867253,57.38052058356203,34.836181359404065,317.5297270431777,295.51622375159843,19.474558204115024,209.95367934755112,197.5312235442076,Infiltration
3317.0075053580144,41.619743220223796,1353.06780100472,65.46628690615816,66.1613178836994,48.518691640457114,3722.030639150748,626.2459689091601,144.7838171836264,7730.6074303502155,10997.953029087736,4551.319194452715,1556.8644333341192,287.36650017012926,3537.962884193524,56.979924712250515,22.445263284780232,83.56886194762629,14371.200364730827,68.282499438589,12273.427671777668,178.91947990238708,16780.011945146154,8490.538042491544,2038.5207609944491,182.69719653135337,1116.9746769364663,338.08029206615663,3930.16678200893,6503.245251748822,252.9127975962032,5.3889074441961515,53.655747372952625,5053.638844858935,32.28806833864202,DoS
193.6003705053117,0.007185053057082648,4449.468679955499,169.676641881877,7.535424696938551,144.36537486068784,6248.170820546762,1359.6375830327895,40.651461553400324,8774.743697249174,20921.49581283239,7181.47669668017,4904.576233892392,196.06690252193405,4626.675349068916,38.51527346699466,116.22889127669478,171.51689711215352,111.45707751840685,150.91877238450627,9668.276776450568,106.30558030504098,11100.743662828529,9580.287238082536,6323.29158682344,47.455960874536885,97.03862267406483,7849.873703590482,1303.299770210619,6171.251316554252,200.94420046502552,51.19310238293706,14.70843857759,1918.0805820275598,125.83689525210617,DoS
170.53767985938097,101.13869278222771,15.757460568552561,15.51226462356503,47.98857943373948,205.14879285032524,31.743880537071927,2.533531516540957,51.49195526248512,31.666701347720288,8.62325418734753,7.406976366677553,310.9238586401867,35.995257084046386,98.94765626717844,206.51117862622152,35.93012831807417,23.680397265473868,146.85538465203575,57.46425020851471,733.935949825929,4.308089864146577,34.122705134298734,72.94900688652281,6.855888018791871,7.323754603914227,20.126858141409407,26.446193960737403,158.19741509628395,3.5208876834675467,36.57677724501634,10.632551628256575,150.9617345503035,78.34556740839606,10.287128160405468,WebAttack
481.5579075096367,25.53097408439135,3382.4374445226736,0.5658177511891285,117.52881859010151,9.732913365102476,8639.387354778864,10711.33322403572,296.05843074049756,8918.20730021535,863.7361828286569,9292.41323182394,3870.0515907335985,126.6889956313818,734.9479555800626,16.759674566256134,62.48421443002249,96.82042255336361,3088.04653820411,57.438124611172704,2094.6153809321877,19.694474641166586,15158.086516966488,1952.8019488290452,2719.4215416388483,13.62290277482407,5102.6665320112415,126.69919783190976,3363.485308338876,900.3583076254653,217.341507228006,89.70103753063489,70.26535476526364,7989.384882046838,101.98908973464651,DoS
103.30969263826952,33.437107989667524,38.720808590214155,109.87711675921248,87.7078084852302,27.051248604867904,117.93951394798752,140.26428722919422,22.552833513927418,26.2694127067857,111.5053808783205,41.32268827443769,11.29249400769326,269.1312080751034,30.828916638182825,249.48269228679956,56.22277031247168,69.44992055409217,30.001948504033038,282.26058900026453,47.08990836772936,22.731438044233652,10.510025267053006,151.76133992184762,108.4895191056916,15.742193175121413,196.82391170112322,49.95062763320874,53.780742029370984,111.7674077921708,343.90407884379204,69.6440587996934,122.80329325253503,251.14977376270824,189.89212245700259,Infiltration
26.135604163454207,31.030081339203935,207.17530705810768,321.0151623033636,231.0970315453536,37.67921515825222,19.578374343406445,24.85601465630182,119.10428307382965,70.79525208504317,146.43573088435068,26.521181713565934,213.7932493350399,328.14732859042874,127.6271185134656,83.65806024559299,160.07501562473928,13.314585148398209,19.8828880579309,18.754216782915222,6.485349118502398,417.48837818461055,50.1903408677697,133.06736464544124,292.68302882183843,97.32518765504761,56.31248900635204,70.749564203234,121.65122524956118,87.84783195651003,14.388982518415316,210.22349913695365,104.02668468568021,92.71465394577217,51.369813585687396,WebAttack
4233.719421711002,414.12642932122,4696.990155007179,10.015769743818053,24.98277746602981,111.4888031564795,1818.9099496372205,1288.058047113284,119.33880935125222,6007.338788531381,27852.79632725625,876.5168229298645,3698.66945283287,21.560018956522747,4912.66340350262,63.359624281397885,44.284461012222465,126.49058883007763,7060.4466813345825,27.601540246353164,1466.6054959334774,22.803686159230217,2289.32273402832,7472.77915671108,950.4241560693063,2.223961454152925,17756.381336565788,2535.4217109702345,13.074969845552657,9869.35002185969,12.449531484751928,178.76334513789797,83.55096660973274,4884.180998306312,192.22048688320342,DoS
532.2899667358794,183.10387374242774,228.3973956961778,0.06716039642016211,5.55904766996163,96.24143610411213,233.1555438411535,128.0787442300986,0.6964852419203255,138.30750420242822,161.00603297167257,432.90612766015056,0.4922419115610318,9.818848776438099,192.692318797195,115.30695294273879,48.8413108533387,68.46224120786198,79.59882185303893,249.8856515908745,196.77635646234296,68.1553882324702,60.142958738700834,49.90085698497976,87.55373365710342,157.7676486067945,137.0579954877309,222.64467877127467,92.52558989421723,106.84678658231348,63.26895127864203,219.075000495486,459.6436561550315,51.06801123813918,124.99812648249097,Bot
9.103245665643175,0.41242977822186444,5.904477871505759,5.029716948954322,8.15605252615292,1.263401336994917,5.276392734136568,5.0126379622388,3.9553902926553497,9.921827553347626,5.395463960782038,4.132444041290901,8.564033837242466,1.3905440036180627,2.8756230052547105,2.7889192053580825,9.3370068531094,8.803297159983593,6.066843502990228,3.1962942814580897,4.6810377191312424,5.711465389003506,5.400868394517779,2.5593534465230503,1.3048760402031356,9.076363573974575,6.408473429464795,1.4509238342694086,9.898434805537097,4.112773161443817,7.329701180938582,1.7671472114371622,9.32765696482851,0.7920730694897904,9.558216431502851,PortScan
2774.4765249625493,102.19397298581873,16.389961960714142,4.889637844276397,105.04153547492825,90.42103170600633,3426.5134191863654,11257.175569893629,15.70190632028838,5624.090232679756,2966.53913755298,6556.34945440719,3638.1273802915784,122.64789055551164,2633.7053565407596,72.82859289446793,114.41331924070137,26.077457374500117,3324.09545213381,179.40132059426688,3862.7957850782414,7.7578176263162035,1605.114747469405,11804.798500605324,1714.1621889774071,82.64376124024318,5918.624664549098,5609.6482062780915,6472.428648848151,4851.984108124356,59.80339069562365,2.610280084363999,72.2611418279712,2793.969325345796,49.390559869656755,DoS
159.89307987913793,87.86464264050079,1.4472086077037565,314.8440187367068,422.3047576551325,69.44508192926865,41.076095451853085,12.539630472121639,5.073654018539959,11.66920295193232,258.1961252309859,313.7916636688876,23.97809092371445,31.39845220052831,105.98293116109092,72.11728787729929,399.537881759561,79.10175337057383,39.17606892357387,288.490613290343,10.355969303616522,12.879932110617585,34.94855029283108,81.88353533287912,387.42533773318803,109.31412954549431,24.970411327738383,152.09077077249748,31.984637653580634,62.15264736808087,200.5312758753723,0.0784209481314948,159.47371877245004,91.51241156245172,87.23145676016617,Infiltration
82.99404989179314,28.210884585631113,86.29545595315169,31.297225790296178,10.568739360283036,44.79417960510289,51.05848377920711,61.86650368236825,23.95598218443443,23.42161629526163,47.90824009736161,53.24768963667572,86.87714248224643,166.97994665054756,1.2916710520674408,89.4525618631521,110.49363617639514,43.60935409051543,33.96317244907735,29.128108261941826,148.68513032417414,7.34899422853998,36.539269889472415,189.09100208114262,17.739082858449862,46.7805203015712,132.93048747742188,46.793720056107766,26.257769202116226,76.23696289480351,5.259143208979355,11.953820685713715,33.42797667538681,3.7260946150893712,10.858804627018541,Normal
34.548257297413684,144.4837471000624,136.04024057096672,139.0498444856173,85.18915437765747,48.39912241627945,23.399609487436525,30.214807956050667,9.730957499683333,8.963738442956988,20.333361955845678,63.2827725429914,22.019372268699293,87.8383024671787,5.53231598239835,5.51811328840765,78.29731167483037,16.44672346046109,6.498456135306041,8.595133374108592,41.76692180150845,2.4643740293672924,21.596099484540122,19.62328184589749,1.1600377770244064,1.0442598730661805,3.8123059092245155,24.166105385090535,35.798752010582376,29.964101536103616,211.43856161143032,26.035580826720395,31.933300085773304,117.96152021258371,98.80514028145436,Normal
9.051552956136078,2.466330503812413,2.335582438407614,1.2895830281975396,4.424322983233545,5.141256062777371,1.4514118577802126,1.146054958831051,3.9045188553908563,2.3261887098555247,5.742639988926158,5.243351902892015,1.6248350489611585,0.13277009681242347,6.447896631361854,7.728854980792052,4.882727079107657,5.755009427363602,9.617114298971952,7.6770388701686585,3.3380987048121193,8.50301673862466,5.484922386316943,5.219344392529351,6.918719228842253,4.294849789700745,8.807725361728636,1.67284430255898,4.21913292194381,0.6486363440669385,7.0539428926327545,2.702952256813264,4.254246725235323,8.863622061728849,1.862855387106468,PortScan
54.42010718753988,63.88642608116343,164.60668155805948,110.95013022142976,397.9314175926336,201.8558484601004,306.1371996470801,85.50785448707819,270.5623249822465,278.04523858585776,384.2513515166272,72.63187643702747,14.108936194471386,144.01993984635993,5.088774998683149,505.2719323343931,13.889191531843503,135.76593213921245,325.8392668693492,83.1552946862118,286.0333039971014,222.73496740920928,29.554016565346704,229.6497527892889,108.99094528935503,79.49986740099642,215.74420198748382,417.82979599954393,389.3303325649393,284.95144841807974,199.3584405900682,213.91943094296,230.8850643983168,137.846523697422,212.55564027880055,Bruteforce
7229.358944090813,69.21415495241145,21181.980303768796,107.76387772940048,73.85833292710528,32.97653940774542,4120.566386379743,1360.135238963097,108.39948722514477,7670.231424585029,5380.162331398846,10970.010559619328,577.1465353962432,17.71065698903352,11473.592715009592,2.431149419634029,19.2734774795359,135.62525984944392,4214.375135601516,11.414509386976663,365.11048049919435,22.66351258272238,1610.6521244506864,9067.153003710288,5203.9681571155215,81.60213592809126,220.8564065687083,2373.4570953270627,5550.4792858560695,8183.785821766198,95.70417740818988,56.260152345465876,240.1420231885351,229.2991069931079,104.02689214208172,DDoS
34.015183202722845,14.988493997716242,23.618178033109686,14.501509030913104,3.9028832931437996,0.15409719220321108,32.77447884982008,56.24053637355656,5.954732601248361,38.784911887153065,155.36404509338595,21.022274981714443,17.728313165104176,1.1864252511286508,33.988623186712736,19.43624983261066,3.2930242912109886,149.93781194592538,77.08212904523491,25.367972900060824,43.87715199037546,118.77895517248203,5.127518310027562,11.473284774170986,67.74019409952238,20.759355274037407,38.78098887832935,34.402603210382196,16.07254392050567,7.344485538861082,39.14162093562925,3.0939966835632564,103.11209857988604,5.848118611116675,15.637031410200064,Normal
45.50689220226059,25.43694141635778,85.26963512529285,23.75423711801336,91.13497978396893,68.7778564253626,25.66975532660802,50.32543508663305,18.149047376959796,165.85161810821043,102.12239192739652,14.466039328621436,88.55504866363472,78.03857737094162,3.7081993840764613,21.504259907944988,131.60134589720508,9.294850559193485,13.594037957980849,10.23807656688089,21.6474596856062,5.3011119100906985,62.22350867837271,112.9829542285766,3.434713393607488,5.525899100187686,6.536565826573372,60.29908234996636,9.440541544431406,64.84251520180791,122.3223931809662,30.559244261280753,44.51309978731743,68.37554355541981,18.51396796218389,Normal
2829.210682193579,70.31331482427554,3875.7320276858986,61.120496479220556,211.93834542279384,73.11249261554966,7214.366472394732,720.8008624185303,458.39008288872975,2433.1140279704764,728.212477976047,4850.035147586115,2425.936513975447,205.8904997374111,2665.807429112173,9.251441455339226,328.90869233301515,31.826698833287576,2138.628430909675,72.36525584203947,2325.6163825927874,35.83665531288204,1171.0699090510616,1207.1691014787182,3711.985177703024,167.18798958266575,1218.1665380896318,2771.0799339258424,4313.395643334388,11790.004469128062,37.29128019174316,220.98309365926494,94.52081340553454,5441.424442227394,115.53588637171381,DDoS
85.21640545397685,4.41050828707817,22.197543626019602,52.061703365282305,50.785314653019455,87.42474768564728,4.5165065327727625,75.32325923054422,55.84104844445472,83.92323313480324,48.45802945476675,26.577786791892482,9.188657940092225,108.0993164466862,13.603379903158327,35.04633710018941,29.139297168906708,135.38187052018515,163.6050774036348,6.797450172813617,9.547245782481053,59.046906433470255,22.970841038351814,8.534774147949456,20.488533128153012,16.311218660663236,57.369386380414845,62.44256424922865,111.25867581018245,24.38973432128673,37.40988551006932,65.33305789635364,48.1874766343416,19.12837760974432,88.16318499082102,Normal
292.02734957917073,85.60494343322267,14.444225658008719,124.60342016939387,175.3083972126808,197.0921735257098,131.31131977627953,53.33659713884066,59.616797824355714,25.673141592628408,37.497033811953905,153.5179461810446,138.56994491505725,156.95892092376255,128.77570602942987,58.627274328118695,22.16438695391016,32.366118870324264,10.372718217067343,41.17426438349601,209.68740533859602,84.38878331439808,8.79261739395367,26.48808207928463,28.793725920253284,97.62979831134359,103.90344521762734,72.0213389277622,327.1814514658437,53.89046127364689,140.50675023651368,72.66577962696937,51.39792877877297,96.46945335719734,28.046211282706263,WebAttack
5.894488360874336,9.303361235333604,9.593354279883249,6.030579129823503,6.308142722959196,3.8990657510345192,7.236384479511065,2.4570859789513455,0.33871188614315484,8.353038601092184,0.6036222975965111,6.6470777181211815,4.369308755107058,0.43256924019271503,1.5981585111244379,1.0071908769415328,2.1440538298092204,6.352769523784652,5.706212066696409,4.32936023523138,8.430534837145796,7.530779157431237,6.827070154346504,5.988639016597094,6.9610981220533175,2.265938742443767,2.5982172318905015,2.9811530770625594,7.410627268279695,4.32274684517097,9.595038161179595,0.4020186558484218,3.831667977080323,1.5472682828060724,8.163206857049826,PortScan
45.25658353261912,223.14181465814536,254.3725348548082,42.34301284363865,36.271820182623046,80.45277021958282,10.013426419554694,275.39507430713974,140.68449889584787,150.34629146603925,129.53183211962008,0.22606165162917632,152.9627852507451,102.86407261399626,270.7854714984911,103.07461148650177,29.468984699018286,152.95668730032236,80.2800505903514,77.32934731731227,28.21875840581818,252.7804202139775,48.42824668105648,6.7062198602862,22.698702937082373,15.973493169573286,4.841924829488709,10.815291552920419,34.644076483689275,17.761242655148813,52.13090870695473,279.67689359147033,145.84075267923654,132.2930286967881,9.217541598118723,Infiltration
378.6820538687366,7.177254876020717,49.764859029706635,121.03428472377051,31.84560236624562,105.15239294643533,14.435981217430346,31.050412935636277,2.9090340421813523,42.11120096314352,0.136656118752777,168.94823533684306,23.106825593509583,7.398228655182318,20.716075429347608,104.11532934821625,48.28026127740454,298.99457472773804,14.105728795413984,87.89362267327098,26.414349122775427,220.9893781512095,85.22681486340393,262.97133417526885,2.6846690168946123,31.21173352016484,88.8896230466811,448.6323875249089,31.51257589109474,285.1009637311303,64.81249201350737,75.80551851790689,162.18523846889133,58.873508573438016,55.11737626254445,Infiltration
9.809980603397829,9.668156698109398,0.3554705944146086,3.132955326099772,7.655426232735273,4.785103801111311,0.046417275536616565,3.5471578821525016,5.789389440040271,8.79580124140825,8.292515159251966,9.463194087320101,4.679281854921927,7.982738056814077,1.0073559295507228,5.18457871155671,9.16580764177946,8.388476083147463,6.556098493790649,1.4920332167250494,1.8208125986304036,6.78652280952006,3.255678198210009,3.2944794737219074,8.476227864658808,0.20467132685048073,3.9251787301599905,2.3822048960093034,0.2710027697473749,2.1657313074174223,1.8424749447884425,5.044742447124864,4.351917304595272,4.716995255282269,8.779112919217134,PortScan
61.7712905191167,177.93753467260544,30.804561635569293,205.0761487948884,312.46536566477914,59.30765939068316,339.01465248808995,213.50989076102255,77.40318721611227,103.73552484615409,67.67906317998292,126.41418409598504,4.197394441996776,66.29832587955254,3.7925191852902627,373.0833333438575,231.36357448500462,19.095030785402653,22.93284736810535,51.69261026313446,107.02010967909963,97.2330078484271,31.969166179884105,45.862887811793506,15.193996943940197,20.927029338974755,25.783138508027314,260.0512835169992,216.35990900395953,116.42245311826838,112.56658269098934,49.31350836145677,6.544695853291273,74.3079631382085,8.638725739794179,Infiltration
14.820566324370397,299.1105811419961,181.00937188756038,25.64069717999733,28.00841171175021,217.2452040242674,5.4733576487942965,81.65323795444758,92.47204300479132,0.6366132030832244,110.33134745517192,3.0064963255969612,139.72108793410774,65.40250371738327,49.313503814058066,56.64979091889262,255.43307392196564,38.18215029629396,4.930231377586764,553.8285132649673,9.386125933340859,22.334700691805832,18.816959567960414,87.32368415113534,27.124662158829288,71.13864991796962,130.7843878755103,37.13435121384548,107.86763567344488,162.8881658200841,16.726251365437864,150.79486968249776,5.525541029937168,57.81229260763967,22.045513169837676,Infiltration
34.41282657038852,341.4148535811357,259.9518285536405,135.62243423066485,21.67388840928335,102.85949832464813,102.53198535251306,18.305346431827296,14.029822522946949,19.572975463794567,83.15529042211772,14.473867756025014,21.743139634432012,50.14380144029001,66.89075208672638,117.62076700902773,21.162874760595972,286.4492733439371,34.11110647463958,131.13974442972858,3.3678074394941167,63.685207390223596,35.11259741243787,159.6594390087597,226.49238019519623,109.52260615216747,555.7775676920597,12.019230293801305,95.08223266449284,49.148989970653545,86.19000951869751,24.74615991614623,152.3723759464787,142.87240365034026,44.97553932331044,Bot
37.776378842735205,5.333039436773837,55.708102660730816,25.935002628982513,53.11625926450224,23.364041233972895,152.9411793904199,35.27847007739014,13.72014513805088,95.1831739604836,41.77542644608202,42.65982807141362,79.42171978441122,20.713621355776954,69.88061019152822,15.095156329160526,38.680499042458564,5.509677578738339,7.614888766282281,71.14997613427607,75.26033569571968,91.15345720562009,2.5375675383536227,4.3785802810439,46.57948276686757,62.13885550599263,2.227633493521246,46.91048516346712,206.1091863913353,163.05550672592267,30.170794790560112,30.541656982899834,32.51531321323489,23.48436388778793,1.9143745730506236,Normal
1855.841667630825,1.0177621532266372,2959.6628485136234,4.273097020428488,49.62881379457812,38.25276433082147,8312.761726410243,4090.066825213246,20.686487549040308,1681.9266947516712,5889.197550709284,708.7374500522077,1415.5363473779478,3.492903749248557,4079.6851054820195,108.6817496529147,7.566951811105567,56.99654546844085,30469.644803762178,16.526827396885324,18268.082699912666,124.6724111384335,838.6438313439892,2381.830358732484,8496.689383227993,22.978759237239966,1109.7699948621473,2128.201645488864,1764.2064966356552,1745.5785753871153,302.7534910467945,167.5679013647677,30.141390865888834,5911.277631358418,129.51557355922571,DDoS
3479.7002231418705,62.86721075703314,2729.005662450065,19.419432880233913,221.51851454418443,20.909141417385435,1605.5726814501224,323.7796916300226,63.98036813262758,8337.396654811404,151.49757216512032,249.24629893274542,4789.778051417307,14.91561523151202,1712.0744292440975,56.779310516896864,41.09443706105178,17.081804944906764,97.19563004437703,147.17265218682334,6219.055930093734,108.10218876053936,553.9364487048671,436.3794090881875,599.5834888665455,332.1440018549247,621.9792304696455,6143.122562843999,4269.603830562166,14104.52658264126,234.12114251798775,31.28238902695162,41.50295266126082,3881.2121596585243,435.2469968588955,DoS
160.9016841670892,189.69065832644355,31.496822034241916,31.43576517828306,483.9678931285666,222.340809827288,181.0805422605786,39.7471918323818,0.7153166171146664,48.50766321047592,58.416145709545695,61.391392442245106,2.0734174778196413,69.9697815461196,103.05894187350503,53.28019982044568,45.07979936116172,344.79897349164287,60.23755202693327,79.66298922275455,1.0091312977299693,67.8073932160448,61.93970325455146,3.2730662550734557,274.3380134049306,56.74502245208946,37.91699642795324,191.59450942895563,139.49144740024164,5.340702460821997,264.20957364469655,24.1748445318388,35.34685268085284,309.8936899542158,9.015917046830191,WebAttack
33.864009080705316,515.6884447246713,154.3099952860911,46.87919400923137,86.4951770600157,12.047522177165618,168.4707470289676,62.55206742227624,71.33626743482428,66.62219343403153,403.76799829310596,162.21308688861234,100.66345039493609,47.71810821709788,147.9317966961939,51.12826658460602,304.37116961949994,36.547902037638,11.777805307584238,140.9077505705502,93.34177486184107,25.64807949778416,502.8722891594822,41.76471104658911,14.014688356432698,130.00611995813057,148.46949790932493,114.0740980159469,150.90394857301644,184.40621709559522,15.50975676265427,103.19060982289187,199.3136509537323,81.63431076072618,21.972812783561494,WebAttack
7.449853759787763,1.5805045063621392,1.7051804685769856,5.734263864465399,4.306044732281458,1.1115054397689095,7.283353495056485,6.989566066520444,0.9157577976188902,0.4865678698342779,3.7881332202355567,6.32934191539351,8.935675180448024,4.34505573117498,0.8410298712626307,8.40466054817811,1.2489985534479553,6.373912902599024,4.1345339358801585,9.095701335786014,7.049109107077214,0.0014259604881772248,3.727619386105401,1.8030907782636019,2.8353150158022986,3.9895576172330225,5.413851011981128,7.983816847047679,0.8642823504739694,4.411033673764723,8.507182183831898,4.321802367474805,5.192950055843632,7.786059627648165,7.1289442352743855,PortScan
41.598463578366314,9.309147170721195,19.090288333257163,64.42697049810056,41.38168507354592,93.23450281354555,176.4706998824235,34.510414288983036,97.70820738535463,3.957419905903856,22.12613878368285,84.79118619123787,6.320949901817384,24.829694436467264,42.67886147021386,216.01334203175531,107.54715877413781,30.035719715896146,32.97360699969549,2.7489986112394886,5.40202767665504,192.8571292107004,11.405553947036303,68.15673514418222,6.858832529370755,10.106428103830416,11.421290827069267,9.861291637131272,11.058097894579912,26.996505510424157,116.56080909066988,17.809972598002798,19.281497432976437,11.137649863150525,50.34180716556123,Normal
35.594794643012776,436.32162671043363,58.92479990245103,374.01382373231735,9.532573970479588,261.3833015838465,8.244474859590177,195.488193898327,92.19345514277525,487.05263785431424,111.63799815598728,481.68975221154204,142.7435352531836,13.832951431824316,51.628839422127704,119.61326709181552,572.0629917038223,55.771150065479546,400.73721829497055,225.14361007062496,346.3743473194109,141.13977969352442,52.3964720615192,67.82211767634463,150.4172913454714,323.338925411576,189.17155738244858,490.94763082563475,1.4905465313065556,18.101512787009163,132.53840864854524,57.59402399489064,266.67015745592727,107.89158505784246,371.08312201221815,Bruteforce
48.4519199110672,225.81431677999922,59.15248912772384,137.46628578212827,133.1972021771712,44.411996738932636,107.7253967763599,248.3469729881313,223.59113670947593,91.37852349122942,26.8007260407298,31.498010830785176,154.63196130661592,74.9922341107996,76.20067263688962,5.565502909995266,29.626291799006964,111.6395752943201,28.80445309808286,16.494167760725585,39.70527146913089,117.02121438743107,119.70648060907632,79.53124276023551,63.85666556344576,205.61390992254954,186.27579795622162,53.68898170474373,216.08209402239825,238.99144756024572,107.9747153584447,52.714195614776216,76.34870088066398,30.500011359241448,180.1741074121708,Bot
47.95145105082923,16.09074198356843,452.35552722753647,53.10482473332928,6.064350185505039,75.67114695087498,2.181956111610118,350.824988294639,127.81264717039271,10.024605154113859,37.76692395406221,14.418668389829442,25.624529724008525,131.5573108418112,55.37112359959132,180.11678678595922,33.28110553819647,121.63374796730457,32.06695962874592,63.99728376618299,9.904735789371404,5.730789404874919,21.21455619101434,169.2256782538342,117.5443039197582,451.3071394104456,331.7504442662453,3.501800055065316,326.5129408517251,22.400535287251987,20.45141771606346,91.15922136924368,83.3523123098834,148.05219493058942,16.82275018188532,WebAttack
69.99142994471342,48.316227954641235,66.84025217540344,36.487133755862246,28.77056704338214,86.60386642512351,40.62169774508425,38.764948722381305,319.28053811252715,115.81747837498656,50.77524834951318,110.85638621959137,179.94777992504072,395.78207709093846,83.52798595873942,5.799786936665772,71.65981697945921,8.599217630090033,341.80908393033206,15.627618183348336,7.139342779257863,231.13207154339514,57.688610914716655,72.13618437423627,58.5200189335807,265.3742323798009,87.24977580551074,64.28983924518529,11.330403768037698,292.8480622854924,26.294839341444604,276.3680214867347,4.937384217213469,204.25372972785732,56.129934381355774,Bot
5.2749963946112945,4.54122888110969,4.572141715374382,9.177129274501546,6.9464282849980785,9.457314762763282,3.2953200611089906,9.938938885103553,7.0766445105306675,1.3131020659062342,4.129431058347989,2.4866779907561396,2.354593478350168,9.295528376576222,9.599494941203847,0.1416670010874721,1.380367387503223,2.7784518497125745,8.47735340953215,6.11105748577191,5.65427720041853,5.982743571038242,9.505870200292742,2.7579043874504228,1.233221091447635,6.078153681673326,9.688690780540622,7.10004263342928,8.921163612075109,8.96189845122646,2.192570908912094,6.855984557011864,8.622208919839473,1.0134088728801383,6.514782929841507,PortScan
281.8548926568234,14.958754925630657,224.11367075536316,143.4324127180225,126.71353882548114,416.9813230560528,77.12368275571511,770.4719082368297,142.40235098728786,16.009854276085427,19.078334438273544,344.809828079409,290.4665649116751,240.4939154017055,18.24002755520202,201.90693008759024,1105.1751135657078,287.04308630063804,57.456068224932466,299.17344033157156,14.246996461169298,73.09177211672136,476.89845472817336,309.5498358527272,300.4172079094422,211.19817553279682,405.5488690793834,68.70051678403318,552.450868934469,310.5547508557847,17.677716907277443,335.40377478356345,167.29290198090888,163.72327496327236,340.69493503575796,Bruteforce
6149.990760372184,26.011090160344164,96.03800781792293,41.25762843275003,225.91297683331933,28.15146196827662,1135.4596884829768,3930.9789022033233,66.63673386181523,1734.8232565731728,71.0823334493656,1966.098916342618,3400.502641376244,49.07174391904632,543.6095338356292,11.289567151638586,7.533124067621221,13.92022850984517,1912.1906282879281,11.590788782872503,7715.93538407835,23.41271112756389,611.9410050760418,7487.460379199513,1580.8261531716255,38.37542232749369,720.7941943861473,2629.5465688133345,4785.226033880935,1268.832995413237,11.011244510943477,16.36346057723548,379.53840753302933,1562.5532227069536,228.99220774371497,DDoS
115.68172081152797,127.67750540403897,261.20151460972767,51.41186953100634,743.1877208421056,285.50846922499056,89.54375120065217,1.2779201071269244,79.00591754571576,245.19935505727562,56.48356956915893,40.29371897635418,332.8208177405376,298.1531670724284,565.1700635377305,44.998055388129664,255.56409289950898,52.43515000524941,436.6089947686714,498.5280500714504,226.76759316445967,11.120920307871536,159.262619593479,21.15941818751606,14.882640526540204,39.06343868546459,315.83299326657124,115.00093417302224,576.630402142163,216.7190865617926,59.462489131466434,334.3917000818297,43.80287612254835,34.26906761929496,73.54925594090145,Bruteforce
451.7314104476515,59.35478656752918,11221.181423416374,95.08909996913172,113.31329131991181,774.4493990698829,371.2732484875635,1118.0286488281968,26.47204941072178,3642.3510668875465,18620.672821535354,2282.6220775950446,14977.309355748737,2.0517739559602286,6191.47890136483,187.18715498558197,26.351861977005175,28.9821988528568,8491.06195794367,54.94949985227265,3300.5387600077656,96.62137977004362,2746.6349167614267,5140.457794858015,1119.5898052117268,273.61387801740733,11874.842721201427,2653.6444230613947,694.4466278693907,2413.5286589420994,32.28762292767261,16.26378926423584,82.84202614312662,2485.2447578515903,92.227921703125,DDoS
2431.548742611131,162.43023371666916,4505.00620208901,64.09006365954161,55.32465375338379,383.5739556794852,8757.566894544245,6740.600094322712,40.037488670016145,3228.8364980939173,2476.6291125778516,18237.5220548872,15986.714425884478,105.95169010497693,14628.16959692616,35.53118053508703,124.54950338296035,121.14081087391484,3664.4445456078706,40.210790888216344,10243.220545378606,180.35168419291463,2833.928021783597,1087.8990752638315,2183.9874283874715,206.79825295771002,6995.59122149316,1821.7603136613834,5661.660594165497,553.0379700233439,123.53592301355587,48.068143150873254,123.26813309407525,5836.116870912627,15.255431194614461,DDoS
7044.43307654644,6.319354370193854,6106.9006737350055,270.0548555037535,652.3110330914451,126.09224058175089,125.73751885485127,200.13791789042475,165.77897469986698,27022.442070205936,3065.014181822898,5165.776420482617,1784.5328135233005,110.39314215330303,236.99919440769406,71.6906140247899,297.25849194320585,49.92826709845776,1291.9885191608544,228.05780836612306,3331.298464267724,201.77929135729258,5493.794501570393,1725.452580688064,21880.219581059257,19.758876518440218,7849.767294912034,7176.392413731025,10766.810423728877,1660.5721174472399,26.4934437969087,154.3568658410754,18.018664851236554,3979.257114085148,13.251222507386476,DoS
196.60621268386964,25.433010249474858,27.92055069552185,10.436184633616849,75.70685294651223,94.68515598658719,130.84345204346818,66.04390130843963,178.56257597140055,61.93825758952766,26.519240273493256,25.395057198020627,99.65337575956572,163.58006878427236,411.4605739235463,187.79221918678246,843.0935644292823,103.46534752663857,142.07003013351803,93.10399872062844,3.335260920043375,177.6553325068186,68.04797521983804,288.04034901097947,1.0079770730794155,226.55563323547213,60.20464069867367,51.94408464976831,27.291289555017844,246.70243990931775,25.378164374884754,337.40915896000325,30.47212046428221,115.33161040372653,67.71875772828203,WebAttack
136.99649896953898,77.49050695082765,143.11693952857908,94.69427107111174,21.7872491298971,464.7217397333203,24.090566550050735,131.17385953767445,30.48818469197502,129.82612988524588,127.93631188666275,110.9148015293518,484.6853577720765,36.408876553462015,2.843664161202739,35.05880209836691,49.715834541428926,43.01366252969758,230.31367356560756,270.711587956212,80.79070348201913,211.25951253946846,81.19543885510465,174.1898527993926,11.859296410372803,177.726859189122,73.96435474992417,474.04492525233263,21.744174081448914,166.03676250013973,114.92293310904861,82.51428500669545,27.221152499011353,152.8579426532849,18.861393665911383,Infiltration
3600.212695783093,19.927956542313133,3968.659110955016,35.57505634779501,9.00033087966669,70.1407286217318,6432.523175158579,7541.676637497298,42.22654183142846,5654.370473758418,1006.1170028221172,2102.3037781487483,2820.466365599778,99.34859271997738,10915.827705604075,161.2278505096676,125.22323094496906,141.64438569996523,7320.993868650187,20.222631045005443,8007.074565050469,41.52231858750595,612.8053858811676,5594.480619028265,4979.261794149891,216.50789645990463,3063.4454551737617,1763.5530266384508,9891.852054197894,543.8619933678465,19.06988403034118,80.33375770579603,0.37610936372161174,3117.1856533400723,112.4319782073272,DoS
10.529675328053356,142.3683137485114,2.7350200570970915,76.73086925744047,25.447867079779257,37.504912590178,124.79591970490458,27.294488410659458,37.79881218930573,96.25618993867485,17.494587985856203,121.97884977341691,188.48519430233267,239.19038717615112,75.25727354029739,25.16974449188843,18.29767877156855,17.99862295069134,3.4319357337306946,134.83509599293845,66.93643370165448,218.85315768726477,12.756734174028871,304.5066204915077,57.48958545789923,11.718970854334883,1.8723117292873854,22.082453138678932,189.74854308085935,22.04387554889162,122.7728098814762,8.096879029524159,58.309051660912594,98.11904165851917,174.87270365325188,Bot
61.472363110415905,127.32343183407686,103.65461392777439,228.84944928646993,18.851264094718122,103.26060178666677,42.97585417754103,71.48215656743103,414.4518360062226,54.11514031446735,117.90552099431564,64.01887342090072,19.64367588252756,1.963706771170913,155.97364442991727,9.562916219769495,19.624911020037487,91.30479708067713,37.342509890997995,61.190773974586484,62.57261756784981,2.4159700509180015,220.65463048385033,405.596302988449,68.45637070346761,41.30588932448107,227.0738724815637,53.615839052297844,97.34493926927512,206.8861293666254,43.07620960177792,192.5767715555381,114.32990122907532,102.64113967084796,176.55835845073491,Bot
43.657266486931825,102.5407968167079,70.39364410258126,67.6542502860538,163.6528426606686,2.069336059935069,229.40942234703087,134.92154867718318,358.183865741616,24.18066971975623,66.73665923237388,41.31334062919137,71.38444757657867,77.15845002656508,79.710524444412,15.643972376961745,240.13499323196572,136.20110145343753,206.45840825051116,6.014516011642232,56.70740341190055,38.49000696752287,176.62143585749973,30.251618181023115,100.79849659085731,83.41269443038138,71.96095056349006,83.32557298213084,96.10996719121718,136.1088141300679,22.97176564897551,176.4962599840287,22.78336810488716,16.967027983254347,42.57473268887003,WebAttack
1913.0468097596038,108.56392261301944,6174.896120288551,193.5918141729461,112.6291334449004,96.34632290339701,1322.4245118070976,922.1120034524439,121.76738108369089,7358.618637704541,254.45108356091404,1134.088390091512,3384.701121894046,90.92582277453506,728.2999433478186,175.98742094536496,173.32185452008412,52.25484268820764,9395.388138157165,79.15207063193739,1911.5473454915923,9.004957442643462,2251.203392143297,3133.722159495564,3873.5559426017353,154.02370282616724,1321.018801123227,915.3668006610911,2951.9631448847413,2473.460677110868,30.22000213922111,80.88367817096747,22.05228084006033,9262.72290206483,112.00049911311301,DoS
1142.905122580371,415.5213394145319,2427.128266675504,85.65317118831858,8.327258554632397,54.91508986265843,3044.3678472335127,19314.205638938467,199.4464470193727,3664.4193309621696,9709.36143631911,217.27411520008195,17753.564998612386,88.81861088719926,10181.674475055152,74.18907278791221,283.07566428892693,149.93431670363174,13407.353268303896,136.20223354503864,4614.873221744788,135.30132074272717,7313.864347060904,6971.550706668532,12574.61086090956,201.1641138488638,12724.162625247238,1903.1244395156264,16953.084489172117,3293.4366823517475,23.635044685809703,21.09089754590326,61.55576154787808,1057.4188542398508,46.914175686434,DDoS
132.21804196086242,394.0926382535413,12.7299377441692,218.93441142829667,134.21721005799898,40.16782010445807,537.2142151846765,385.9349999108848,393.2909138982288,81.62387119227178,175.8782342336979,240.4332735099569,159.87182494210722,200.17886881416675,196.9474451826039,114.98780466611329,83.86766715974801,83.92809022561487,33.753505906888826,347.5685551035719,575.6087663351018,142.24741480731328,152.3636211781498,1002.9206027826402,378.5607830650755,294.7696131938284,55.203400185278376,305.02847899242573,20.788372064657736,48.774316400691944,159.48410090777634,78.12113555053614,108.20629907534163,90.01923818762553,229.8511994385601,Bruteforce
38.739339938227374,205.60410009395994,97.67558567307722,24.024056534370246,126.56694938769017,102.05468597014853,12.148152520557076,3.7164182781333195,33.63853078619765,93.98826634424745,29.67168789232348,28.743273445811617,12.050960245548593,1.4526141151431469,17.404618669672043,187.19845595684652,12.458857774414994,16.976082634432753,73.43376068148855,44.904037217957985,15.451884178404002,72.4933248166431,58.928419173465166,14.222600532782042,85.80533214953368,20.897857054728046,74.17822571222739,8.971526544217333,24.13357274885588,183.52738103378107,80.41378185271424,16.853666430853032,16.17471675481407,73.93780524831605,35.56086136202401,Normal
170.45200353422268,782.0967536069634,80.7942153525928,237.77751845850733,883.2369196719993,245.8150961093939,59.36155964764118,273.3969629517474,194.0087764781088,24.768771960409495,74.2560150366948,15.456923968999837,46.618467623688616,97.44092489675597,7.863720497951661,170.90515337907672,50.12302265791497,164.17552647611956,236.48094810237978,155.78971604085444,173.9362593784235,39.45702344456264,843.2476679261068,74.5531670035068,60.094245638733504,452.59956223475734,270.61133735276684,31.092097235431897,12.050602793835196,76.96279887083149,769.6462602264799,312.93844955370196,141.4858737585848,2.649879693082199,85.00326606019141,Bruteforce
22.311067843730747,53.515225655637835,15.926508967756641,21.8706596667193,17.887484589199094,43.03123163285958,22.207723198620492,30.232882348753833,54.77804838019844,0.9469748060418282,71.48670306839159,13.89226455158993,109.16991642769858,87.21256508221896,5.631746811596059,12.168019829023672,77.71571022160195,9.603159457054913,1.9871006712243198,25.943327333085442,4.846043579403883,11.85965082274089,16.326502838507253,62.91355529783015,25.69791969612648,11.987176133250179,45.51603080023322,20.94840826478492,82.81747451980208,101.30487626489011,12.186619806872535,4.294627661999128,13.571884397495529,59.56094004772271,85.9358472039125,Normal
120.62398707713191,71.70316335390264,151.78595677858476,9.992692862410996,175.28268498855485,130.19426233602422,102.24766318232238,124.02282634247524,84.80789332070081,10.986664579638871,46.26935680798381,197.1741987178377,31.93946436378648,78.78255329161357,1.6286624949838928,143.50305431028565,58.141875965720914,152.39978660907158,112.97127188458897,152.2246095455311,68.39289712362792,82.56041489981996,15.618883308053523,639.1014952301896,234.28321164405315,76.47952922594136,82.90600177751286,33.86596959116018,214.25913231827423,30.01739785427992,52.173803833292055,85.36533309002024,97.90185867520374,0.765275925581057,135.7005935264032,WebAttack
106.7004840535707,99.6771577879991,22.0945507940505,130.23143197519008,64.76788798255998,103.31913862893086,66.70690184434139,28.583979564871793,41.368508996787675,21.656417787954492,6.068953046987353,22.086534052620355,52.765053725886766,57.231258272401156,26.23243130091669,2.5833998034926386,20.967216143674307,112.19893177394104,50.978403956205554,28.824329525279396,7.908191828588376,9.682892706510135,146.19181023358607,30.61377569078142,56.18920070418283,129.24456127719498,59.0214076929381,26.92658529732054,12.297664284674342,9.015944794418013,27.81381109315648,76.09488491802611,25.83855489185698,7.481699459218715,84.30850939824181,Normal
5289.6378490298075,150.2083866466069,14236.494264624147,70.05177414934889,11.200030976613546,50.23621084514633,606.4020471850588,20726.886176280255,11.869469030088986,1359.5847443046077,4868.0194173199825,7213.445434070607,7687.603288942007,92.63994612494734,914.8947375264268,57.82984838099176,242.672764549333,72.49739066763306,70.5632170602717,76.94022367490828,142.02319357287627,87.08503118246124,21163.439618105287,3548.383424051227,4666.985073940694,137.87240764417916,1618.5886106357195,533.7726719129284,5142.001096250673,2062.3455202769037,88.48298752589153,41.3958347367853,243.01808981504803,4125.8719402160705,94.11768218628855,DDoS
279.03253427312467,96.77734585591587,73.05632302357759,84.25195706145936,7.870390279788245,193.46776030733787,55.206285009547706,162.19450383282307,47.56818682073785,64.52526948595884,65.1214001227143,2.621356302755964,40.497301325801494,7.930183628243667,358.6722537042817,58.610348284972204,143.1138672334637,124.02611014482088,71.33682154343606,158.74540214664847,173.0918692917242,100.43917023439377,14.95537837919063,51.76832268026792,33.898921591170264,331.50861150762256,14.3318270587878,102.7748976078142,169.1310425099208,36.43650573881792,3.4400041055545936,36.03271136143199,54.47169015974305,23.49265322189467,57.592180500109194,Infiltration
194.45759061873375,227.17930889956062,101.55370914660394,413.3049506706398,5.977508926618494,383.69616487104776,153.2566193509213,228.36125812047553,729.573505119831,225.46153257404094,209.45848865629029,89.3997519532664,35.21326917804745,75.02263391566247,511.5325946686802,854.4592055155905,127.76209535052077,60.06463595532915,125.73550000604885,601.4631953258355,14.019545968276367,17.84852099650785,125.2495779730992,376.4377493947542,664.6561257724655,311.2656469094594,109.27433518278701,69.15300525828471,194.7369414148281,120.34110879722721,107.84004297224268,572.8192820987471,64.2021885649892,455.80393316522407,189.26352719384496,Bruteforce
0.15388836252816507,8.605696649277077,5.2670379301262695,8.513318726079298,6.178421260483786,2.0066638173038633,3.631609510114031,4.172581760429001,7.397259866162611,5.481731924581585,6.365035066058344,7.530801693984454,2.7386132475577654,8.819917982631834,4.532769499648717,6.611218917537421,2.182022987107999,2.333723599885902,7.349894035365088,3.5040607674233435,8.759577677491624,6.64747089635383,6.654289181173523,3.802673043948407,9.02670319766012,9.446394647730155,2.5793924963566806,5.145625708216337,9.069318474651926,1.012805450933555,2.9757899856056613,9.544265185453963,4.849735882325059,9.51537177908657,3.8016827868005345,PortScan
2337.6725344944634,36.20125097634415,15705.314499539074,86.1854812106174,172.74316818742452,68.38800647866346,3002.532445536024,5512.628457303781,155.32397669392978,5462.301236200237,3482.5143883345895,2537.104615369823,2162.5735540878886,6.307302749078898,5756.142899098287,94.56933532718664,30.171648763809422,70.41455449090644,6631.042568553585,51.19132907118195,14245.71936870671,18.555645895978117,1704.7388305941324,7588.369105109802,7399.357834037462,98.48191121832063,4126.189562085979,1092.2859023123585,1326.4506569080436,3391.364265686425,32.152201721235194,10.093183577046517,120.95454535540435,17147.981469542054,55.055330988378294,DoS
57.558652576152205,18.47128679470477,84.71523502772314,5.094829637836753,20.008193117787155,23.068752948462265,63.3617047899797,34.3170751692963,105.5726612107993,70.93225644252222,104.75306269090885,132.49693904809538,6.085824948453021,24.37587504603907,78.29095493403048,3.495755174928028,24.226144193471125,42.279415516698975,11.541149423417052,43.033275118257244,22.18835815154373,4.599022751151152,30.409806388324668,79.59473653694683,6.0661087680507855,10.68274879659026,26.72004913206838,30.717214800028565,21.34978405866775,78.81891095460396,25.09072349498304,180.34796974317345,134.6223008433008,35.58207388987382,24.904674994530293,Normal
166.7086001535533,607.3152780947208,471.1045085120709,262.9915531528244,262.12169028308574,498.0095399045957,60.11616912752831,254.27704964990693,332.80170995900005,167.2077421285217,4.4390323798047655,100.46328586463544,466.74728819466395,378.5767967309525,234.94335782556948,19.819545779035256,153.41602036822695,148.70708005103418,9.185530564173312,82.37448869783518,169.0789523415316,205.73011584017368,278.84571709374706,50.71678055126523,214.55202437067905,92.26749951142327,18.70659699537898,131.59248615055782,225.1700914782435,97.66694231372253,249.36753967370788,198.0635381886843,63.96965178060455,13.506046753091963,200.44230751722836,Bruteforce
3.497257594361561,0.37661766667371754,6.821943249348869,4.174993138872688,9.473213849455798,6.9128993479220835,6.019405725718521,9.103223230657058,1.2966227708502231,7.834449794834217,7.298047281167795,6.732509663172851,6.380767792628962,1.2437299995883022,8.140433746930501,6.351540649271672,7.71472979020089,8.760900871277574,5.424259842294892,9.568852369177623,1.0920138040203409,0.040378654010851944,3.299436141380582,2.1655009478001173,5.53609889274472,2.8029539642866097,6.8813763637815235,9.453285044697713,7.692564643273458,4.20251851632589,9.855029377705966,7.711823857667644,8.108815822338759,2.0474904648709003,6.868994658414427,PortScan
279.32072568132986,507.21132535168545,25.296512215457014,97.03420146420582,32.62450771389666,239.6215832815504,40.615016969228456,142.39774905103894,260.7607784147519,156.9809151115027,207.17040399660237,10.641361183499237,129.2105647653792,79.25861745220193,79.17643277444422,193.8718010601985,270.68405463682933,63.445255664340195,255.38371402852155,279.01621877458064,26.05413238093594,620.5241473264259,326.76286550539777,488.2166397937179,119.39575565905874,58.34754090849139,9.4670280455003,340.5849766271303,720.6431742870128,173.31304644609546,118.43827450398055,206.67040486287829,18.23691819607249,47.83557692935299,159.11669607016992,Bruteforce
221.2219231187151,250.61205556121683,537.7685323181572,829.3782074822655,126.03762125583577,11.91832379414534,50.972980428908286,6.727524602240457,108.47529372532033,19.99367848075227,529.2516034253631,12.190767936568529,307.96223922888555,50.664171008038494,86.89079493609893,323.5562643629526,5.891756534246365,35.20934255114573,125.34097597905635,194.16296638485872,127.61580440619255,146.35255665537815,237.25476244070288,7.4547917848377425,80.05605907241214,121.03979031183907,227.07951609757012,120.72970825526532,100.88628081288584,65.99529899727818,151.3824140014685,39.42285297807807,16.119175618269967,442.6583354773019,192.25468309554145,Bruteforce
307.96671785851134,88.71844502591156,144.69634848612037,126.5672508991121,37.441008568038214,116.99168752359601,20.92239409777507,6.645057573823488,22.154065516424048,96.41538457458903,47.45870535050611,64.10402226958506,59.92704170700838,59.05186838828429,136.71618583851114,94.04305863344915,348.2055736578883,62.62010140103244,99.94633023903762,170.92708164352712,3.206144568766742,6.336137694055674,99.36677711500931,10.793036953593715,39.85552328819508,249.5807204076742,256.1784949232773,7.205718743329337,58.953414198950284,78.46600704134333,203.76516858909545,184.9924640806465,69.71070509263878,64.16519473532263,48.19443856530847,Infiltration
303.419137031307,28.11934906897267,12309.684319662329,65.39710751770662,7.645909521041642,93.48869532746224,1163.666102125544,18445.33530051448,191.52206248030691,17864.989935571088,6789.014570496081,1163.1429984059853,400.6143642821031,96.47801077423428,357.9334065005263,506.93685861777107,51.221142293115705,145.73136062735855,3537.662076201843,100.70693563852828,5304.8473158869,306.6521537814711,9184.83323897862,872.246593627876,12221.302702541076,11.74791963634943,1302.7097874920046,3199.6075599113065,61.21245848499849,748.1966187348573,1.2475863519078234,46.9344102205681,23.974163904999994,4567.153788132058,188.85771085255087,DDoS
83.59907737017718,238.33943849825374,158.97229750898038,14.907615310123598,5.147440886522766,8.47195929132092,309.98140031220106,1.3452045509541104,6.32154493169826,46.903003071068646,33.69353446265566,10.34090008384375,135.20705661318638,101.31626623419261,87.97509067616667,16.60241494784924,28.1194344900912,22.465808015555126,6.640013583466789,50.21452809617048,46.73158210500175,1.2054206073640614,209.13605844509115,253.52966325140903,6.352034382854867,309.1814494059476,539.5081875450464,129.5464980397557,17.999191149871226,252.6564880584663,0.10949345729667222,81.86148871284827,221.90003373000496,134.6036245257681,6.154706887301422,Infiltration
152.81480099781407,6.505373046703225,136.52493911614116,174.81173195246416,25.52138545171229,95.25388409184968,352.9665435976068,23.066888848651754,107.10735607156623,28.6473709709242,82.7211492929041,63.261891319718465,93.24467318940857,242.2068163093087,117.82288345257521,172.27877502385323,136.03275016632307,94.41181092025795,59.04409606961703,137.52432337273706,129.59856323812883,95.78481670938443,207.41150430843254,349.1534580283803,365.81837132515903,272.3041416668371,25.74784245028824,214.79525705140426,90.91804766405942,31.49815555607743,17.393276446556587,299.6177309398796,56.53011117804611,370.61946561861737,91.68326652680476,WebAttack
10126.37387030574,85.711892399254,527.1767375890169,4.395353267037533,32.66389532624848,23.335061820250612,19581.58650778201,6809.597648770964,11.798148009788349,12192.189446417668,5065.434977105705,2592.928930912914,1289.2599499098562,179.1604803377944,5384.214066720157,18.98887389214531,181.5580544909591,388.7370210297051,1002.674462302423,60.61896614375774,1011.7481270518749,229.0512642373458,928.602339163213,1000.027634095088,11627.219486041588,47.169649569419434,13174.853843937057,321.38852722381915,6734.885970701319,6112.435842423237,27.707697017590505,6.870144697867356,1.0280086746833448,9013.630056971682,255.5302782456419,DoS
7.271225917233025,2.272445763385801,1.8090574041250518,8.371009142205907,0.3992395135105298,1.1428011777680736,6.728560795241449,0.7736699267712532,5.412453950592985,5.740528183577376,0.1787149322306958,3.771631807989202,0.2853063743272033,9.66885348061785,2.1532171488504193,6.897100282719353,6.73765625058087,7.722318830185967,3.3532757818173065,1.8439800682868435,5.305022121919936,6.943367064807457,7.553013388756566,0.48915402214950054,7.526597467311449,1.1243225432953796,5.246458211574954,5.554110557758692,1.2705019288690322,9.639979257625011,6.3801641830980635,2.238914438436228,0.508976777352963,7.750234245648642,8.413156418663155,PortScan
4.763118230773897,2.1420831992942824,0.1757462131394616,2.0539983560064123,2.8126996187390874,1.1811320040476425,6.69091036501902,3.2607771991656964,0.3024558529840715,4.368774322040646,7.843138456173323,3.3974785252626716,9.023316718435405,8.527934035191745,8.893783582476333,6.677899038533121,8.065953156184944,3.889751068459039,6.932190306824361,2.2390063097504944,2.0471875613217594,9.436150142309764,5.488170785186641,0.716775649790351,1.9730102139317784,4.613394214627804,8.45892554606163,8.959531759845534,1.1345773337627951,0.6202860189614379,1.2168818594489628,6.713951925878322,5.3282951872021584,7.378911179359812,5.933598476524572,PortScan
17.606234684780574,92.38726845725151,52.87144824173067,69.6408203898635,94.0054894466172,154.42735823649886,125.97312790914587,30.519435259181755,370.77825719582506,45.47407818802522,19.74247814934371,25.05234474873303,0.4352086661080206,12.643118348171098,19.139773887883567,99.62659681485478,191.5519699286313,3.427141755227412,128.58638078111238,17.89183761071717,28.23972077592111,693.7894612237181,103.16075361825476,48.36037004590249,172.33365025898428,4.910936817599736,384.98167637767637,17.137351027751905,35.82734477720408,90.0723081088545,172.83781694341914,56.34349331974518,137.94036090391972,29.00319493677716,24.187264421336604,WebAttack
78.03066961309419,199.58836023419815,57.288986487599345,148.92406982865117,3.4476278203386412,59.75055153972887,271.26755669662276,95.72205334637788,125.63599232760367,267.33115985720747,57.950796500811045,11.93573558421688,94.71284501552665,206.06944511832802,169.30033036683727,328.5714638565422,589.0561415920231,369.5164226780158,46.2281819676209,292.50356720529857,209.66503566752417,137.01562163834774,59.13993349136311,276.2690940523468,92.11545582570962,0.2692348588579782,241.15288813854963,64.83086420485297,371.33374510596843,393.1410096544656,26.782347939365415,324.35195669971165,86.14700058038476,65.49799783631653,120.84589522043547,Bruteforce
172.93191984972012,42.65585430716227,22.870424959337658,17.66239575064678,96.78249981614827,17.86052259557407,56.6152835491067,114.3277102267336,129.06267532119801,47.94325584990777,4.71631805683511,45.11480331657338,54.317312016659905,61.90352916264008,27.295474671539665,420.6626290038748,138.4234371746549,9.376355712517139,8.464704824408711,59.75624722698889,160.14401978278764,8.66724938353623,161.39451350124602,107.06617012465985,166.94079965553536,172.89990155035667,138.69052656871253,94.60655567977417,209.32517620256763,100.01372064924881,85.19495597443652,75.04019641154717,140.0369964455315,34.87297906796115,429.3524039049301,Bot
17.263542672993577,5.0935113811368975,82.69868697887888,189.57494931783097,54.802285527462615,75.1137416008359,49.16778277619741,32.17049347823165,34.230013725623735,4.266190901586873,56.693168452209775,16.789269521872857,93.94968403677646,42.08514956424355,15.180583906159157,15.414966276975987,4.256091204210755,50.13852245036179,22.979320899235393,2.2540006876034933,2.986931751144876,46.28046885671861,30.060509243695233,17.6036442085968,9.532906481701367,32.94389542484923,24.0055516578917,17.924140097586875,6.929032314556127,110.7489376353278,134.42387587173366,29.231900976194265,37.37068651452791,33.7008272539058,47.01780359251509,Normal
2795.8020459155223,34.748580463089006,3056.9937035885637,102.37669326959471,20.744122381525624,11.212699647513674,3715.8640246232917,12613.824968868717,47.99463361403848,3017.4458400384715,631.860780978063,1703.447491487778,6862.2298972790695,241.96591157289836,2930.6476142163256,5.360253582562937,17.035014949400214,6.757663220757213,3811.3619765361464,333.41111163038727,2378.81373559137,93.99853317960844,246.18161080057797,2407.2193947178494,2953.307042852245,45.92389808235867,166.32175598474197,6070.205454060404,16033.190192906215,4740.865027208345,71.16975917668185,30.686722490297587,145.36242295238324,4746.910802431776,170.6148954665395,DoS
88.54936846142861,16.390584705861507,12.83868406556985,53.33717708603554,138.7049674751112,27.513853705648923,26.49474705441792,139.8588330651444,137.20403472938384,427.3239622347232,216.9928649243714,64.95981909485062,26.086364747606172,23.793552458730304,21.69136076131899,302.5746268120687,15.196160369582183,188.9319805214373,214.81148252594676,258.4191939852929,33.92358079521722,10.637626806646471,214.72398373188247,97.56196310713334,134.31702826962345,198.46533869826044,81.9655950481747,22.15968957186383,108.77754201948898,205.47563567660686,163.77574419470446,92.1349299884425,66.57457173853629,85.84819658354263,169.83151315461143,WebAttack
8.968103852486612,5.746207546319781,6.540396631625396,71.11027996022744,5.951896649255869,300.9318327779865,62.33109368572526,60.631556081730956,178.56308096218007,59.008944246082265,20.431281290500316,104.67989831435662,3.303251705341178,12.046728821786822,84.36125936772154,1.5736810148726157,75.81055529792748,191.82654192197222,426.5652888648556,144.68863904886825,21.48167243556242,39.91717711057732,30.250216762957145,32.528550246353134,107.79201666873253,181.39348202329813,42.240405718151024,1.0512420065011328,31.979424637606336,70.96433918756229,23.7759584307888,42.49585018357897,168.43900922780225,27.457058787758015,62.32516738202979,Bot
25.14136396506489,21.70678097349676,67.11956338235365,13.725170947834062,42.78696535492965,13.477982402505036,85.72273994073109,33.5172289243362,65.58422056881295,4.450420385874421,219.32679030485622,36.74853451293907,23.143511520358786,165.45023972802386,11.06236014404004,25.54628010553636,25.653843593437948,35.80708763305825,68.66464792862797,41.28417489658804,22.470493080237535,13.493843993110621,167.2892046690367,303.9671730105794,18.752609191808617,14.434944041519483,207.04700783774476,188.6629134504722,25.105576520976225,27.710705022795533,22.510190953815705,163.71717521543954,66.68917596749398,37.64791777872871,5.595324092244008,Normal
5059.37093063064,25.1201256424891,856.1692106727652,60.23871381064395,36.507664802268266,77.68107706131732,3690.5815295400207,3913.127166313849,60.348031240237475,840.9709663801726,7382.4779418769185,269.61604515975006,9476.378373872794,162.75091007882565,7383.82738860669,128.08703854282638,207.91641102072055,230.77252370177223,2548.2600756189054,361.01584284842454,2904.6603344705622,19.501373792986083,12590.455002787301,1110.755134247147,495.91229303669286,271.62159723331644,260.626424288152,7658.669058610788,23402.988463604823,5841.803935860258,126.40005386784256,90.8764666289457,49.504571492406896,1385.5155707999706,430.4035167319868,DoS
2.1076664654195207,113.77871945557536,58.32605280760479,28.703943990971347,29.00495268860068,14.720993775446283,24.699382823199958,73.4345091782323,37.34904754557227,10.830325892414443,62.80891928540863,123.07288304237105,0.956603011664928,2.1414513873411067,97.73716795418682,15.234853915691662,36.42984977953733,43.46207216134655,26.96157547985343,45.177233894898535,19.209808744297483,110.39954942944836,6.220331682267614,39.56966439200346,60.85859673450119,37.63593695758789,24.983968560631027,30.198457440684383,9.884628513470336,26.377022493129886,34.78855449677831,119.79739694459542,45.10488958372218,44.275664742389026,7.265739006657661,Normal
193.4761200759616,360.3390754668718,117.95000926334104,447.0133848096877,53.14730654877854,1.8703919519855794,333.36610986867277,59.00394294046302,182.91701590487693,139.5083734467689,28.617666017687537,53.6677118833848,663.5887139659422,619.0398979000546,137.69876999820193,67.9678506529685,215.65552091990682,375.0036230771317,591.7482674714121,47.96068172629633,56.97458382685067,16.622286149429165,4.560769451864163,68.68380233478557,16.583249248086286,230.50715718417058,84.18516033946926,47.80967100480636,169.49935536822423,170.8065929524672,61.78329161701425,201.46223115316278,575.058374152363,427.10885639980216,15.021421247231137,Bruteforce
323.6111595428242,40.38445039028884,339.9980680394217,31.023017624427553,52.585140880510735,114.61831323964107,7.368334008518339,263.4023248677619,44.86228619637489,25.928500400421346,6.070699285718191,2.5472436376861842,2.915302521025793,38.131255661682026,36.5137090800512,102.05630209139605,229.001399294263,117.25742721609822,109.04591864915835,55.38399272691571,96.80211269084987,80.06248051710145,5.369157171292098,26.871992220163303,25.926528873682248,7.6858696350501114,45.74260477373813,5.93146816639604,150.4303952560772,153.97654257086688,10.773471950560463,8.61725258069411,312.97328865997935,31.370823840793154,70.4537154540019,Bot
10102.873169838766,144.64786289394553,1772.3918955746665,60.29600080065174,30.60991017209741,72.18886912048698,1640.078635341011,8339.781993766412,158.92394085250635,7240.669434406568,6523.115312098097,653.7928534018187,554.3337855719553,266.7964713408587,11037.207824378684,91.99450603325278,59.06895267020859,73.02597940268714,8129.046987067833,131.16727116480632,2970.489420114189,41.230661718521915,935.8512439915486,6924.53260186376,351.26015117791684,18.213951273474272,6953.053785446022,3696.552876328972,1073.2736330801683,591.8271398497377,312.97058594431047,13.406101124838013,13.9453401049743,1228.3034304758967,111.71139420684857,DDoS
84.6498548297529,367.26865878062705,55.948291119132165,4.949396230631461,105.00664605539394,49.100721514017195,136.2653159961046,6.831472824110889,12.42704074090741,275.48617052438914,16.238131221688253,21.179020605502718,43.367031054210784,122.69421935811376,38.03285546473607,143.0798922413438,88.11835785285368,92.69859571748756,22.831644053748555,178.27148662285236,12.999359447683876,0.08306179899437093,52.74928889809889,47.04685626384419,103.08772239898485,5.430691295932991,7.358349341154622,114.55090449058352,27.642509667342523,238.83125183585872,71.51291839350749,12.897814034269611,98.83011631168895,51.43397166971675,259.478175511889,Infiltration
4926.426479836603,250.8363657797239,7162.194252593953,54.32642268640676,118.42521426303225,28.6285379177628,3325.91724040462,1762.3686628161881,98.77299137197807,1660.3926508264094,5987.2125632997995,8810.495816939572,1855.3915949066525,175.37885050375263,5588.936319804078,147.5360854167132,378.8344167159807,164.980047075822,4129.030544197535,116.20348243231675,2653.091801837762,226.07395841718,4583.538857282242,7143.7940728497915,35098.701404105675,48.288421616202115,6852.959192589376,7664.659018243081,4775.840074752367,6552.369222886732,202.00461889941388,347.72956410849474,30.38765861133037,2979.5153995984197,4.887943685702333,DDoS
35.330584733048134,155.58432734027025,42.5454646170278,541.186317485409,13.031127530348163,11.894359630733788,98.73999681908106,21.1079863010847,73.18220726226163,318.53621046386723,81.80085640628575,6.04842024135629,673.5245518968043,28.250741156556252,149.05434525146222,149.87103844000137,88.06057317196873,1.9851479833904955,115.9640400543012,59.49444162564056,219.97596565532754,10.028243816092239,262.90277793559846,210.54329527944068,214.78559411011472,215.61276963062156,537.2978033511375,22.36151728103708,15.494399935335853,14.90343414293607,142.83853873946964,21.673640049067707,146.5136887262528,159.48126958460574,21.959971828767735,Bruteforce
75.07746745375543,20.739176654665574,43.31093443100885,68.06851460657387,41.509227553723484,58.29498775133949,25.829845693685762,39.542291066209806,14.85516937261738,8.71519654858976,160.71868751195797,99.82827174999608,164.3700826751549,3.4352000500464364,199.39641852414613,28.001011390005164,190.2087497582986,15.873207851649788,1.3020406456653781,42.520257767364846,106.79141606165771,46.32018262745902,9.396549234547463,13.307213430984874,9.292041036217599,93.96442203656768,44.562634692439616,1.3834557590568877,22.984407019412544,62.39681818269721,27.234583079069058,61.595621365630414,47.00438858303856,19.403340158054917,11.47936272940141,Normal
158.0001279420854,2.090807020337987,738.7497243206925,10.61797541415693,151.18737798350054,5.4500537239198605,34.36776803197564,40.10851746654315,105.83729256587952,6.658805526835245,44.95495569673913,24.248179726922622,12.147707550444032,168.43106687134724,48.1053192296313,9.803101949326702,57.306747938769156,19.59062118466847,0.11048458009492534,11.004941194774075,119.51520043158456,0.17361827096279092,47.72821228521001,70.04496130916131,29.857561829800698,80.48646424148328,182.74022241538015,62.59158847687486,58.73030373434314,15.164767118159444,63.16855185327809,231.91508987866948,58.30359787072295,72.89844249422187,287.6447600222137,Bot
320.1652325135823,0.8585781336326056,17.849315683049323,79.34189468541555,82.94430798097282,165.68709935945486,215.38402542566178,34.93598659538452,125.99531878768222,76.73592373294179,84.21240657138168,37.69738803012419,100.54095418859265,33.66181920458408,17.4565722301377,33.46791635864118,30.566563638304917,241.86759976907544,23.898517974844978,2.9362024872135084,18.413807227662367,43.813684128727694,149.66722171157718,33.723289837103465,33.41024811336969,4.280266562506604,64.08099336579436,65.3129942164053,36.47380081623549,31.711813411180582,176.89953001218558,70.6712517488914,41.45422716268962,3.3208218797659534,13.326965346237102,Infiltration
66.52026592279361,120.20465637497581,40.09869334019123,33.67725469603122,12.658207404783914,1.7440172695537313,76.19240342607758,43.775422807716645,14.841269564145975,47.212445626440804,537.5817075870115,5.25107260865186,36.98431690851998,12.75314547347651,51.81919550795827,215.83598185636933,19.159249928902824,174.53168118786644,104.62527988515863,73.86478920067823,76.77341311919542,87.4031634076208,66.63629364843005,91.74423309206028,34.08238879292858,2.3586137256862996,35.90520077133903,24.373236265142133,63.013546146943,25.75626367371025,52.74758873328722,182.4141631045717,148.87664266677737,121.50798807086119,40.30753139038764,WebAttack
46.366452365865754,153.65861624660397,15.495115449218114,30.562389128954294,21.46156324127845,0.18771861863186404,54.65216190728049,7.289276290557456,3.148016083958962,90.42035416385708,174.17293823886934,193.26200686074708,56.288350679207845,1.0359676334423522,15.232244322034935,79.26404537484412,18.631112090644102,62.61476693674983,165.26151856476145,19.6293728595928,17.044337078127523,7.955824304714616,43.77646101244702,36.858638701099615,103.42045137170051,60.80166617644811,71.82888164627728,20.97915124592693,115.73441245661087,86.70645302252382,95.172051254452,156.53893916316127,77.37329277898382,86.83925827921998,119.64107453572241,Normal
6403.913616876993,79.44913262614646,1521.7612054741883,86.37696929489032,92.98903566049259,54.68455633786565,425.9835803584144,10354.9881395708,264.4981281933677,11953.483071804589,4315.877468584527,1104.0240685165315,3826.830429357202,26.692800007117857,5570.564416345162,28.54822064039537,147.04629283839753,31.010133008313634,1234.6759917870804,52.23537796526754,4017.1745693443363,226.56108255850276,1447.1641949975744,10987.802650689784,5640.440737571273,95.74242634646785,7840.890799832741,1460.8800795076704,2086.170520465935,112.40462758145523,130.67520210940236,10.24050605247289,189.18099978008578,4276.906427597294,142.1335665150612,DoS
106.8659691229066,214.4861123352586,78.02953166685997,78.26439193679082,47.70182886492187,60.8605550150359,283.1019952198819,143.92212513549757,156.97675988046896,9.233176514731559,36.650541493675576,68.01220149434539,40.28385667429129,35.24392698338518,298.27162082344427,78.64715055324996,14.816612748434801,27.783533260661308,7.933497129940098,51.75140751361992,266.5355831548761,93.10496372419192,43.36776302464501,81.44834944746205,120.05209027664745,55.82220034942457,74.63709519536046,239.1058519889059,208.82388371110832,139.72980844408255,27.37491046675161,3.8023261281492666,16.10002742505045,1.1535087239797948,24.550905000672238,WebAttack
184.5823200543281,81.94638822147256,33.80998453607844,34.09604451215893,153.56800174104842,227.13583303510546,22.983474181735737,312.28071987955997,41.40395102125602,34.854787451322736,25.3568558035711,50.697517691475525,76.73318920840613,351.4892986688178,99.95612985899479,14.072251176528747,139.08383781682588,16.925710660529862,120.89772131173117,33.76736567758347,41.70597395815672,51.13556605410763,140.99648062256384,55.14784996492137,344.777386455434,41.35678139303013,10.794931624038513,264.2746009389642,230.51347332382397,44.47248108926585,7.517549260556768,22.909483130347315,84.71656423215734,46.98289515151604,295.9681415875376,Infiltration
4.682255568715597,7.407787703679627,1.3130148396140207,1.2170839705967351,2.2443460397408153,2.3679956475866373,9.623979339150525,1.586084300587799,1.051548054753827,1.376825116362862,2.0291104383999237,3.6871961166171143,1.9715340541225657,0.8780017856236155,1.3661824726527239,7.896680236483534,5.200755468873728,7.45881096617865,1.766994126569068,3.051726831269679,9.823054493384536,0.8566817968915053,4.386703838244995,2.9577061871041863,0.07334470958646033,5.5245187076378315,5.5000530177956115,3.2046063037951167,4.722585592355411,3.919475357780793,4.642057035501744,8.48048566180751,7.139733072056052,2.802446238579698,2.3954099544184837,PortScan
310.70601910435937,142.73343821606028,27.135163592017847,25.88653237997519,80.30946642044788,25.98069555722543,15.185002524075047,598.8827710399489,51.17816247433941,162.74697929021173,6.36505668731326,105.06279682651322,51.48920991495426,110.31077737030908,404.88880505214695,80.382911246627,230.161493201917,63.76527679755289,246.82383368180706,30.6488569329766,239.56299159793778,266.21979450262364,9.339749119304235,6.722040893755132,200.37241402173981,80.66916086126183,398.79880512381044,971.3333200295078,155.03246154722353,189.20517693126138,64.42041389450299,689.7310154525181,191.51100950586076,139.5433699596524,127.29386273757008,Bruteforce
7.793823551010405,3.045819567528014,3.3065904057827735,9.07734338831961,5.7537027693782345,4.003496483740948,9.505577079147379,2.652911614592224,0.21477911859072552,2.308752834258585,0.4412596573596439,4.077473442990075,8.310665585603372,9.751795736538414,7.003209199630149,9.261149092326136,4.085320311061789,3.0270948291858413,1.542252285720972,5.008806993726558,3.2693805567718757,1.0753769672115288,9.319150519604701,1.237038061102167,7.397394119989789,0.6807507135168556,5.271164669865139,6.748025318596173,2.3453448162056323,0.756496485600241,5.933646034205271,6.029068967194756,3.1198249891201835,3.7619335019426723,0.45605765350892,PortScan
33.26625567861431,42.88756298651,298.15712419415263,9.702881192036878,258.2344277012311,173.4875546044651,180.31040770705317,236.7715513484787,87.92310848422723,135.85500015438555,311.64171593901744,3.5479219202193533,299.9608083281292,64.69599518736011,19.216126777346027,57.27121908364998,20.37681956524325,3.571432788312016,33.95763932003106,31.643365941787533,10.545533603345866,38.599840614846286,266.16487278378634,112.2282521091008,248.89716379223148,54.25167542355973,28.540098177851842,394.51150553722715,68.4984996781802,64.74160902374668,42.411370120828224,172.07425098201549,3.825895502502372,16.74950074432435,21.242166750626154,Infiltration
4932.723579677918,44.302188763314525,7927.106413644919,173.26653269531585,13.66952020443611,87.91112959741997,4232.200819578583,1269.3000260860154,104.5810378763985,1989.6200902517326,8785.758406236786,5975.45282557603,10221.582928861651,94.92011400544499,8586.703001156999,11.921623811877756,29.33008959362187,55.4202797407012,85.36231559764741,350.2697538091362,4415.299154475944,199.78819283602985,563.8373875946326,2491.8674288826155,10645.604188507996,38.8287396061024,726.44230327622,4748.718269350374,3308.908978988246,925.1278121620152,174.78919354225638,112.69336405659097,412.27015211549434,1603.6847007422962,151.6538235908562,DoS
3.9606232242718096,57.70255607591261,7.3630690058127275,235.8830200599398,38.65662180699771,54.53194741671356,186.04209802569045,89.98152232558135,3.355414605534863,1.2779649299202784,3.7923580319189703,85.03037208693274,22.943056023192447,139.73126111636697,110.55361132992157,345.17797260429546,95.97835445610923,202.20229991941613,290.62083268810795,88.10121244869934,195.1032100806777,197.27498118495,21.13501249001406,127.57191394090046,32.20490066510545,171.8160646383794,19.012058750722165,11.269533027430596,85.03714612634076,223.0909630244247,8.337047212858229,69.8786497001651,222.89234577123764,41.34542431527119,52.221019255304945,WebAttack
2726.1764203224725,89.99190863536897,7045.753977809139,103.69080184676946,268.4123637302496,446.5160317105217,164.9003650063674,5887.852155606433,33.20189030047341,3713.630375361174,765.3414783725634,2647.298645374485,1918.60861523092,101.42716348297125,8103.757899899807,4.133841249993071,2.2522950897954095,180.4213164726358,2332.599203082121,89.54950706429354,1445.161988102329,81.36142769426264,1939.3236999842086,2141.9595694398035,1615.7116799206483,123.85829569691882,568.5536843203499,9633.960965166805,2214.8296349786424,1496.707342455433,126.66031135729222,401.06421757342946,1.758621467013494,9432.236549239733,179.78521896773114,DoS
145.44845249576127,34.188372140301595,2.9188095579753113,9.233306496595372,30.394506226696507,1.7333134184207184,10.901579578791093,23.406339868765482,71.46459756551933,25.253760556669892,33.1537249804898,131.78713307843054,90.73687353658073,47.63577651804391,108.74996154435425,66.65119543075376,1.9232971557644196,136.97474711365237,16.07921043088493,41.23383303590384,75.52493984745905,22.79523109498047,31.573936546577468,2.7664135542990276,11.18641559180316,6.541586484571675,21.70466825385301,7.692053370791073,146.88159512118256,43.098325232181075,0.3291109893654073,52.95067189620514,54.86723643140926,25.222430312830134,4.781765523874611,Normal
42.54105051134354,12.302583356673455,4.522921147134286,36.463614710966475,28.19129780866489,8.872107403166195,78.78315353694528,221.45265385474215,136.4209588347651,11.203641474399706,4.29803714566948,94.56627262519413,130.56058963834795,153.5987449566101,63.61805835273236,17.786831863887034,106.97313566559123,94.24819620925929,210.43357113656458,54.92823253583301,25.282022809104333,6.580591758748938,26.672149016464207,138.8913249561845,63.909891427510146,66.98945875364929,89.14900316364933,37.68708480793478,83.3504062491895,88.45982197759801,347.8252353650157,107.02068500270867,73.91408907034364,71.13048201171863,20.185188842114815,Infiltration
12.794676118843338,179.96372780240085,43.84504341149278,142.62134478732102,96.84785562110052,212.8607111943184,15.780669132926167,218.66198743767237,10.399798666617823,77.39812798587676,241.51942296207002,44.4547645565894,377.46844517248286,586.4732834882235,68.90645608982638,219.07544721326272,13.359570894707714,481.43549985442223,49.88408457805406,585.0196825176425,136.24763382440267,42.112456828349636,53.71481265272251,538.9905866414769,135.28353682775696,360.2433137731283,187.2930503395583,300.92620639130183,51.61143142993215,139.34124150879464,166.0980677477486,121.35532493040171,127.78160237559217,519.0443887283179,459.5836123814675,Bruteforce
39.96410745643562,4.509769226189196,210.09882459191158,69.11265354644027,14.291854913393642,8.775722244160109,66.79382330150003,156.95289148270822,3.1040168658025307,7.280866110344341,11.16453912416248,16.994649393224982,99.75215766130063,5.649287720012372,190.80836232278577,251.85068090031731,499.65012161698155,0.9796575092182463,21.646430042030605,73.42285508396904,6.990547826754296,411.4415672325533,335.614678678174,68.37042581339855,199.78700097759182,207.22063879010753,75.51356906558371,48.876825751333364,200.6799243086612,59.84922093403856,248.26681439650537,101.09751498506496,68.45609640059754,50.00068485623454,34.24655903682321,Bot
13508.55556339524,153.06239299316627,97.89049104518526,143.3047823264735,43.46244995214472,85.18046645765689,1167.0363127993198,103.18340046658386,1.1750502570237737,3324.705816474059,241.76341390551025,1950.0249422391128,5490.085806840341,131.55735820347584,14445.019312407892,163.48446617963,26.21027392481428,119.67540649738582,4420.0416816063935,50.98694384183934,8655.073236323653,50.58490536516016,5272.719663055553,1328.536938303254,5415.37595528058,60.69033047574036,2436.7577332386013,3040.8322983123785,4161.27674363409,10808.689317894654,97.34977090387153,100.66550163248773,10.692652166878961,8547.562162786984,135.24396160812614,DoS
197.13839149425914,41.69191710175865,129.00798415850366,101.13226355354583,101.03732120719671,72.43648841636723,121.96124426260515,92.39226220284974,885.654777395874,441.87624059359536,48.076204464508685,10.915667350009494,17.652450789964305,68.33697650516518,146.63436882213304,145.74074938932878,108.5480479593641,490.88204013810287,374.8498500684285,472.9790606395625,32.06047690873905,32.44554456608135,267.6578155253556,25.594117511113396,251.23923913514395,16.61324770612026,153.24654133616284,13.6328879401239,64.46028192590083,69.24682409442582,306.1401935837567,22.885987549332988,241.91290775111187,64.05889836474849,168.92773502236287,Bruteforce
3.785175202562212,8.867230329336426,9.22706918556496,8.668668061899332,4.07480097143557,5.871350527991224,3.061290003830451,1.299531756479897,9.021119123991012,9.81156438652486,0.5858608856115088,6.877375338467408,9.492486540723544,6.0791771538917585,0.47095686300618445,0.14913822687912415,5.041023997582642,9.399450082104861,2.788655970253009,3.5032623951457476,7.959940946863041,8.016617030169488,9.436390281376548,8.386718883227589,5.939210600419571,9.387546002316553,6.144180746409694,6.015791671884556,0.15502540725377933,4.5545721099368155,0.4295117775196666,8.987695645180176,0.10470612891250397,3.0700190223114108,9.950666241850902,PortScan
2380.0392402831217,91.3932566576611,3203.593776619795,75.53280573053075,15.034299296691783,273.5278680779639,6647.642247504294,303.43020533498856,59.77124099534245,4474.474912269608,4105.8531463727895,12023.168958203343,12611.150507491875,247.62321531225595,13866.581980354711,85.72359251907861,35.72757331835005,33.24208458619068,8670.998029780216,27.82486377877585,3714.9813134525193,65.56111527652229,13858.154059415596,1636.6885970679436,5538.818317020561,54.744301154285644,4084.869264932027,4092.832668349266,4695.707967839867,3199.3638682501387,115.44757234269281,49.686901389292984,9.235119701718403,8458.22576559456,23.164891640783843,DDoS
12.00933434509622,9.126354324646256,141.73546048226572,31.602169457319995,55.10427156072997,64.36249988179698,8.624371221672723,70.36769260492989,8.062241466921694,28.94529678612145,13.075586635559338,24.717431525395746,54.41938027843071,78.09698126557791,16.976373620009095,4.609679559861527,96.01822812673679,1.545302176082897,3.1681064111575314,44.85173637532871,33.9370245467671,86.48863987272983,0.29408844643554966,20.788358977274783,43.60309754369077,16.08219512160683,3.518187534245603,85.79628458232807,240.47585119189313,47.4477875478504,47.66866046555697,43.98933351486849,25.488806461840657,90.99626021504865,184.0772578150519,Normal
1428.8974929398835,176.30345144948896,43.41343324921849,89.11385249624502,2.7662439007163235,229.6677241367822,21959.965582123852,2427.1419588229132,343.64791978204624,93.42798487173137,7425.166818232244,6620.9442977431745,12444.1048905395,8.974222606361142,163.66486951262524,216.43009756109248,33.970199074585906,326.39915426801804,12285.792541226721,29.22657986925522,6647.0307195193345,17.85691614574723,1083.0614344085245,18285.787377577166,6985.530726612888,251.6396837661894,1966.409309734318,3776.573858425335,5604.478631159906,4707.888886110058,170.4862934874792,49.033855682425745,251.5253470081384,1902.390855812255,50.26842760805054,DDoS
51.326630326312774,58.12488560328324,1.9817310952499068,10.902506004497315,121.72034430560895,17.408708229791305,24.185650515691083,50.08350726408285,63.11971001247885,87.5650681586205,62.23919114962744,48.71204151795984,24.054017806436924,125.23052230372504,15.671090214789624,154.5044654902437,22.68958054871927,87.14300670339848,121.81474580272209,11.981197978708135,5.217893587752774,91.42178433854788,39.105758446557395,43.55648442673121,26.82232094663363,17.47238772483244,11.548042808332719,19.82790445804313,106.0693259996629,25.20124720814218,76.64980306236508,90.83562472750482,6.510498600732044,74.77790447213896,0.22680843215248897,Normal
53.62840994240807,78.03939991664922,32.32814039889876,48.80193800277141,138.15752784633747,8.702980454611806,156.3368635970369,177.46923372880113,46.98695088962442,123.23446649462659,96.71104573366559,71.91742895815774,137.48316570043818,42.20396630306023,182.1722216094744,242.56285302848855,94.99110827125045,20.98804203642394,4.59943223502273,49.58591020936439,6.692260912542472,45.94752224897249,244.25516075809054,141.211958560338,7.795069471548309,22.38438833665331,110.21035993786374,304.78604785237604,130.39292723253232,15.098610222902806,49.66587516269818,156.06412859743267,83.36049299277086,45.32099444240931,598.6829251599913,Bot
11.720213808145905,116.92420791936743,26.1422163966803,110.18931188642797,14.172983392139532,11.656346937545347,44.742975236982716,203.10852526202171,75.92105973677452,21.69192988351209,186.84946187999765,6.6254805773742005,18.518729803950762,13.719543479839597,31.832196070735936,129.24889977866914,1.7668274393282348,18.58414298493337,118.48055999624465,8.588855828814758,64.86851964293531,140.93878834567874,0.34810652404828385,59.52107332174508,4.645275882843987,0.01981392981580372,37.03927027254681,26.28780923853848,33.807622543126016,15.456974404499052,32.33984967778663,117.07721865310855,23.424536845732156,35.6865947553837,16.019756675468784,Normal
43.865142695564934,35.014899784865094,43.531428068492886,323.3874730458675,48.584019975784976,24.220135721298803,15.647290923961382,87.89517825588734,107.36899330720262,48.63541312052844,54.48131262320203,1.2614980680440706,35.9318626835145,224.3269031281001,161.95160286715347,148.11547450322158,86.23825737736199,56.152559296266624,62.47477468416746,85.58183313518256,21.251396922866782,158.6666748114174,10.233519046140607,60.25146081079901,32.35254272359294,155.03983793198955,154.8886404303053,31.095461511276895,25.13151446738896,4.164375915104082,92.4104686812372,13.668966519905196,102.11803982205083,162.1508879884299,151.96817803061438,WebAttack
7.883950089572749,69.1728051584453,11.600614047064097,140.55164286685041,69.60898373737517,25.272630031603104,130.51037011091927,112.93280205314214,286.08955946747454,17.30396030933847,14.654221992817726,16.067220357735845,44.28078222596706,184.09982133818795,318.2010075769426,90.5108073960918,166.93782381497488,416.58146341278285,3.1668136840355827,240.81133853768947,37.757821300899735,1.1019472567574229,49.80872505634246,285.8729711592315,52.021594433291185,70.89890903428108,27.319625087448046,0.36838019221707435,238.94610532903337,85.77204174727966,6.92708726468639,99.65249288653145,27.238268269076627,5.754861233567051,46.62716581463771,Bot
3926.8104902879577,158.13379143951624,12070.430495037983,25.851296900888936,27.766552015771477,956.1341773669492,4312.264117705813,2515.8581166594895,24.98965855599615,6838.60785674482,2378.1456285721924,4270.335263367729,56.822931100927036,17.75175565026723,692.2972954601573,59.88541955143032,95.76545492707461,43.7042001623898,1252.6866573800357,69.14905003706001,13674.700816743172,72.33339678761229,1366.693618770464,1758.226352237233,2593.6094431563392,5.41959410563887,2326.4590822083633,3087.980006076544,15312.350122248416,12496.257299417142,86.14098723765568,56.968949897750875,30.34194390079939,2776.014892459947,9.255196954331378,DDoS
2073.5811133493203,1.2695609310087201,1821.7573691465677,28.95185535046409,7.684549647686822,7.948222855886413,6430.660519749388,2387.408496165741,119.34470136908841,2582.6941302452337,2854.4554565821,4254.201731035005,392.6138332329435,120.79250370731008,464.608021887484,12.243903048934982,11.00088149120779,90.88548556628129,1342.4910825820366,77.9249612921487,3373.033886851325,53.43920753236412,841.9537707023022,156.24827343460237,2666.425574545526,128.13470745750993,1765.208867360384,2025.559416854444,2674.484057347914,2869.3838362320193,25.2531103803097,56.9588736982645,197.37114922991486,876.8995702259342,78.15744550987944,DoS
67.40739174287204,23.32892905304866,88.54113809289356,79.9625483448983,79.89600040332297,340.6286120625417,29.64479972078664,55.04922194081924,173.66638977432342,105.92775573453078,22.96538026768403,140.13953485448522,18.28011599608635,108.69954743944106,193.97163675879253,143.44031456474283,1.3802047834017046,71.15319408329925,16.691545925095998,38.93698805253252,137.9469413304164,19.12630616853327,264.5980829981084,2.6986689807393525,18.90604730869146,5.1339212095575935,68.14679438552746,28.52537879075923,70.23361425159355,208.45709645197635,97.61323878993502,4.7312123178467544,0.5351726362785657,108.63220661274215,10.38972704156741,Bot
8.850629530438724,2.1917279132258596,6.792464912077797,0.8571796558783784,8.609623315819604,4.817993731787002,6.241649839313531,8.513754069509892,5.0602373948259665,5.086585237920649,4.6465612227967314,6.006931236201671,7.173232448075453,8.051682351922134,0.2980348889101514,3.4807726954488594,4.325275239360539,0.9869339572502811,7.516213228836478,5.228757178316474,0.01882782346936618,6.3137194325251835,3.390219969909837,7.268543453136473,1.796951386455432,0.012094969452912663,0.868239201728519,4.404000760409827,7.480097448749862,6.0391403497275356,0.14966600512466677,5.916082923816322,4.821735227380706,7.965450225460828,2.566660944181641,PortScan
9.832578018754596,18.860012835521818,33.38808785864627,57.883975378192865,97.29920300102991,195.37448412189866,36.85257177193253,41.142664810378584,44.631116528477975,189.78744798350678,253.75403111683835,294.4359980976556,67.5287596202168,22.392153259439294,58.76474829939219,56.13596476947279,13.635241456019608,108.32008125530777,113.0235442537256,54.19849063875417,73.73515940735534,38.491868950052144,103.09484965595881,8.907869015823186,78.81253799290923,10.616566724516193,0.7396929786973637,56.6417925072232,208.19335813749555,53.496171220344834,135.05231395143923,27.62122479506036,250.7084908539075,29.762624186283098,148.2653569960543,WebAttack
77.11295948022622,168.30143552594222,241.1925213472104,8.12979592181693,30.595823404328925,94.68894295655609,35.19840828917776,11.913248154369175,44.2117019461983,18.039062498061465,57.715821152270394,80.65043689645768,418.49976294549185,160.77477206887932,226.68272736039006,71.58895803097364,217.34282339907028,151.58620449476828,135.19841917260771,15.783165043302178,6.819453637916357,230.6747086498013,85.5655782694985,9.37675142157266,102.39648183554404,91.90239562017777,8.268188615197673,34.10940537156789,37.325769318224474,31.96507507857641,68.42793178497364,74.49413833833138,55.40930043667945,14.234272236672716,87.16762847385527,WebAttack
2.4034782874077,34.457572747828145,42.63458656547981,22.343354847002068,9.409967920295797,28.492906981057303,35.287306934222116,189.27322861377775,23.429385512087826,37.39647381972637,34.64994579467885,16.050473955935534,78.07998782129967,146.04476902654878,143.00150466563204,0.7481813625826512,48.689107988766615,24.975248451895478,97.76081648228163,26.618302971138334,26.922064091749327,37.55929926548098,52.049642683473785,98.74606683678311,90.99744447907109,103.691948601922,36.82395360148678,6.427804732034827,41.846945457593876,103.47662983354313,81.52780000276965,35.543543661127806,37.92395450063302,52.6111845672645,38.118479599388394,Normal
274.3568791658531,498.4531547354141,96.25532649089544,51.43008298336533,251.2161898498888,64.06339416298388,20.11729855153066,85.95237704460168,271.1544064410041,3.1338024180578348,198.47326826995808,3.46400910523133,208.55331131993458,45.793224881504315,206.0504206430446,27.247021760250583,67.95148886207825,60.68144589619987,200.6040329303233,79.51089898405264,96.82590890217098,63.14155459326541,207.0108404081553,1.6662225628117127,191.97102931638165,64.70380386140782,28.416636083412538,145.51813014731522,61.09078390307926,82.49173932743767,21.485009939340593,69.14068402090791,214.92152472823167,27.70432383373932,35.282902485478196,WebAttack
